
*** Running vivado
    with args -log level0_wrapper.vdi -applog -m64 -product Vivado -messageDb vivado.pb -mode batch -source level0_wrapper.tcl -notrace


****** Vivado v2025.1 (64-bit)
  **** SW Build 6140274 on Wed May 21 22:58:25 MDT 2025
  **** IP Build 6138677 on Thu May 22 03:10:11 MDT 2025
  **** SharedData Build 6139179 on Tue May 20 17:58:58 MDT 2025
  **** Start of session at: Thu Oct  1 03:18:11 2026
    ** Copyright 1986-2022 Xilinx, Inc. All Rights Reserved.
    ** Copyright 2022-2025 Advanced Micro Devices, Inc. All Rights Reserved.

source level0_wrapper.tcl -notrace
INFO: Dispatch client connection id - 41687
source /home/cs2401.03/mini1-gemm/build/hw/_x/link/vivado/vpl/scripts/impl_1/_full_init_pre.tcl
INFO: [IP_Flow 19-234] Refreshing IP repositories
INFO: [IP_Flow 19-1700] Loaded user IP repository '/home/cs2401.03/mini1-gemm/build/hw/_x/link/int/xo/ip_repo/xilinx_com_hls_gemm_1_0'.
INFO: [IP_Flow 19-1700] Loaded user IP repository '/home/cs2401.03/mini1-gemm/build/hw/_x/link/vivado/vpl/.local/hw_platform/iprepo'.
INFO: [IP_Flow 19-1700] Loaded user IP repository '/home/cs2401.03/mini1-gemm/build/hw/_x/link/vivado/vpl/.local/hw_platform/ipcache'.
INFO: [IP_Flow 19-1700] Loaded user IP repository '/home/Xilinx/2025.1/Vitis/data/vitis/ip'.
INFO: [IP_Flow 19-2313] Loaded Vivado IP repository '/home/Xilinx/2025.1/Vivado/data/ip'.
WARNING: [IP_Flow 19-1663] Duplicate IP found for 'xilinx.com:ip:clk_metadata_adapter:1.0'. The one found in IP location '/home/cs2401.03/mini1-gemm/build/hw/_x/link/vivado/vpl/.local/hw_platform/iprepo/ipdefs/other_ipdefs/clk_metadata_adapter_v1_0' will take precedence over the same IP in location /home/cs2401.03/mini1-gemm/build/hw/_x/link/vivado/vpl/.local/hw_platform/iprepo/ipdefs/ii_infra_ipdefs/clk_metadata_adapter_v1_0
WARNING: [IP_Flow 19-1663] Duplicate IP found for 'xilinx.com:ip:axi_clk_metadata_adapter:1.0'. The one found in IP location '/home/cs2401.03/mini1-gemm/build/hw/_x/link/vivado/vpl/.local/hw_platform/iprepo/ipdefs/other_ipdefs/axi_clk_metadata_adapter_v1_0' will take precedence over the same IP in location /home/cs2401.03/mini1-gemm/build/hw/_x/link/vivado/vpl/.local/hw_platform/iprepo/ipdefs/ii_infra_ipdefs/axi_clk_metadata_adapter_v1_0
WARNING: [IP_Flow 19-1663] Duplicate IP found for 'xilinx.com:ip:axis_clk_metadata_adapter:1.0'. The one found in IP location '/home/cs2401.03/mini1-gemm/build/hw/_x/link/vivado/vpl/.local/hw_platform/iprepo/ipdefs/other_ipdefs/axis_clk_metadata_adapter_v1_0' will take precedence over the same IP in location /home/cs2401.03/mini1-gemm/build/hw/_x/link/vivado/vpl/.local/hw_platform/iprepo/ipdefs/ii_infra_ipdefs/axis_clk_metadata_adapter_v1_0
WARNING: [IP_Flow 19-1663] Duplicate IP found for 'xilinx.com:ip:pipeline_reg:1.0'. The one found in IP location '/home/cs2401.03/mini1-gemm/build/hw/_x/link/vivado/vpl/.local/hw_platform/iprepo/ipdefs/other_ipdefs/pipeline_reg_v1_0' will take precedence over the same IP in location /home/cs2401.03/mini1-gemm/build/hw/_x/link/vivado/vpl/.local/hw_platform/iprepo/ipdefs/ii_infra_ipdefs/pipeline_reg_v1_0
Command: link_design -part xcu50-fsvh2104-2-e -reconfig_partitions level0_i/ulp
Design is defaulting to srcset: sources_1
Design is defaulting to constrset: constrs_1
Design is defaulting to dcp top: level0_wrapper
INFO: [Device 21-403] Loading part xcu50-fsvh2104-2-e
INFO: [Project 1-5699] Read binary netlist with skipMacroContent - 1
INFO: [Project 1-454] Reading design checkpoint '/home/cs2401.03/mini1-gemm/build/hw/_x/link/vivado/vpl/prj/prj.runs/my_rm_synth_1/ulp.dcp' for cell 'level0_i/ulp'
INFO: [Constraints 18-13253] Total boundary pins count on instance ulp is 3321
INFO: [Constraints 18-13252] Boundary pins count for instance ulp is greater than 1000, which could increase runtime to stitch this dcp to netlist.
INFO: [Constraints 18-13251] 501 boundary pins have been processed..
INFO: [Constraints 18-13251] 1002 boundary pins have been processed..
INFO: [Constraints 18-13251] 1503 boundary pins have been processed..
INFO: [Constraints 18-13251] 2004 boundary pins have been processed..
INFO: [Constraints 18-13251] 2505 boundary pins have been processed..
INFO: [Constraints 18-13251] 3006 boundary pins have been processed..
INFO: [Project 1-454] Reading design checkpoint '/home/cs2401.03/mini1-gemm/build/hw/_x/link/vivado/vpl/prj/prj.gen/my_rm/bd/ulp/ip/ulp_axi_regslice_0/ulp_axi_regslice_0.dcp' for cell 'level0_i/ulp/axi_regslice'
INFO: [Project 1-454] Reading design checkpoint '/home/cs2401.03/mini1-gemm/build/hw/_x/link/vivado/vpl/prj/prj.gen/my_rm/bd/ulp/ip/ulp_axi_regslice_slr1_0_0/ulp_axi_regslice_slr1_0_0.dcp' for cell 'level0_i/ulp/axi_regslice_slr1_0'
INFO: [Project 1-454] Reading design checkpoint '/home/cs2401.03/mini1-gemm/build/hw/_x/link/vivado/vpl/prj/prj.gen/my_rm/bd/ulp/ip/ulp_axi_regslice_slr1_1_0/ulp_axi_regslice_slr1_1_0.dcp' for cell 'level0_i/ulp/axi_regslice_slr1_1'
INFO: [Project 1-454] Reading design checkpoint '/home/cs2401.03/mini1-gemm/build/hw/_x/link/vivado/vpl/prj/prj.gen/my_rm/bd/ulp/ip/ulp_axi_vip_data_0/ulp_axi_vip_data_0.dcp' for cell 'level0_i/ulp/axi_vip_data'
INFO: [Project 1-454] Reading design checkpoint '/home/cs2401.03/mini1-gemm/build/hw/_x/link/vivado/vpl/prj/prj.gen/my_rm/bd/ulp/ip/ulp_gemm_1_0/ulp_gemm_1_0.dcp' for cell 'level0_i/ulp/gemm_1'
INFO: [Project 1-454] Reading design checkpoint '/home/cs2401.03/mini1-gemm/build/hw/_x/link/vivado/vpl/prj/prj.gen/my_rm/bd/ulp/ip/ulp_hmss_0_0/ulp_hmss_0_0.dcp' for cell 'level0_i/ulp/hmss_0'
INFO: [Project 1-454] Reading design checkpoint '/home/cs2401.03/mini1-gemm/build/hw/_x/link/vivado/vpl/prj/prj.gen/my_rm/bd/ulp/ip/ulp_ii_level0_wire_0/ulp_ii_level0_wire_0.dcp' for cell 'level0_i/ulp/ii_level0_wire'
INFO: [Project 1-454] Reading design checkpoint '/home/cs2401.03/mini1-gemm/build/hw/_x/link/vivado/vpl/prj/prj.gen/my_rm/bd/ulp/ip/ulp_proc_sys_reset_ctrl_slr0_0/ulp_proc_sys_reset_ctrl_slr0_0.dcp' for cell 'level0_i/ulp/proc_sys_reset_ctrl_slr0'
INFO: [Project 1-454] Reading design checkpoint '/home/cs2401.03/mini1-gemm/build/hw/_x/link/vivado/vpl/prj/prj.gen/my_rm/bd/ulp/ip/ulp_proc_sys_reset_ctrl_slr1_0/ulp_proc_sys_reset_ctrl_slr1_0.dcp' for cell 'level0_i/ulp/proc_sys_reset_ctrl_slr1'
INFO: [Project 1-454] Reading design checkpoint '/home/cs2401.03/mini1-gemm/build/hw/_x/link/vivado/vpl/prj/prj.gen/my_rm/bd/ulp/ip/ulp_proc_sys_reset_freerun_slr0_0/ulp_proc_sys_reset_freerun_slr0_0.dcp' for cell 'level0_i/ulp/proc_sys_reset_freerun_slr0'
INFO: [Project 1-454] Reading design checkpoint '/home/cs2401.03/mini1-gemm/build/hw/_x/link/vivado/vpl/prj/prj.gen/my_rm/bd/ulp/ip/ulp_proc_sys_reset_freerun_slr1_0/ulp_proc_sys_reset_freerun_slr1_0.dcp' for cell 'level0_i/ulp/proc_sys_reset_freerun_slr1'
INFO: [Project 1-454] Reading design checkpoint '/home/cs2401.03/mini1-gemm/build/hw/_x/link/vivado/vpl/prj/prj.gen/my_rm/bd/ulp/ip/ulp_proc_sys_reset_kernel2_slr0_0/ulp_proc_sys_reset_kernel2_slr0_0.dcp' for cell 'level0_i/ulp/proc_sys_reset_kernel2_slr0'
INFO: [Project 1-454] Reading design checkpoint '/home/cs2401.03/mini1-gemm/build/hw/_x/link/vivado/vpl/prj/prj.gen/my_rm/bd/ulp/ip/ulp_proc_sys_reset_kernel2_slr1_0/ulp_proc_sys_reset_kernel2_slr1_0.dcp' for cell 'level0_i/ulp/proc_sys_reset_kernel2_slr1'
INFO: [Project 1-454] Reading design checkpoint '/home/cs2401.03/mini1-gemm/build/hw/_x/link/vivado/vpl/prj/prj.gen/my_rm/bd/ulp/ip/ulp_proc_sys_reset_kernel_slr0_0/ulp_proc_sys_reset_kernel_slr0_0.dcp' for cell 'level0_i/ulp/proc_sys_reset_kernel_slr0'
INFO: [Project 1-454] Reading design checkpoint '/home/cs2401.03/mini1-gemm/build/hw/_x/link/vivado/vpl/prj/prj.gen/my_rm/bd/ulp/ip/ulp_proc_sys_reset_kernel_slr1_0/ulp_proc_sys_reset_kernel_slr1_0.dcp' for cell 'level0_i/ulp/proc_sys_reset_kernel_slr1'
INFO: [Project 1-454] Reading design checkpoint '/home/cs2401.03/mini1-gemm/build/hw/_x/link/vivado/vpl/prj/prj.gen/my_rm/bd/ulp/ip/ulp_ulp_cmp_0/ulp_ulp_cmp_0.dcp' for cell 'level0_i/ulp/ulp_cmp'
INFO: [Project 1-454] Reading design checkpoint '/home/cs2401.03/mini1-gemm/build/hw/_x/link/vivado/vpl/prj/prj.gen/my_rm/bd/ulp/ip/ulp_ulp_ucs_0/ulp_ulp_ucs_0.dcp' for cell 'level0_i/ulp/ulp_ucs'
INFO: [Project 1-454] Reading design checkpoint '/home/cs2401.03/mini1-gemm/build/hw/_x/link/vivado/vpl/prj/prj.gen/my_rm/bd/ulp/ip/ulp_axi_gpio_null_0/ulp_axi_gpio_null_0.dcp' for cell 'level0_i/ulp/SLR0/axi_gpio_null'
INFO: [Project 1-454] Reading design checkpoint '/home/cs2401.03/mini1-gemm/build/hw/_x/link/vivado/vpl/prj/prj.gen/my_rm/bd/ulp/ip/ulp_axi_vip_ctrl_userpf_0/ulp_axi_vip_ctrl_userpf_0.dcp' for cell 'level0_i/ulp/SLR0/axi_vip_ctrl_userpf'
INFO: [Project 1-454] Reading design checkpoint '/home/cs2401.03/mini1-gemm/build/hw/_x/link/vivado/vpl/prj/prj.gen/my_rm/bd/ulp/ip/ulp_regslice_control_userpf_0/ulp_regslice_control_userpf_0.dcp' for cell 'level0_i/ulp/SLR0/regslice_control_userpf'
INFO: [Project 1-454] Reading design checkpoint '/home/cs2401.03/mini1-gemm/build/hw/_x/link/vivado/vpl/prj/prj.gen/my_rm/bd/ulp/ip/ulp_interconnect_axilite_user_upgraded_ipi_imp_xbar_0/ulp_interconnect_axilite_user_upgraded_ipi_imp_xbar_0.dcp' for cell 'level0_i/ulp/SLR0/interconnect_axilite_user/xbar'
INFO: [Project 1-454] Reading design checkpoint '/home/cs2401.03/mini1-gemm/build/hw/_x/link/vivado/vpl/prj/prj.gen/my_rm/bd/ulp/ip/ulp_interconnect_axilite_user_imp_auto_cc_0/ulp_interconnect_axilite_user_imp_auto_cc_0.dcp' for cell 'level0_i/ulp/SLR0/interconnect_axilite_user/m00_couplers/auto_cc'
INFO: [Project 1-454] Reading design checkpoint '/home/cs2401.03/mini1-gemm/build/hw/_x/link/vivado/vpl/prj/prj.gen/my_rm/bd/ulp/ip/ulp_interconnect_axilite_user_imp_m00_regslice_0/ulp_interconnect_axilite_user_imp_m00_regslice_0.dcp' for cell 'level0_i/ulp/SLR0/interconnect_axilite_user/m00_couplers/m00_regslice'
INFO: [Project 1-454] Reading design checkpoint '/home/cs2401.03/mini1-gemm/build/hw/_x/link/vivado/vpl/prj/prj.gen/my_rm/bd/ulp/ip/ulp_interconnect_axilite_user_imp_auto_cc_1/ulp_interconnect_axilite_user_imp_auto_cc_1.dcp' for cell 'level0_i/ulp/SLR0/interconnect_axilite_user/m01_couplers/auto_cc'
INFO: [Project 1-454] Reading design checkpoint '/home/cs2401.03/mini1-gemm/build/hw/_x/link/vivado/vpl/prj/prj.gen/my_rm/bd/ulp/ip/ulp_interconnect_axilite_user_imp_m01_regslice_0/ulp_interconnect_axilite_user_imp_m01_regslice_0.dcp' for cell 'level0_i/ulp/SLR0/interconnect_axilite_user/m01_couplers/m01_regslice'
INFO: [Project 1-454] Reading design checkpoint '/home/cs2401.03/mini1-gemm/build/hw/_x/link/vivado/vpl/prj/prj.gen/my_rm/bd/ulp/ip/ulp_interconnect_axilite_user_imp_s00_regslice_0/ulp_interconnect_axilite_user_imp_s00_regslice_0.dcp' for cell 'level0_i/ulp/SLR0/interconnect_axilite_user/s00_couplers/s00_regslice'
INFO: [Project 1-454] Reading design checkpoint '/home/cs2401.03/mini1-gemm/build/hw/_x/link/vivado/vpl/prj/prj.gen/my_rm/bd/ulp/ip/ulp_axi_gpio_null_1/ulp_axi_gpio_null_1.dcp' for cell 'level0_i/ulp/SLR1/axi_gpio_null'
INFO: [Project 1-454] Reading design checkpoint '/home/cs2401.03/mini1-gemm/build/hw/_x/link/vivado/vpl/prj/prj.gen/my_rm/bd/ulp/ip/ulp_axi_vip_ctrl_userpf_1/ulp_axi_vip_ctrl_userpf_1.dcp' for cell 'level0_i/ulp/SLR1/axi_vip_ctrl_userpf'
INFO: [Project 1-454] Reading design checkpoint '/home/cs2401.03/mini1-gemm/build/hw/_x/link/vivado/vpl/prj/prj.gen/my_rm/bd/ulp/ip/ulp_regslice_control_userpf_1/ulp_regslice_control_userpf_1.dcp' for cell 'level0_i/ulp/SLR1/regslice_control_userpf'
INFO: [Project 1-454] Reading design checkpoint '/home/cs2401.03/mini1-gemm/build/hw/_x/link/vivado/vpl/prj/prj.gen/my_rm/bd/ulp/ip/ulp_interconnect_axilite_user_imp_auto_cc_2/ulp_interconnect_axilite_user_imp_auto_cc_2.dcp' for cell 'level0_i/ulp/SLR1/interconnect_axilite_user/s00_couplers/auto_cc'
INFO: [Project 1-454] Reading design checkpoint '/home/cs2401.03/mini1-gemm/build/hw/_x/link/vivado/vpl/prj/prj.gen/my_rm/bd/ulp/ip/ulp_interconnect_axilite_user_imp_s00_regslice_1/ulp_interconnect_axilite_user_imp_s00_regslice_1.dcp' for cell 'level0_i/ulp/SLR1/interconnect_axilite_user/s00_couplers/s00_regslice'
INFO: [Project 1-454] Reading design checkpoint '/home/cs2401.03/mini1-gemm/build/hw/_x/link/vivado/vpl/prj/prj.gen/my_rm/bd/ulp/ip/ulp_axi_ic_ctrl_mgmt_slr1_upgraded_ipi_imp_xbar_0/ulp_axi_ic_ctrl_mgmt_slr1_upgraded_ipi_imp_xbar_0.dcp' for cell 'level0_i/ulp/axi_ic_ctrl_mgmt_slr1/xbar'
INFO: [Project 1-454] Reading design checkpoint '/home/cs2401.03/mini1-gemm/build/hw/_x/link/vivado/vpl/prj/prj.gen/my_rm/bd/ulp/ip/ulp_hmss_0_0/bd_0/ip/ip_14/bd_85ad_axi_apb_bridge_inst_0.dcp' for cell 'level0_i/ulp/hmss_0/inst/axi_apb_bridge_inst'
INFO: [Constraints 18-13253] Total boundary pins count on instance axi_apb_bridge_inst is 215
INFO: [Project 1-454] Reading design checkpoint '/home/cs2401.03/mini1-gemm/build/hw/_x/link/vivado/vpl/prj/prj.gen/my_rm/bd/ulp/ip/ulp_hmss_0_0/bd_0/ip/ip_0/bd_85ad_hbm_inst_0.dcp' for cell 'level0_i/ulp/hmss_0/inst/hbm_inst'
INFO: [Constraints 18-13253] Total boundary pins count on instance hbm_inst is 3039
INFO: [Constraints 18-13252] Boundary pins count for instance hbm_inst is greater than 1000, which could increase runtime to stitch this dcp to netlist.
INFO: [Constraints 18-13251] 501 boundary pins have been processed..
INFO: [Constraints 18-13251] 1002 boundary pins have been processed..
INFO: [Constraints 18-13251] 1503 boundary pins have been processed..
INFO: [Constraints 18-13251] 2004 boundary pins have been processed..
INFO: [Constraints 18-13251] 2505 boundary pins have been processed..
INFO: [Constraints 18-13251] 3006 boundary pins have been processed..
INFO: [Project 1-454] Reading design checkpoint '/home/cs2401.03/mini1-gemm/build/hw/_x/link/vivado/vpl/prj/prj.gen/my_rm/bd/ulp/ip/ulp_hmss_0_0/bd_0/ip/ip_1/bd_85ad_hbm_reset_sync_SLR0_0.dcp' for cell 'level0_i/ulp/hmss_0/inst/hbm_reset_sync_SLR0'
INFO: [Constraints 18-13253] Total boundary pins count on instance hbm_reset_sync_SLR0 is 10
INFO: [Project 1-454] Reading design checkpoint '/home/cs2401.03/mini1-gemm/build/hw/_x/link/vivado/vpl/prj/prj.gen/my_rm/bd/ulp/ip/ulp_hmss_0_0/bd_0/ip/ip_13/bd_85ad_vip_S00_0.dcp' for cell 'level0_i/ulp/hmss_0/inst/vip_S00'
INFO: [Constraints 18-13253] Total boundary pins count on instance vip_S00 is 1330
INFO: [Constraints 18-13252] Boundary pins count for instance vip_S00 is greater than 1000, which could increase runtime to stitch this dcp to netlist.
INFO: [Constraints 18-13251] 501 boundary pins have been processed..
INFO: [Constraints 18-13251] 1002 boundary pins have been processed..
INFO: [Project 1-454] Reading design checkpoint '/home/cs2401.03/mini1-gemm/build/hw/_x/link/vivado/vpl/prj/prj.gen/my_rm/bd/ulp/ip/ulp_hmss_0_0/bd_0/ip/ip_4/bd_85ad_vip_S01_0.dcp' for cell 'level0_i/ulp/hmss_0/inst/vip_S01'
INFO: [Constraints 18-13253] Total boundary pins count on instance vip_S01 is 1330
INFO: [Constraints 18-13252] Boundary pins count for instance vip_S01 is greater than 1000, which could increase runtime to stitch this dcp to netlist.
INFO: [Constraints 18-13251] 501 boundary pins have been processed..
INFO: [Constraints 18-13251] 1002 boundary pins have been processed..
INFO: [Project 1-454] Reading design checkpoint '/home/cs2401.03/mini1-gemm/build/hw/_x/link/vivado/vpl/prj/prj.gen/my_rm/bd/ulp/ip/ulp_hmss_0_0/bd_0/ip/ip_7/bd_85ad_vip_S02_0.dcp' for cell 'level0_i/ulp/hmss_0/inst/vip_S02'
INFO: [Constraints 18-13253] Total boundary pins count on instance vip_S02 is 1330
INFO: [Constraints 18-13252] Boundary pins count for instance vip_S02 is greater than 1000, which could increase runtime to stitch this dcp to netlist.
INFO: [Constraints 18-13251] 501 boundary pins have been processed..
INFO: [Constraints 18-13251] 1002 boundary pins have been processed..
INFO: [Project 1-454] Reading design checkpoint '/home/cs2401.03/mini1-gemm/build/hw/_x/link/vivado/vpl/prj/prj.gen/my_rm/bd/ulp/ip/ulp_hmss_0_0/bd_0/ip/ip_10/bd_85ad_vip_S03_0.dcp' for cell 'level0_i/ulp/hmss_0/inst/vip_S03'
INFO: [Constraints 18-13253] Total boundary pins count on instance vip_S03 is 1330
INFO: [Constraints 18-13252] Boundary pins count for instance vip_S03 is greater than 1000, which could increase runtime to stitch this dcp to netlist.
INFO: [Constraints 18-13251] 501 boundary pins have been processed..
INFO: [Constraints 18-13251] 1002 boundary pins have been processed..
INFO: [Project 1-454] Reading design checkpoint '/home/cs2401.03/mini1-gemm/build/hw/_x/link/vivado/vpl/prj/prj.gen/my_rm/bd/ulp/ip/ulp_hmss_0_0/bd_0/ip/ip_16/bd_85ad_init_reduce_0.dcp' for cell 'level0_i/ulp/hmss_0/inst/init_logic/init_reduce'
INFO: [Constraints 18-13253] Total boundary pins count on instance init_reduce is 2
INFO: [Project 1-454] Reading design checkpoint '/home/cs2401.03/mini1-gemm/build/hw/_x/link/vivado/vpl/prj/prj.gen/my_rm/bd/ulp/ip/ulp_hmss_0_0/bd_0/ip/ip_2/bd_85ad_interconnect1_0_0.dcp' for cell 'level0_i/ulp/hmss_0/inst/path_0/interconnect1_0'
INFO: [Constraints 18-13253] Total boundary pins count on instance interconnect1_0 is 451
INFO: [Project 1-454] Reading design checkpoint '/home/cs2401.03/mini1-gemm/build/hw/_x/link/vivado/vpl/prj/prj.gen/my_rm/bd/ulp/ip/ulp_hmss_0_0/bd_0/ip/ip_3/bd_85ad_slice1_0_0.dcp' for cell 'level0_i/ulp/hmss_0/inst/path_0/slice1_0'
INFO: [Constraints 18-13253] Total boundary pins count on instance slice1_0 is 1342
INFO: [Constraints 18-13252] Boundary pins count for instance slice1_0 is greater than 1000, which could increase runtime to stitch this dcp to netlist.
INFO: [Constraints 18-13251] 501 boundary pins have been processed..
INFO: [Constraints 18-13251] 1002 boundary pins have been processed..
INFO: [Project 1-454] Reading design checkpoint '/home/cs2401.03/mini1-gemm/build/hw/_x/link/vivado/vpl/prj/prj.gen/my_rm/bd/ulp/ip/ulp_hmss_0_0/bd_0/ip/ip_5/bd_85ad_interconnect2_1_0.dcp' for cell 'level0_i/ulp/hmss_0/inst/path_1/interconnect2_1'
INFO: [Constraints 18-13253] Total boundary pins count on instance interconnect2_1 is 451
INFO: [Project 1-454] Reading design checkpoint '/home/cs2401.03/mini1-gemm/build/hw/_x/link/vivado/vpl/prj/prj.gen/my_rm/bd/ulp/ip/ulp_hmss_0_0/bd_0/ip/ip_6/bd_85ad_slice2_1_0.dcp' for cell 'level0_i/ulp/hmss_0/inst/path_1/slice2_1'
INFO: [Constraints 18-13253] Total boundary pins count on instance slice2_1 is 1342
INFO: [Constraints 18-13252] Boundary pins count for instance slice2_1 is greater than 1000, which could increase runtime to stitch this dcp to netlist.
INFO: [Constraints 18-13251] 501 boundary pins have been processed..
INFO: [Constraints 18-13251] 1002 boundary pins have been processed..
INFO: [Project 1-454] Reading design checkpoint '/home/cs2401.03/mini1-gemm/build/hw/_x/link/vivado/vpl/prj/prj.gen/my_rm/bd/ulp/ip/ulp_hmss_0_0/bd_0/ip/ip_8/bd_85ad_interconnect3_2_0.dcp' for cell 'level0_i/ulp/hmss_0/inst/path_2/interconnect3_2'
INFO: [Constraints 18-13253] Total boundary pins count on instance interconnect3_2 is 491
INFO: [Project 1-454] Reading design checkpoint '/home/cs2401.03/mini1-gemm/build/hw/_x/link/vivado/vpl/prj/prj.gen/my_rm/bd/ulp/ip/ulp_hmss_0_0/bd_0/ip/ip_9/bd_85ad_slice3_2_0.dcp' for cell 'level0_i/ulp/hmss_0/inst/path_2/slice3_2'
INFO: [Constraints 18-13253] Total boundary pins count on instance slice3_2 is 1342
INFO: [Constraints 18-13252] Boundary pins count for instance slice3_2 is greater than 1000, which could increase runtime to stitch this dcp to netlist.
INFO: [Constraints 18-13251] 501 boundary pins have been processed..
INFO: [Constraints 18-13251] 1002 boundary pins have been processed..
INFO: [Project 1-454] Reading design checkpoint '/home/cs2401.03/mini1-gemm/build/hw/_x/link/vivado/vpl/prj/prj.gen/my_rm/bd/ulp/ip/ulp_hmss_0_0/bd_0/ip/ip_11/bd_85ad_interconnect0_3_0.dcp' for cell 'level0_i/ulp/hmss_0/inst/path_3/interconnect0_3'
INFO: [Constraints 18-13253] Total boundary pins count on instance interconnect0_3 is 1921
INFO: [Constraints 18-13252] Boundary pins count for instance interconnect0_3 is greater than 1000, which could increase runtime to stitch this dcp to netlist.
INFO: [Constraints 18-13251] 501 boundary pins have been processed..
INFO: [Constraints 18-13251] 1002 boundary pins have been processed..
INFO: [Constraints 18-13251] 1503 boundary pins have been processed..
INFO: [Project 1-454] Reading design checkpoint '/home/cs2401.03/mini1-gemm/build/hw/_x/link/vivado/vpl/prj/prj.gen/my_rm/bd/ulp/ip/ulp_hmss_0_0/bd_0/ip/ip_12/bd_85ad_slice0_3_0.dcp' for cell 'level0_i/ulp/hmss_0/inst/path_3/slice0_3'
INFO: [Constraints 18-13253] Total boundary pins count on instance slice0_3 is 1342
INFO: [Constraints 18-13252] Boundary pins count for instance slice0_3 is greater than 1000, which could increase runtime to stitch this dcp to netlist.
INFO: [Constraints 18-13251] 501 boundary pins have been processed..
INFO: [Constraints 18-13251] 1002 boundary pins have been processed..
INFO: [Project 1-454] Reading design checkpoint '/home/cs2401.03/mini1-gemm/build/hw/_x/link/vivado/vpl/prj/prj.gen/my_rm/bd/ulp/ip/ulp_ulp_cmp_0/bd_0/ip/ip_0/bd_097b_build_info_0.dcp' for cell 'level0_i/ulp/ulp_cmp/inst/build_info'
INFO: [Constraints 18-13253] Total boundary pins count on instance build_info is 94
INFO: [Project 1-454] Reading design checkpoint '/home/cs2401.03/mini1-gemm/build/hw/_x/link/vivado/vpl/prj/prj.gen/my_rm/bd/ulp/ip/ulp_ulp_cmp_0/bd_0/ip/ip_2/bd_097b_user_debug_bridge_0.dcp' for cell 'level0_i/ulp/ulp_cmp/inst/user_debug_bridge'
INFO: [Constraints 18-13253] Total boundary pins count on instance user_debug_bridge is 112
INFO: [Project 1-454] Reading design checkpoint '/home/cs2401.03/mini1-gemm/build/hw/_x/link/vivado/vpl/prj/prj.gen/my_rm/bd/ulp/ip/ulp_ulp_cmp_0/bd_0/ip/ip_3/bd_097b_user_debug_hub_0.dcp' for cell 'level0_i/ulp/ulp_cmp/inst/user_debug_hub'
INFO: [Constraints 18-13253] Total boundary pins count on instance user_debug_hub is 13
INFO: [Project 1-454] Reading design checkpoint '/home/cs2401.03/mini1-gemm/build/hw/_x/link/vivado/vpl/prj/prj.gen/my_rm/bd/ulp/ip/ulp_ulp_ucs_0/bd_0/ip/ip_2/bd_22c0_build_info_0.dcp' for cell 'level0_i/ulp/ulp_ucs/inst/build_info'
INFO: [Constraints 18-13253] Total boundary pins count on instance build_info is 94
INFO: [Project 1-454] Reading design checkpoint '/home/cs2401.03/mini1-gemm/build/hw/_x/link/vivado/vpl/prj/prj.gen/my_rm/bd/ulp/ip/ulp_ulp_ucs_0/bd_0/ip/ip_37/bd_22c0_clk_hbm_adapt_0.dcp' for cell 'level0_i/ulp/ulp_ucs/inst/aclk_hbm_hierarchy/clk_hbm_adapt'
INFO: [Constraints 18-13253] Total boundary pins count on instance clk_hbm_adapt is 2
INFO: [Project 1-454] Reading design checkpoint '/home/cs2401.03/mini1-gemm/build/hw/_x/link/vivado/vpl/prj/prj.gen/my_rm/bd/ulp/ip/ulp_ulp_ucs_0/bd_0/ip/ip_38/bd_22c0_clkwiz_hbm_0.dcp' for cell 'level0_i/ulp/ulp_ucs/inst/aclk_hbm_hierarchy/clkwiz_hbm'
INFO: [Constraints 18-13253] Total boundary pins count on instance clkwiz_hbm is 111
INFO: [Project 1-454] Reading design checkpoint '/home/cs2401.03/mini1-gemm/build/hw/_x/link/vivado/vpl/prj/prj.gen/my_rm/bd/ulp/ip/ulp_ulp_ucs_0/bd_0/ip/ip_39/bd_22c0_fanout_aresetn_hbm_0.dcp' for cell 'level0_i/ulp/ulp_ucs/inst/aclk_hbm_hierarchy/fanout_aresetn_hbm'
INFO: [Constraints 18-13253] Total boundary pins count on instance fanout_aresetn_hbm is 4
INFO: [Project 1-454] Reading design checkpoint '/home/cs2401.03/mini1-gemm/build/hw/_x/link/vivado/vpl/prj/prj.gen/my_rm/bd/ulp/ip/ulp_ulp_ucs_0/bd_0/ip/ip_40/bd_22c0_psreset_hbm_0.dcp' for cell 'level0_i/ulp/ulp_ucs/inst/aclk_hbm_hierarchy/psreset_hbm'
INFO: [Constraints 18-13253] Total boundary pins count on instance psreset_hbm is 10
INFO: [Project 1-454] Reading design checkpoint '/home/cs2401.03/mini1-gemm/build/hw/_x/link/vivado/vpl/prj/prj.gen/my_rm/bd/ulp/ip/ulp_ulp_ucs_0/bd_0/ip/ip_49/bd_22c0_aclk_kernel_00_adapt_0.dcp' for cell 'level0_i/ulp/ulp_ucs/inst/aclk_kernel_00_hierarchy/aclk_kernel_00_adapt'
INFO: [Constraints 18-13253] Total boundary pins count on instance aclk_kernel_00_adapt is 2
INFO: [Project 1-454] Reading design checkpoint '/home/cs2401.03/mini1-gemm/build/hw/_x/link/vivado/vpl/prj/prj.gen/my_rm/bd/ulp/ip/ulp_ulp_ucs_0/bd_0/ip/ip_50/bd_22c0_aclk_kernel_00_cont_adapt_0.dcp' for cell 'level0_i/ulp/ulp_ucs/inst/aclk_kernel_00_hierarchy/aclk_kernel_00_cont_adapt'
INFO: [Constraints 18-13253] Total boundary pins count on instance aclk_kernel_00_cont_adapt is 2
INFO: [Project 1-454] Reading design checkpoint '/home/cs2401.03/mini1-gemm/build/hw/_x/link/vivado/vpl/prj/prj.gen/my_rm/bd/ulp/ip/ulp_ulp_ucs_0/bd_0/ip/ip_51/bd_22c0_clkwiz_aclk_kernel_00_0.dcp' for cell 'level0_i/ulp/ulp_ucs/inst/aclk_kernel_00_hierarchy/clkwiz_aclk_kernel_00'
INFO: [Constraints 18-13253] Total boundary pins count on instance clkwiz_aclk_kernel_00 is 110
INFO: [Project 1-454] Reading design checkpoint '/home/cs2401.03/mini1-gemm/build/hw/_x/link/vivado/vpl/prj/prj.gen/my_rm/bd/ulp/ip/ulp_ulp_ucs_0/bd_0/ip/ip_52/bd_22c0_clock_throttling_aclk_kernel_00_0.dcp' for cell 'level0_i/ulp/ulp_ucs/inst/aclk_kernel_00_hierarchy/clock_throttling_aclk_kernel_00'
INFO: [Constraints 18-13253] Total boundary pins count on instance clock_throttling_aclk_kernel_00 is 17
INFO: [Project 1-454] Reading design checkpoint '/home/cs2401.03/mini1-gemm/build/hw/_x/link/vivado/vpl/prj/prj.gen/my_rm/bd/ulp/ip/ulp_ulp_ucs_0/bd_0/ip/ip_62/bd_22c0_psreset_kernel_00_0.dcp' for cell 'level0_i/ulp/ulp_ucs/inst/aclk_kernel_00_hierarchy/psreset_kernel_00'
INFO: [Constraints 18-13253] Total boundary pins count on instance psreset_kernel_00 is 10
INFO: [Project 1-454] Reading design checkpoint '/home/cs2401.03/mini1-gemm/build/hw/_x/link/vivado/vpl/prj/prj.gen/my_rm/bd/ulp/ip/ulp_ulp_ucs_0/bd_0/ip/ip_53/bd_22c0_fanout_aresetn_kernel_00_slr0_1_0.dcp' for cell 'level0_i/ulp/ulp_ucs/inst/aclk_kernel_00_hierarchy/fanout_aresetn_kernel_00/fanout_aresetn_kernel_00_slr0_1'
INFO: [Constraints 18-13253] Total boundary pins count on instance fanout_aresetn_kernel_00_slr0_1 is 4
INFO: [Project 1-454] Reading design checkpoint '/home/cs2401.03/mini1-gemm/build/hw/_x/link/vivado/vpl/prj/prj.gen/my_rm/bd/ulp/ip/ulp_ulp_ucs_0/bd_0/ip/ip_54/bd_22c0_fanout_aresetn_kernel_00_slr0_2_0.dcp' for cell 'level0_i/ulp/ulp_ucs/inst/aclk_kernel_00_hierarchy/fanout_aresetn_kernel_00/fanout_aresetn_kernel_00_slr0_2'
INFO: [Constraints 18-13253] Total boundary pins count on instance fanout_aresetn_kernel_00_slr0_2 is 4
INFO: [Project 1-454] Reading design checkpoint '/home/cs2401.03/mini1-gemm/build/hw/_x/link/vivado/vpl/prj/prj.gen/my_rm/bd/ulp/ip/ulp_ulp_ucs_0/bd_0/ip/ip_55/bd_22c0_fanout_aresetn_kernel_00_slr0_3_0.dcp' for cell 'level0_i/ulp/ulp_ucs/inst/aclk_kernel_00_hierarchy/fanout_aresetn_kernel_00/fanout_aresetn_kernel_00_slr0_3'
INFO: [Constraints 18-13253] Total boundary pins count on instance fanout_aresetn_kernel_00_slr0_3 is 4
INFO: [Project 1-454] Reading design checkpoint '/home/cs2401.03/mini1-gemm/build/hw/_x/link/vivado/vpl/prj/prj.gen/my_rm/bd/ulp/ip/ulp_ulp_ucs_0/bd_0/ip/ip_56/bd_22c0_fanout_aresetn_kernel_00_slr0_4_0.dcp' for cell 'level0_i/ulp/ulp_ucs/inst/aclk_kernel_00_hierarchy/fanout_aresetn_kernel_00/fanout_aresetn_kernel_00_slr0_4'
INFO: [Constraints 18-13253] Total boundary pins count on instance fanout_aresetn_kernel_00_slr0_4 is 4
INFO: [Project 1-454] Reading design checkpoint '/home/cs2401.03/mini1-gemm/build/hw/_x/link/vivado/vpl/prj/prj.gen/my_rm/bd/ulp/ip/ulp_ulp_ucs_0/bd_0/ip/ip_57/bd_22c0_fanout_aresetn_kernel_00_slr1_1_0.dcp' for cell 'level0_i/ulp/ulp_ucs/inst/aclk_kernel_00_hierarchy/fanout_aresetn_kernel_00/fanout_aresetn_kernel_00_slr1_1'
INFO: [Constraints 18-13253] Total boundary pins count on instance fanout_aresetn_kernel_00_slr1_1 is 4
INFO: [Project 1-454] Reading design checkpoint '/home/cs2401.03/mini1-gemm/build/hw/_x/link/vivado/vpl/prj/prj.gen/my_rm/bd/ulp/ip/ulp_ulp_ucs_0/bd_0/ip/ip_58/bd_22c0_fanout_aresetn_kernel_00_slr1_2_0.dcp' for cell 'level0_i/ulp/ulp_ucs/inst/aclk_kernel_00_hierarchy/fanout_aresetn_kernel_00/fanout_aresetn_kernel_00_slr1_2'
INFO: [Constraints 18-13253] Total boundary pins count on instance fanout_aresetn_kernel_00_slr1_2 is 4
INFO: [Project 1-454] Reading design checkpoint '/home/cs2401.03/mini1-gemm/build/hw/_x/link/vivado/vpl/prj/prj.gen/my_rm/bd/ulp/ip/ulp_ulp_ucs_0/bd_0/ip/ip_59/bd_22c0_fanout_aresetn_kernel_00_slr1_3_0.dcp' for cell 'level0_i/ulp/ulp_ucs/inst/aclk_kernel_00_hierarchy/fanout_aresetn_kernel_00/fanout_aresetn_kernel_00_slr1_3'
INFO: [Constraints 18-13253] Total boundary pins count on instance fanout_aresetn_kernel_00_slr1_3 is 4
INFO: [Project 1-454] Reading design checkpoint '/home/cs2401.03/mini1-gemm/build/hw/_x/link/vivado/vpl/prj/prj.gen/my_rm/bd/ulp/ip/ulp_ulp_ucs_0/bd_0/ip/ip_60/bd_22c0_fanout_aresetn_kernel_00_slr1_4_0.dcp' for cell 'level0_i/ulp/ulp_ucs/inst/aclk_kernel_00_hierarchy/fanout_aresetn_kernel_00/fanout_aresetn_kernel_00_slr1_4'
INFO: [Constraints 18-13253] Total boundary pins count on instance fanout_aresetn_kernel_00_slr1_4 is 4
INFO: [Project 1-454] Reading design checkpoint '/home/cs2401.03/mini1-gemm/build/hw/_x/link/vivado/vpl/prj/prj.gen/my_rm/bd/ulp/ip/ulp_ulp_ucs_0/bd_0/ip/ip_63/bd_22c0_aclk_kernel_01_adapt_0.dcp' for cell 'level0_i/ulp/ulp_ucs/inst/aclk_kernel_01_hierarchy/aclk_kernel_01_adapt'
INFO: [Constraints 18-13253] Total boundary pins count on instance aclk_kernel_01_adapt is 2
INFO: [Project 1-454] Reading design checkpoint '/home/cs2401.03/mini1-gemm/build/hw/_x/link/vivado/vpl/prj/prj.gen/my_rm/bd/ulp/ip/ulp_ulp_ucs_0/bd_0/ip/ip_64/bd_22c0_aclk_kernel_01_cont_adapt_0.dcp' for cell 'level0_i/ulp/ulp_ucs/inst/aclk_kernel_01_hierarchy/aclk_kernel_01_cont_adapt'
INFO: [Constraints 18-13253] Total boundary pins count on instance aclk_kernel_01_cont_adapt is 2
INFO: [Project 1-454] Reading design checkpoint '/home/cs2401.03/mini1-gemm/build/hw/_x/link/vivado/vpl/prj/prj.gen/my_rm/bd/ulp/ip/ulp_ulp_ucs_0/bd_0/ip/ip_65/bd_22c0_clkwiz_aclk_kernel_01_0.dcp' for cell 'level0_i/ulp/ulp_ucs/inst/aclk_kernel_01_hierarchy/clkwiz_aclk_kernel_01'
INFO: [Constraints 18-13253] Total boundary pins count on instance clkwiz_aclk_kernel_01 is 110
INFO: [Project 1-454] Reading design checkpoint '/home/cs2401.03/mini1-gemm/build/hw/_x/link/vivado/vpl/prj/prj.gen/my_rm/bd/ulp/ip/ulp_ulp_ucs_0/bd_0/ip/ip_66/bd_22c0_clock_throttling_aclk_kernel_01_0.dcp' for cell 'level0_i/ulp/ulp_ucs/inst/aclk_kernel_01_hierarchy/clock_throttling_aclk_kernel_01'
INFO: [Constraints 18-13253] Total boundary pins count on instance clock_throttling_aclk_kernel_01 is 17
INFO: [Project 1-454] Reading design checkpoint '/home/cs2401.03/mini1-gemm/build/hw/_x/link/vivado/vpl/prj/prj.gen/my_rm/bd/ulp/ip/ulp_ulp_ucs_0/bd_0/ip/ip_76/bd_22c0_psreset_kernel_01_0.dcp' for cell 'level0_i/ulp/ulp_ucs/inst/aclk_kernel_01_hierarchy/psreset_kernel_01'
INFO: [Constraints 18-13253] Total boundary pins count on instance psreset_kernel_01 is 10
INFO: [Project 1-454] Reading design checkpoint '/home/cs2401.03/mini1-gemm/build/hw/_x/link/vivado/vpl/prj/prj.gen/my_rm/bd/ulp/ip/ulp_ulp_ucs_0/bd_0/ip/ip_67/bd_22c0_fanout_aresetn_kernel_01_slr0_1_0.dcp' for cell 'level0_i/ulp/ulp_ucs/inst/aclk_kernel_01_hierarchy/fanout_aresetn_kernel_01/fanout_aresetn_kernel_01_slr0_1'
INFO: [Constraints 18-13253] Total boundary pins count on instance fanout_aresetn_kernel_01_slr0_1 is 4
INFO: [Project 1-454] Reading design checkpoint '/home/cs2401.03/mini1-gemm/build/hw/_x/link/vivado/vpl/prj/prj.gen/my_rm/bd/ulp/ip/ulp_ulp_ucs_0/bd_0/ip/ip_68/bd_22c0_fanout_aresetn_kernel_01_slr0_2_0.dcp' for cell 'level0_i/ulp/ulp_ucs/inst/aclk_kernel_01_hierarchy/fanout_aresetn_kernel_01/fanout_aresetn_kernel_01_slr0_2'
INFO: [Constraints 18-13253] Total boundary pins count on instance fanout_aresetn_kernel_01_slr0_2 is 4
INFO: [Project 1-454] Reading design checkpoint '/home/cs2401.03/mini1-gemm/build/hw/_x/link/vivado/vpl/prj/prj.gen/my_rm/bd/ulp/ip/ulp_ulp_ucs_0/bd_0/ip/ip_69/bd_22c0_fanout_aresetn_kernel_01_slr0_3_0.dcp' for cell 'level0_i/ulp/ulp_ucs/inst/aclk_kernel_01_hierarchy/fanout_aresetn_kernel_01/fanout_aresetn_kernel_01_slr0_3'
INFO: [Constraints 18-13253] Total boundary pins count on instance fanout_aresetn_kernel_01_slr0_3 is 4
INFO: [Project 1-454] Reading design checkpoint '/home/cs2401.03/mini1-gemm/build/hw/_x/link/vivado/vpl/prj/prj.gen/my_rm/bd/ulp/ip/ulp_ulp_ucs_0/bd_0/ip/ip_70/bd_22c0_fanout_aresetn_kernel_01_slr0_4_0.dcp' for cell 'level0_i/ulp/ulp_ucs/inst/aclk_kernel_01_hierarchy/fanout_aresetn_kernel_01/fanout_aresetn_kernel_01_slr0_4'
INFO: [Constraints 18-13253] Total boundary pins count on instance fanout_aresetn_kernel_01_slr0_4 is 4
INFO: [Project 1-454] Reading design checkpoint '/home/cs2401.03/mini1-gemm/build/hw/_x/link/vivado/vpl/prj/prj.gen/my_rm/bd/ulp/ip/ulp_ulp_ucs_0/bd_0/ip/ip_71/bd_22c0_fanout_aresetn_kernel_01_slr1_1_0.dcp' for cell 'level0_i/ulp/ulp_ucs/inst/aclk_kernel_01_hierarchy/fanout_aresetn_kernel_01/fanout_aresetn_kernel_01_slr1_1'
INFO: [Constraints 18-13253] Total boundary pins count on instance fanout_aresetn_kernel_01_slr1_1 is 4
INFO: [Project 1-454] Reading design checkpoint '/home/cs2401.03/mini1-gemm/build/hw/_x/link/vivado/vpl/prj/prj.gen/my_rm/bd/ulp/ip/ulp_ulp_ucs_0/bd_0/ip/ip_72/bd_22c0_fanout_aresetn_kernel_01_slr1_2_0.dcp' for cell 'level0_i/ulp/ulp_ucs/inst/aclk_kernel_01_hierarchy/fanout_aresetn_kernel_01/fanout_aresetn_kernel_01_slr1_2'
INFO: [Constraints 18-13253] Total boundary pins count on instance fanout_aresetn_kernel_01_slr1_2 is 4
INFO: [Project 1-454] Reading design checkpoint '/home/cs2401.03/mini1-gemm/build/hw/_x/link/vivado/vpl/prj/prj.gen/my_rm/bd/ulp/ip/ulp_ulp_ucs_0/bd_0/ip/ip_73/bd_22c0_fanout_aresetn_kernel_01_slr1_3_0.dcp' for cell 'level0_i/ulp/ulp_ucs/inst/aclk_kernel_01_hierarchy/fanout_aresetn_kernel_01/fanout_aresetn_kernel_01_slr1_3'
INFO: [Constraints 18-13253] Total boundary pins count on instance fanout_aresetn_kernel_01_slr1_3 is 4
INFO: [Project 1-454] Reading design checkpoint '/home/cs2401.03/mini1-gemm/build/hw/_x/link/vivado/vpl/prj/prj.gen/my_rm/bd/ulp/ip/ulp_ulp_ucs_0/bd_0/ip/ip_74/bd_22c0_fanout_aresetn_kernel_01_slr1_4_0.dcp' for cell 'level0_i/ulp/ulp_ucs/inst/aclk_kernel_01_hierarchy/fanout_aresetn_kernel_01/fanout_aresetn_kernel_01_slr1_4'
INFO: [Constraints 18-13253] Total boundary pins count on instance fanout_aresetn_kernel_01_slr1_4 is 4
INFO: [Project 1-454] Reading design checkpoint '/home/cs2401.03/mini1-gemm/build/hw/_x/link/vivado/vpl/prj/prj.gen/my_rm/bd/ulp/ip/ulp_ulp_ucs_0/bd_0/ip/ip_1/bd_22c0_axi_ic_ctrl_mgmt_top_imp_xbar_0.dcp' for cell 'level0_i/ulp/ulp_ucs/inst/axi_ic_ctrl_mgmt_top/xbar'
INFO: [Constraints 18-13253] Total boundary pins count on instance xbar is 1106
INFO: [Constraints 18-13252] Boundary pins count for instance xbar is greater than 1000, which could increase runtime to stitch this dcp to netlist.
INFO: [Constraints 18-13251] 501 boundary pins have been processed..
INFO: [Constraints 18-13251] 1002 boundary pins have been processed..
INFO: [Project 1-454] Reading design checkpoint '/home/cs2401.03/mini1-gemm/build/hw/_x/link/vivado/vpl/prj/prj.gen/my_rm/bd/ulp/ip/ulp_ulp_ucs_0/bd_0/ip/ip_28/bd_22c0_fanout_aresetn_ctrl_slr0_1_0.dcp' for cell 'level0_i/ulp/ulp_ucs/inst/fanout_aresetn_ctrl/fanout_aresetn_ctrl_slr0_1'
INFO: [Constraints 18-13253] Total boundary pins count on instance fanout_aresetn_ctrl_slr0_1 is 4
INFO: [Project 1-454] Reading design checkpoint '/home/cs2401.03/mini1-gemm/build/hw/_x/link/vivado/vpl/prj/prj.gen/my_rm/bd/ulp/ip/ulp_ulp_ucs_0/bd_0/ip/ip_29/bd_22c0_fanout_aresetn_ctrl_slr0_2_0.dcp' for cell 'level0_i/ulp/ulp_ucs/inst/fanout_aresetn_ctrl/fanout_aresetn_ctrl_slr0_2'
INFO: [Constraints 18-13253] Total boundary pins count on instance fanout_aresetn_ctrl_slr0_2 is 4
INFO: [Project 1-454] Reading design checkpoint '/home/cs2401.03/mini1-gemm/build/hw/_x/link/vivado/vpl/prj/prj.gen/my_rm/bd/ulp/ip/ulp_ulp_ucs_0/bd_0/ip/ip_30/bd_22c0_fanout_aresetn_ctrl_slr0_3_0.dcp' for cell 'level0_i/ulp/ulp_ucs/inst/fanout_aresetn_ctrl/fanout_aresetn_ctrl_slr0_3'
INFO: [Constraints 18-13253] Total boundary pins count on instance fanout_aresetn_ctrl_slr0_3 is 4
INFO: [Project 1-454] Reading design checkpoint '/home/cs2401.03/mini1-gemm/build/hw/_x/link/vivado/vpl/prj/prj.gen/my_rm/bd/ulp/ip/ulp_ulp_ucs_0/bd_0/ip/ip_31/bd_22c0_fanout_aresetn_ctrl_slr0_4_0.dcp' for cell 'level0_i/ulp/ulp_ucs/inst/fanout_aresetn_ctrl/fanout_aresetn_ctrl_slr0_4'
INFO: [Constraints 18-13253] Total boundary pins count on instance fanout_aresetn_ctrl_slr0_4 is 4
INFO: [Project 1-454] Reading design checkpoint '/home/cs2401.03/mini1-gemm/build/hw/_x/link/vivado/vpl/prj/prj.gen/my_rm/bd/ulp/ip/ulp_ulp_ucs_0/bd_0/ip/ip_32/bd_22c0_fanout_aresetn_ctrl_slr1_1_0.dcp' for cell 'level0_i/ulp/ulp_ucs/inst/fanout_aresetn_ctrl/fanout_aresetn_ctrl_slr1_1'
INFO: [Constraints 18-13253] Total boundary pins count on instance fanout_aresetn_ctrl_slr1_1 is 4
INFO: [Project 1-454] Reading design checkpoint '/home/cs2401.03/mini1-gemm/build/hw/_x/link/vivado/vpl/prj/prj.gen/my_rm/bd/ulp/ip/ulp_ulp_ucs_0/bd_0/ip/ip_33/bd_22c0_fanout_aresetn_ctrl_slr1_2_0.dcp' for cell 'level0_i/ulp/ulp_ucs/inst/fanout_aresetn_ctrl/fanout_aresetn_ctrl_slr1_2'
INFO: [Constraints 18-13253] Total boundary pins count on instance fanout_aresetn_ctrl_slr1_2 is 4
INFO: [Project 1-454] Reading design checkpoint '/home/cs2401.03/mini1-gemm/build/hw/_x/link/vivado/vpl/prj/prj.gen/my_rm/bd/ulp/ip/ulp_ulp_ucs_0/bd_0/ip/ip_34/bd_22c0_fanout_aresetn_ctrl_slr1_3_0.dcp' for cell 'level0_i/ulp/ulp_ucs/inst/fanout_aresetn_ctrl/fanout_aresetn_ctrl_slr1_3'
INFO: [Constraints 18-13253] Total boundary pins count on instance fanout_aresetn_ctrl_slr1_3 is 4
INFO: [Project 1-454] Reading design checkpoint '/home/cs2401.03/mini1-gemm/build/hw/_x/link/vivado/vpl/prj/prj.gen/my_rm/bd/ulp/ip/ulp_ulp_ucs_0/bd_0/ip/ip_35/bd_22c0_fanout_aresetn_ctrl_slr1_4_0.dcp' for cell 'level0_i/ulp/ulp_ucs/inst/fanout_aresetn_ctrl/fanout_aresetn_ctrl_slr1_4'
INFO: [Constraints 18-13253] Total boundary pins count on instance fanout_aresetn_ctrl_slr1_4 is 4
INFO: [Project 1-454] Reading design checkpoint '/home/cs2401.03/mini1-gemm/build/hw/_x/link/vivado/vpl/prj/prj.gen/my_rm/bd/ulp/ip/ulp_ulp_ucs_0/bd_0/ip/ip_19/bd_22c0_fanout_aresetn_pcie_slr0_1_0.dcp' for cell 'level0_i/ulp/ulp_ucs/inst/fanout_aresetn_pcie/fanout_aresetn_pcie_slr0_1'
INFO: [Constraints 18-13253] Total boundary pins count on instance fanout_aresetn_pcie_slr0_1 is 4
INFO: [Project 1-454] Reading design checkpoint '/home/cs2401.03/mini1-gemm/build/hw/_x/link/vivado/vpl/prj/prj.gen/my_rm/bd/ulp/ip/ulp_ulp_ucs_0/bd_0/ip/ip_20/bd_22c0_fanout_aresetn_pcie_slr0_2_0.dcp' for cell 'level0_i/ulp/ulp_ucs/inst/fanout_aresetn_pcie/fanout_aresetn_pcie_slr0_2'
INFO: [Constraints 18-13253] Total boundary pins count on instance fanout_aresetn_pcie_slr0_2 is 4
INFO: [Project 1-454] Reading design checkpoint '/home/cs2401.03/mini1-gemm/build/hw/_x/link/vivado/vpl/prj/prj.gen/my_rm/bd/ulp/ip/ulp_ulp_ucs_0/bd_0/ip/ip_21/bd_22c0_fanout_aresetn_pcie_slr0_3_0.dcp' for cell 'level0_i/ulp/ulp_ucs/inst/fanout_aresetn_pcie/fanout_aresetn_pcie_slr0_3'
INFO: [Constraints 18-13253] Total boundary pins count on instance fanout_aresetn_pcie_slr0_3 is 4
INFO: [Project 1-454] Reading design checkpoint '/home/cs2401.03/mini1-gemm/build/hw/_x/link/vivado/vpl/prj/prj.gen/my_rm/bd/ulp/ip/ulp_ulp_ucs_0/bd_0/ip/ip_22/bd_22c0_fanout_aresetn_pcie_slr0_4_0.dcp' for cell 'level0_i/ulp/ulp_ucs/inst/fanout_aresetn_pcie/fanout_aresetn_pcie_slr0_4'
INFO: [Constraints 18-13253] Total boundary pins count on instance fanout_aresetn_pcie_slr0_4 is 4
INFO: [Project 1-454] Reading design checkpoint '/home/cs2401.03/mini1-gemm/build/hw/_x/link/vivado/vpl/prj/prj.gen/my_rm/bd/ulp/ip/ulp_ulp_ucs_0/bd_0/ip/ip_23/bd_22c0_fanout_aresetn_pcie_slr1_1_0.dcp' for cell 'level0_i/ulp/ulp_ucs/inst/fanout_aresetn_pcie/fanout_aresetn_pcie_slr1_1'
INFO: [Constraints 18-13253] Total boundary pins count on instance fanout_aresetn_pcie_slr1_1 is 4
INFO: [Project 1-454] Reading design checkpoint '/home/cs2401.03/mini1-gemm/build/hw/_x/link/vivado/vpl/prj/prj.gen/my_rm/bd/ulp/ip/ulp_ulp_ucs_0/bd_0/ip/ip_24/bd_22c0_fanout_aresetn_pcie_slr1_2_0.dcp' for cell 'level0_i/ulp/ulp_ucs/inst/fanout_aresetn_pcie/fanout_aresetn_pcie_slr1_2'
INFO: [Constraints 18-13253] Total boundary pins count on instance fanout_aresetn_pcie_slr1_2 is 4
INFO: [Project 1-454] Reading design checkpoint '/home/cs2401.03/mini1-gemm/build/hw/_x/link/vivado/vpl/prj/prj.gen/my_rm/bd/ulp/ip/ulp_ulp_ucs_0/bd_0/ip/ip_25/bd_22c0_fanout_aresetn_pcie_slr1_3_0.dcp' for cell 'level0_i/ulp/ulp_ucs/inst/fanout_aresetn_pcie/fanout_aresetn_pcie_slr1_3'
INFO: [Constraints 18-13253] Total boundary pins count on instance fanout_aresetn_pcie_slr1_3 is 4
INFO: [Project 1-454] Reading design checkpoint '/home/cs2401.03/mini1-gemm/build/hw/_x/link/vivado/vpl/prj/prj.gen/my_rm/bd/ulp/ip/ulp_ulp_ucs_0/bd_0/ip/ip_26/bd_22c0_fanout_aresetn_pcie_slr1_4_0.dcp' for cell 'level0_i/ulp/ulp_ucs/inst/fanout_aresetn_pcie/fanout_aresetn_pcie_slr1_4'
INFO: [Common 17-14] Message 'Project 1-454' appears 100 times and further instances of the messages will be disabled.
INFO: [Constraints 18-13253] Total boundary pins count on instance fanout_aresetn_pcie_slr1_4 is 4
INFO: [Constraints 18-13253] Total boundary pins count on instance frequency_counter_aclk is 150
INFO: [Constraints 18-13253] Total boundary pins count on instance frequency_counter_aclk_hbm is 150
INFO: [Constraints 18-13253] Total boundary pins count on instance frequency_counter_aclk_kernel_00 is 150
INFO: [Constraints 18-13253] Total boundary pins count on instance frequency_counter_aclk_kernel_01 is 150
INFO: [Constraints 18-13253] Total boundary pins count on instance psreset_aclk_freerun is 10
INFO: [Constraints 18-13253] Total boundary pins count on instance xbar is 692
INFO: [Constraints 18-13251] 501 boundary pins have been processed..
INFO: [Constraints 18-13253] Total boundary pins count on instance auto_cc is 280
INFO: [Constraints 18-13253] Total boundary pins count on instance clock_throttling_avg is 25
INFO: [Constraints 18-13253] Total boundary pins count on instance gapping_demand_toggle_RnM is 3
INFO: [Constraints 18-13253] Total boundary pins count on instance gapping_demand_update is 3
INFO: [Constraints 18-13253] Total boundary pins count on instance gpio_gapping_demand is 166
INFO: [Constraints 18-13253] Total boundary pins count on instance clock_shutdown_latch is 23
INFO: [Constraints 18-13253] Total boundary pins count on instance gpio_ucs_control_status is 166
INFO: [Constraints 18-13253] Total boundary pins count on instance axi_jtag is 104
INFO: [Constraints 18-13253] Total boundary pins count on instance bs_switch_1 is 24
INFO: [Constraints 18-13253] Total boundary pins count on instance bsip is 15
INFO: [Constraints 18-13253] Total boundary pins count on instance lut_buffer is 24
INFO: [Constraints 18-13253] Total boundary pins count on instance xsdbm is 13
Netlist sorting complete. Time (s): cpu = 00:00:03 ; elapsed = 00:00:03 . Memory (MB): peak = 4075.965 ; gain = 0.000 ; free physical = 164737 ; free virtual = 468078
INFO: [Netlist 29-17] Analyzing 5656 Unisim elements for replacement
INFO: [Netlist 29-28] Unisim Transformation completed in 1 CPU seconds
INFO: [Project 1-479] Netlist was created with Vivado 2025.1
INFO: [Project 1-570] Preparing netlist for logic optimization
WARNING: [Constraints 18-550] Could not create 'IBUF_LOW_PWR' constraint because net 'level0_i/blp/blp_i/freerun_clk/freerun_clk_ibufds/IBUF_OUT[0]' is not directly connected to top level port. 'IBUF_LOW_PWR' is ignored for synthesis but preserved for implementation.
Parsing XDC File [/home/cs2401.03/mini1-gemm/build/hw/_x/link/vivado/vpl/.local/hw_platform/tcl_hooks/impl.xdc]
INFO: [Constraints 18-4422] SNAPPING_MODE is set so implementation will use the DERIVED_RANGES which may be different then the GRID_RANGES. [/home/cs2401.03/mini1-gemm/build/hw/_x/link/vivado/vpl/.local/hw_platform/tcl_hooks/impl.xdc:15]
INFO: [Constraints 18-4421] A LAGUNA range, without usable sites, was added to DERIVED_RANGES for purposes of keeping the Programmable Unit together within the reconfigurable pblock. [/home/cs2401.03/mini1-gemm/build/hw/_x/link/vivado/vpl/.local/hw_platform/tcl_hooks/impl.xdc:27]
WARNING: [Vivado 12-180] No cells matched 'level0_i/ulp/memory_subsystem/inst/memory/plram_mem00'. [/home/cs2401.03/mini1-gemm/build/hw/_x/link/vivado/vpl/.local/hw_platform/tcl_hooks/impl.xdc:32]
WARNING: [Vivado 12-180] No cells matched 'level0_i/ulp/memory_subsystem/inst/memory/plram_mem01'. [/home/cs2401.03/mini1-gemm/build/hw/_x/link/vivado/vpl/.local/hw_platform/tcl_hooks/impl.xdc:33]
WARNING: [Vivado 12-180] No cells matched 'level0_i/ulp/memory_subsystem/inst/memory/plram_mem00_bram'. [/home/cs2401.03/mini1-gemm/build/hw/_x/link/vivado/vpl/.local/hw_platform/tcl_hooks/impl.xdc:34]
WARNING: [Vivado 12-180] No cells matched 'level0_i/ulp/memory_subsystem/inst/memory/plram_mem01_bram'. [/home/cs2401.03/mini1-gemm/build/hw/_x/link/vivado/vpl/.local/hw_platform/tcl_hooks/impl.xdc:35]
WARNING: [Vivado 12-180] No cells matched 'level0_i/ulp/memory_subsystem/inst/memory/plram_mem02'. [/home/cs2401.03/mini1-gemm/build/hw/_x/link/vivado/vpl/.local/hw_platform/tcl_hooks/impl.xdc:38]
WARNING: [Vivado 12-180] No cells matched 'level0_i/ulp/memory_subsystem/inst/memory/plram_mem03'. [/home/cs2401.03/mini1-gemm/build/hw/_x/link/vivado/vpl/.local/hw_platform/tcl_hooks/impl.xdc:39]
WARNING: [Vivado 12-180] No cells matched 'level0_i/ulp/memory_subsystem/inst/memory/plram_mem02_bram'. [/home/cs2401.03/mini1-gemm/build/hw/_x/link/vivado/vpl/.local/hw_platform/tcl_hooks/impl.xdc:40]
WARNING: [Vivado 12-180] No cells matched 'level0_i/ulp/memory_subsystem/inst/memory/plram_mem03_bram'. [/home/cs2401.03/mini1-gemm/build/hw/_x/link/vivado/vpl/.local/hw_platform/tcl_hooks/impl.xdc:41]
WARNING: [Vivado 12-25895] EXCLUDE_PLACEMENT is mutually exclusive with IS_SOFT, IS_SOFT property for pblock pblock_dynamic_SLR1 has been changed to false in order to set EXCLUDE_PLACEMENT to true. [/home/cs2401.03/mini1-gemm/build/hw/_x/link/vivado/vpl/.local/hw_platform/tcl_hooks/impl.xdc:56]
Finished Parsing XDC File [/home/cs2401.03/mini1-gemm/build/hw/_x/link/vivado/vpl/.local/hw_platform/tcl_hooks/impl.xdc]
Parsing XDC File [/home/cs2401.03/mini1-gemm/build/hw/_x/link/vivado/vpl/prj/prj.gen/my_rm/bd/ulp/ip/ulp_axi_gpio_null_0/ulp_axi_gpio_null_0_board.xdc] for cell 'level0_i/ulp/SLR0/axi_gpio_null/U0'
Finished Parsing XDC File [/home/cs2401.03/mini1-gemm/build/hw/_x/link/vivado/vpl/prj/prj.gen/my_rm/bd/ulp/ip/ulp_axi_gpio_null_0/ulp_axi_gpio_null_0_board.xdc] for cell 'level0_i/ulp/SLR0/axi_gpio_null/U0'
Parsing XDC File [/home/cs2401.03/mini1-gemm/build/hw/_x/link/vivado/vpl/prj/prj.gen/my_rm/bd/ulp/ip/ulp_axi_gpio_null_1/ulp_axi_gpio_null_1_board.xdc] for cell 'level0_i/ulp/SLR1/axi_gpio_null/U0'
Finished Parsing XDC File [/home/cs2401.03/mini1-gemm/build/hw/_x/link/vivado/vpl/prj/prj.gen/my_rm/bd/ulp/ip/ulp_axi_gpio_null_1/ulp_axi_gpio_null_1_board.xdc] for cell 'level0_i/ulp/SLR1/axi_gpio_null/U0'
Parsing XDC File [/home/cs2401.03/mini1-gemm/build/hw/_x/link/vivado/vpl/prj/prj.gen/my_rm/bd/ulp/ip/ulp_hmss_0_0/bd_0/ip/ip_0/hdl/par/hbm_ip.xdc] for cell 'level0_i/ulp/hmss_0/inst/hbm_inst/inst'
Finished Parsing XDC File [/home/cs2401.03/mini1-gemm/build/hw/_x/link/vivado/vpl/prj/prj.gen/my_rm/bd/ulp/ip/ulp_hmss_0_0/bd_0/ip/ip_0/hdl/par/hbm_ip.xdc] for cell 'level0_i/ulp/hmss_0/inst/hbm_inst/inst'
Parsing XDC File [/home/cs2401.03/mini1-gemm/build/hw/_x/link/vivado/vpl/prj/prj.gen/my_rm/bd/ulp/ip/ulp_hmss_0_0/bd_0/ip/ip_1/bd_85ad_hbm_reset_sync_SLR0_0_board.xdc] for cell 'level0_i/ulp/hmss_0/inst/hbm_reset_sync_SLR0/U0'
Finished Parsing XDC File [/home/cs2401.03/mini1-gemm/build/hw/_x/link/vivado/vpl/prj/prj.gen/my_rm/bd/ulp/ip/ulp_hmss_0_0/bd_0/ip/ip_1/bd_85ad_hbm_reset_sync_SLR0_0_board.xdc] for cell 'level0_i/ulp/hmss_0/inst/hbm_reset_sync_SLR0/U0'
Parsing XDC File [/home/cs2401.03/mini1-gemm/build/hw/_x/link/vivado/vpl/prj/prj.gen/my_rm/bd/ulp/ip/ulp_hmss_0_0/bd_1/ip/ip_1/bd_baa4_psr0_0_board.xdc] for cell 'level0_i/ulp/hmss_0/inst/path_0/interconnect1_0/inst/clk_map/psr0/U0'
Finished Parsing XDC File [/home/cs2401.03/mini1-gemm/build/hw/_x/link/vivado/vpl/prj/prj.gen/my_rm/bd/ulp/ip/ulp_hmss_0_0/bd_1/ip/ip_1/bd_baa4_psr0_0_board.xdc] for cell 'level0_i/ulp/hmss_0/inst/path_0/interconnect1_0/inst/clk_map/psr0/U0'
Parsing XDC File [/home/cs2401.03/mini1-gemm/build/hw/_x/link/vivado/vpl/prj/prj.gen/my_rm/bd/ulp/ip/ulp_hmss_0_0/bd_1/ip/ip_2/bd_baa4_psr_aclk_0_board.xdc] for cell 'level0_i/ulp/hmss_0/inst/path_0/interconnect1_0/inst/clk_map/psr_aclk/U0'
Finished Parsing XDC File [/home/cs2401.03/mini1-gemm/build/hw/_x/link/vivado/vpl/prj/prj.gen/my_rm/bd/ulp/ip/ulp_hmss_0_0/bd_1/ip/ip_2/bd_baa4_psr_aclk_0_board.xdc] for cell 'level0_i/ulp/hmss_0/inst/path_0/interconnect1_0/inst/clk_map/psr_aclk/U0'
Parsing XDC File [/home/cs2401.03/mini1-gemm/build/hw/_x/link/vivado/vpl/prj/prj.gen/my_rm/bd/ulp/ip/ulp_hmss_0_0/bd_1/ip/ip_3/bd_baa4_psr_aclk1_0_board.xdc] for cell 'level0_i/ulp/hmss_0/inst/path_0/interconnect1_0/inst/clk_map/psr_aclk1/U0'
Finished Parsing XDC File [/home/cs2401.03/mini1-gemm/build/hw/_x/link/vivado/vpl/prj/prj.gen/my_rm/bd/ulp/ip/ulp_hmss_0_0/bd_1/ip/ip_3/bd_baa4_psr_aclk1_0_board.xdc] for cell 'level0_i/ulp/hmss_0/inst/path_0/interconnect1_0/inst/clk_map/psr_aclk1/U0'
Parsing XDC File [/home/cs2401.03/mini1-gemm/build/hw/_x/link/vivado/vpl/prj/prj.gen/my_rm/bd/ulp/ip/ulp_hmss_0_0/bd_0/ip/ip_2/smartconnect.xdc] for cell 'level0_i/ulp/hmss_0/inst/path_0/interconnect1_0/inst'
WARNING: [Vivado_Tcl 4-919] Waiver ID 'CDC-1' -from list should not be empty. [/home/cs2401.03/mini1-gemm/build/hw/_x/link/vivado/vpl/prj/prj.gen/my_rm/bd/ulp/ip/ulp_hmss_0_0/bd_0/ip/ip_2/smartconnect.xdc:3]
WARNING: [Vivado_Tcl 4-921] Waiver ID 'CDC-1' -to list should not be empty. [/home/cs2401.03/mini1-gemm/build/hw/_x/link/vivado/vpl/prj/prj.gen/my_rm/bd/ulp/ip/ulp_hmss_0_0/bd_0/ip/ip_2/smartconnect.xdc:4]
WARNING: [Vivado_Tcl 4-921] Waiver ID 'CDC-1' -to list should not be empty. [/home/cs2401.03/mini1-gemm/build/hw/_x/link/vivado/vpl/prj/prj.gen/my_rm/bd/ulp/ip/ulp_hmss_0_0/bd_0/ip/ip_2/smartconnect.xdc:5]
WARNING: [Vivado_Tcl 4-921] Waiver ID 'CDC-1' -to list should not be empty. [/home/cs2401.03/mini1-gemm/build/hw/_x/link/vivado/vpl/prj/prj.gen/my_rm/bd/ulp/ip/ulp_hmss_0_0/bd_0/ip/ip_2/smartconnect.xdc:6]
WARNING: [Vivado_Tcl 4-921] Waiver ID 'CDC-1' -to list should not be empty. [/home/cs2401.03/mini1-gemm/build/hw/_x/link/vivado/vpl/prj/prj.gen/my_rm/bd/ulp/ip/ulp_hmss_0_0/bd_0/ip/ip_2/smartconnect.xdc:7]
WARNING: [Vivado_Tcl 4-921] Waiver ID 'CDC-1' -to list should not be empty. [/home/cs2401.03/mini1-gemm/build/hw/_x/link/vivado/vpl/prj/prj.gen/my_rm/bd/ulp/ip/ulp_hmss_0_0/bd_0/ip/ip_2/smartconnect.xdc:8]
WARNING: [Vivado_Tcl 4-921] Waiver ID 'CDC-1' -to list should not be empty. [/home/cs2401.03/mini1-gemm/build/hw/_x/link/vivado/vpl/prj/prj.gen/my_rm/bd/ulp/ip/ulp_hmss_0_0/bd_0/ip/ip_2/smartconnect.xdc:9]
WARNING: [Vivado_Tcl 4-921] Waiver ID 'CDC-1' -to list should not be empty. [/home/cs2401.03/mini1-gemm/build/hw/_x/link/vivado/vpl/prj/prj.gen/my_rm/bd/ulp/ip/ulp_hmss_0_0/bd_0/ip/ip_2/smartconnect.xdc:10]
WARNING: [Vivado_Tcl 4-921] Waiver ID 'CDC-1' -to list should not be empty. [/home/cs2401.03/mini1-gemm/build/hw/_x/link/vivado/vpl/prj/prj.gen/my_rm/bd/ulp/ip/ulp_hmss_0_0/bd_0/ip/ip_2/smartconnect.xdc:11]
WARNING: [Vivado_Tcl 4-921] Waiver ID 'CDC-1' -to list should not be empty. [/home/cs2401.03/mini1-gemm/build/hw/_x/link/vivado/vpl/prj/prj.gen/my_rm/bd/ulp/ip/ulp_hmss_0_0/bd_0/ip/ip_2/smartconnect.xdc:12]
WARNING: [Vivado_Tcl 4-921] Waiver ID 'CDC-1' -to list should not be empty. [/home/cs2401.03/mini1-gemm/build/hw/_x/link/vivado/vpl/prj/prj.gen/my_rm/bd/ulp/ip/ulp_hmss_0_0/bd_0/ip/ip_2/smartconnect.xdc:13]
WARNING: [Vivado_Tcl 4-921] Waiver ID 'CDC-1' -to list should not be empty. [/home/cs2401.03/mini1-gemm/build/hw/_x/link/vivado/vpl/prj/prj.gen/my_rm/bd/ulp/ip/ulp_hmss_0_0/bd_0/ip/ip_2/smartconnect.xdc:14]
WARNING: [Vivado_Tcl 4-921] Waiver ID 'CDC-1' -to list should not be empty. [/home/cs2401.03/mini1-gemm/build/hw/_x/link/vivado/vpl/prj/prj.gen/my_rm/bd/ulp/ip/ulp_hmss_0_0/bd_0/ip/ip_2/smartconnect.xdc:15]
WARNING: [Vivado_Tcl 4-921] Waiver ID 'CDC-1' -to list should not be empty. [/home/cs2401.03/mini1-gemm/build/hw/_x/link/vivado/vpl/prj/prj.gen/my_rm/bd/ulp/ip/ulp_hmss_0_0/bd_0/ip/ip_2/smartconnect.xdc:16]
WARNING: [Vivado_Tcl 4-921] Waiver ID 'CDC-1' -to list should not be empty. [/home/cs2401.03/mini1-gemm/build/hw/_x/link/vivado/vpl/prj/prj.gen/my_rm/bd/ulp/ip/ulp_hmss_0_0/bd_0/ip/ip_2/smartconnect.xdc:17]
WARNING: [Vivado_Tcl 4-921] Waiver ID 'CDC-1' -to list should not be empty. [/home/cs2401.03/mini1-gemm/build/hw/_x/link/vivado/vpl/prj/prj.gen/my_rm/bd/ulp/ip/ulp_hmss_0_0/bd_0/ip/ip_2/smartconnect.xdc:19]
WARNING: [Vivado_Tcl 4-921] Waiver ID 'CDC-1' -to list should not be empty. [/home/cs2401.03/mini1-gemm/build/hw/_x/link/vivado/vpl/prj/prj.gen/my_rm/bd/ulp/ip/ulp_hmss_0_0/bd_0/ip/ip_2/smartconnect.xdc:20]
WARNING: [Vivado_Tcl 4-921] Waiver ID 'CDC-1' -to list should not be empty. [/home/cs2401.03/mini1-gemm/build/hw/_x/link/vivado/vpl/prj/prj.gen/my_rm/bd/ulp/ip/ulp_hmss_0_0/bd_0/ip/ip_2/smartconnect.xdc:21]
WARNING: [Vivado_Tcl 4-921] Waiver ID 'CDC-1' -to list should not be empty. [/home/cs2401.03/mini1-gemm/build/hw/_x/link/vivado/vpl/prj/prj.gen/my_rm/bd/ulp/ip/ulp_hmss_0_0/bd_0/ip/ip_2/smartconnect.xdc:23]
WARNING: [Vivado_Tcl 4-921] Waiver ID 'CDC-1' -to list should not be empty. [/home/cs2401.03/mini1-gemm/build/hw/_x/link/vivado/vpl/prj/prj.gen/my_rm/bd/ulp/ip/ulp_hmss_0_0/bd_0/ip/ip_2/smartconnect.xdc:24]
WARNING: [Vivado_Tcl 4-921] Waiver ID 'CDC-1' -to list should not be empty. [/home/cs2401.03/mini1-gemm/build/hw/_x/link/vivado/vpl/prj/prj.gen/my_rm/bd/ulp/ip/ulp_hmss_0_0/bd_0/ip/ip_2/smartconnect.xdc:25]
WARNING: [Vivado_Tcl 4-921] Waiver ID 'CDC-1' -to list should not be empty. [/home/cs2401.03/mini1-gemm/build/hw/_x/link/vivado/vpl/prj/prj.gen/my_rm/bd/ulp/ip/ulp_hmss_0_0/bd_0/ip/ip_2/smartconnect.xdc:26]
WARNING: [Vivado_Tcl 4-921] Waiver ID 'CDC-1' -to list should not be empty. [/home/cs2401.03/mini1-gemm/build/hw/_x/link/vivado/vpl/prj/prj.gen/my_rm/bd/ulp/ip/ulp_hmss_0_0/bd_0/ip/ip_2/smartconnect.xdc:27]
WARNING: [Vivado_Tcl 4-921] Waiver ID 'CDC-1' -to list should not be empty. [/home/cs2401.03/mini1-gemm/build/hw/_x/link/vivado/vpl/prj/prj.gen/my_rm/bd/ulp/ip/ulp_hmss_0_0/bd_0/ip/ip_2/smartconnect.xdc:28]
WARNING: [Vivado_Tcl 4-921] Waiver ID 'CDC-1' -to list should not be empty. [/home/cs2401.03/mini1-gemm/build/hw/_x/link/vivado/vpl/prj/prj.gen/my_rm/bd/ulp/ip/ulp_hmss_0_0/bd_0/ip/ip_2/smartconnect.xdc:29]
WARNING: [Vivado_Tcl 4-921] Waiver ID 'CDC-1' -to list should not be empty. [/home/cs2401.03/mini1-gemm/build/hw/_x/link/vivado/vpl/prj/prj.gen/my_rm/bd/ulp/ip/ulp_hmss_0_0/bd_0/ip/ip_2/smartconnect.xdc:31]
WARNING: [Vivado_Tcl 4-921] Waiver ID 'CDC-1' -to list should not be empty. [/home/cs2401.03/mini1-gemm/build/hw/_x/link/vivado/vpl/prj/prj.gen/my_rm/bd/ulp/ip/ulp_hmss_0_0/bd_0/ip/ip_2/smartconnect.xdc:33]
WARNING: [Vivado_Tcl 4-921] Waiver ID 'CDC-1' -to list should not be empty. [/home/cs2401.03/mini1-gemm/build/hw/_x/link/vivado/vpl/prj/prj.gen/my_rm/bd/ulp/ip/ulp_hmss_0_0/bd_0/ip/ip_2/smartconnect.xdc:34]
WARNING: [Vivado_Tcl 4-921] Waiver ID 'CDC-1' -to list should not be empty. [/home/cs2401.03/mini1-gemm/build/hw/_x/link/vivado/vpl/prj/prj.gen/my_rm/bd/ulp/ip/ulp_hmss_0_0/bd_0/ip/ip_2/smartconnect.xdc:36]
WARNING: [Vivado_Tcl 4-921] Waiver ID 'CDC-1' -to list should not be empty. [/home/cs2401.03/mini1-gemm/build/hw/_x/link/vivado/vpl/prj/prj.gen/my_rm/bd/ulp/ip/ulp_hmss_0_0/bd_0/ip/ip_2/smartconnect.xdc:40]
WARNING: [Vivado_Tcl 4-921] Waiver ID 'CDC-1' -to list should not be empty. [/home/cs2401.03/mini1-gemm/build/hw/_x/link/vivado/vpl/prj/prj.gen/my_rm/bd/ulp/ip/ulp_hmss_0_0/bd_0/ip/ip_2/smartconnect.xdc:41]
WARNING: [Vivado_Tcl 4-921] Waiver ID 'CDC-2' -to list should not be empty. [/home/cs2401.03/mini1-gemm/build/hw/_x/link/vivado/vpl/prj/prj.gen/my_rm/bd/ulp/ip/ulp_hmss_0_0/bd_0/ip/ip_2/smartconnect.xdc:42]
WARNING: [Vivado_Tcl 4-921] Waiver ID 'CDC-2' -to list should not be empty. [/home/cs2401.03/mini1-gemm/build/hw/_x/link/vivado/vpl/prj/prj.gen/my_rm/bd/ulp/ip/ulp_hmss_0_0/bd_0/ip/ip_2/smartconnect.xdc:43]
WARNING: [Vivado_Tcl 4-921] Waiver ID 'CDC-2' -to list should not be empty. [/home/cs2401.03/mini1-gemm/build/hw/_x/link/vivado/vpl/prj/prj.gen/my_rm/bd/ulp/ip/ulp_hmss_0_0/bd_0/ip/ip_2/smartconnect.xdc:44]
WARNING: [Vivado_Tcl 4-921] Waiver ID 'CDC-10' -to list should not be empty. [/home/cs2401.03/mini1-gemm/build/hw/_x/link/vivado/vpl/prj/prj.gen/my_rm/bd/ulp/ip/ulp_hmss_0_0/bd_0/ip/ip_2/smartconnect.xdc:45]
WARNING: [Vivado_Tcl 4-921] Waiver ID 'CDC-10' -to list should not be empty. [/home/cs2401.03/mini1-gemm/build/hw/_x/link/vivado/vpl/prj/prj.gen/my_rm/bd/ulp/ip/ulp_hmss_0_0/bd_0/ip/ip_2/smartconnect.xdc:46]
WARNING: [Vivado_Tcl 4-921] Waiver ID 'CDC-10' -to list should not be empty. [/home/cs2401.03/mini1-gemm/build/hw/_x/link/vivado/vpl/prj/prj.gen/my_rm/bd/ulp/ip/ulp_hmss_0_0/bd_0/ip/ip_2/smartconnect.xdc:47]
WARNING: [Vivado_Tcl 4-921] Waiver ID 'CDC-4' -to list should not be empty. [/home/cs2401.03/mini1-gemm/build/hw/_x/link/vivado/vpl/prj/prj.gen/my_rm/bd/ulp/ip/ulp_hmss_0_0/bd_0/ip/ip_2/smartconnect.xdc:48]
WARNING: [Vivado_Tcl 4-921] Waiver ID 'CDC-4' -to list should not be empty. [/home/cs2401.03/mini1-gemm/build/hw/_x/link/vivado/vpl/prj/prj.gen/my_rm/bd/ulp/ip/ulp_hmss_0_0/bd_0/ip/ip_2/smartconnect.xdc:49]
WARNING: [Vivado_Tcl 4-921] Waiver ID 'CDC-4' -to list should not be empty. [/home/cs2401.03/mini1-gemm/build/hw/_x/link/vivado/vpl/prj/prj.gen/my_rm/bd/ulp/ip/ulp_hmss_0_0/bd_0/ip/ip_2/smartconnect.xdc:50]
WARNING: [Vivado_Tcl 4-921] Waiver ID 'CDC-13' -to list should not be empty. [/home/cs2401.03/mini1-gemm/build/hw/_x/link/vivado/vpl/prj/prj.gen/my_rm/bd/ulp/ip/ulp_hmss_0_0/bd_0/ip/ip_2/smartconnect.xdc:51]
WARNING: [Vivado_Tcl 4-921] Waiver ID 'CDC-13' -to list should not be empty. [/home/cs2401.03/mini1-gemm/build/hw/_x/link/vivado/vpl/prj/prj.gen/my_rm/bd/ulp/ip/ulp_hmss_0_0/bd_0/ip/ip_2/smartconnect.xdc:52]
WARNING: [Vivado_Tcl 4-919] Waiver ID 'CDC-1' -from list should not be empty. [/home/cs2401.03/mini1-gemm/build/hw/_x/link/vivado/vpl/prj/prj.gen/my_rm/bd/ulp/ip/ulp_hmss_0_0/bd_0/ip/ip_2/smartconnect.xdc:53]
WARNING: [Vivado_Tcl 4-919] Waiver ID 'CDC-13' -from list should not be empty. [/home/cs2401.03/mini1-gemm/build/hw/_x/link/vivado/vpl/prj/prj.gen/my_rm/bd/ulp/ip/ulp_hmss_0_0/bd_0/ip/ip_2/smartconnect.xdc:54]
WARNING: [Vivado_Tcl 4-921] Waiver ID 'CDC-10' -to list should not be empty. [/home/cs2401.03/mini1-gemm/build/hw/_x/link/vivado/vpl/prj/prj.gen/my_rm/bd/ulp/ip/ulp_hmss_0_0/bd_0/ip/ip_2/smartconnect.xdc:55]
WARNING: [Vivado_Tcl 4-921] Waiver ID 'CDC-11' -to list should not be empty. [/home/cs2401.03/mini1-gemm/build/hw/_x/link/vivado/vpl/prj/prj.gen/my_rm/bd/ulp/ip/ulp_hmss_0_0/bd_0/ip/ip_2/smartconnect.xdc:56]
WARNING: [Vivado_Tcl 4-921] Waiver ID 'CDC-2' -to list should not be empty. [/home/cs2401.03/mini1-gemm/build/hw/_x/link/vivado/vpl/prj/prj.gen/my_rm/bd/ulp/ip/ulp_hmss_0_0/bd_0/ip/ip_2/smartconnect.xdc:57]
Finished Parsing XDC File [/home/cs2401.03/mini1-gemm/build/hw/_x/link/vivado/vpl/prj/prj.gen/my_rm/bd/ulp/ip/ulp_hmss_0_0/bd_0/ip/ip_2/smartconnect.xdc] for cell 'level0_i/ulp/hmss_0/inst/path_0/interconnect1_0/inst'
Parsing XDC File [/home/cs2401.03/mini1-gemm/build/hw/_x/link/vivado/vpl/prj/prj.gen/my_rm/bd/ulp/ip/ulp_hmss_0_0/bd_2/ip/ip_1/bd_7ab1_psr0_0_board.xdc] for cell 'level0_i/ulp/hmss_0/inst/path_1/interconnect2_1/inst/clk_map/psr0/U0'
Finished Parsing XDC File [/home/cs2401.03/mini1-gemm/build/hw/_x/link/vivado/vpl/prj/prj.gen/my_rm/bd/ulp/ip/ulp_hmss_0_0/bd_2/ip/ip_1/bd_7ab1_psr0_0_board.xdc] for cell 'level0_i/ulp/hmss_0/inst/path_1/interconnect2_1/inst/clk_map/psr0/U0'
Parsing XDC File [/home/cs2401.03/mini1-gemm/build/hw/_x/link/vivado/vpl/prj/prj.gen/my_rm/bd/ulp/ip/ulp_hmss_0_0/bd_2/ip/ip_2/bd_7ab1_psr_aclk_0_board.xdc] for cell 'level0_i/ulp/hmss_0/inst/path_1/interconnect2_1/inst/clk_map/psr_aclk/U0'
Finished Parsing XDC File [/home/cs2401.03/mini1-gemm/build/hw/_x/link/vivado/vpl/prj/prj.gen/my_rm/bd/ulp/ip/ulp_hmss_0_0/bd_2/ip/ip_2/bd_7ab1_psr_aclk_0_board.xdc] for cell 'level0_i/ulp/hmss_0/inst/path_1/interconnect2_1/inst/clk_map/psr_aclk/U0'
Parsing XDC File [/home/cs2401.03/mini1-gemm/build/hw/_x/link/vivado/vpl/prj/prj.gen/my_rm/bd/ulp/ip/ulp_hmss_0_0/bd_2/ip/ip_3/bd_7ab1_psr_aclk1_0_board.xdc] for cell 'level0_i/ulp/hmss_0/inst/path_1/interconnect2_1/inst/clk_map/psr_aclk1/U0'
Finished Parsing XDC File [/home/cs2401.03/mini1-gemm/build/hw/_x/link/vivado/vpl/prj/prj.gen/my_rm/bd/ulp/ip/ulp_hmss_0_0/bd_2/ip/ip_3/bd_7ab1_psr_aclk1_0_board.xdc] for cell 'level0_i/ulp/hmss_0/inst/path_1/interconnect2_1/inst/clk_map/psr_aclk1/U0'
Parsing XDC File [/home/cs2401.03/mini1-gemm/build/hw/_x/link/vivado/vpl/prj/prj.gen/my_rm/bd/ulp/ip/ulp_hmss_0_0/bd_0/ip/ip_5/smartconnect.xdc] for cell 'level0_i/ulp/hmss_0/inst/path_1/interconnect2_1/inst'
WARNING: [Vivado_Tcl 4-919] Waiver ID 'CDC-1' -from list should not be empty. [/home/cs2401.03/mini1-gemm/build/hw/_x/link/vivado/vpl/prj/prj.gen/my_rm/bd/ulp/ip/ulp_hmss_0_0/bd_0/ip/ip_5/smartconnect.xdc:3]
WARNING: [Vivado_Tcl 4-921] Waiver ID 'CDC-1' -to list should not be empty. [/home/cs2401.03/mini1-gemm/build/hw/_x/link/vivado/vpl/prj/prj.gen/my_rm/bd/ulp/ip/ulp_hmss_0_0/bd_0/ip/ip_5/smartconnect.xdc:4]
WARNING: [Vivado_Tcl 4-921] Waiver ID 'CDC-1' -to list should not be empty. [/home/cs2401.03/mini1-gemm/build/hw/_x/link/vivado/vpl/prj/prj.gen/my_rm/bd/ulp/ip/ulp_hmss_0_0/bd_0/ip/ip_5/smartconnect.xdc:5]
WARNING: [Vivado_Tcl 4-921] Waiver ID 'CDC-1' -to list should not be empty. [/home/cs2401.03/mini1-gemm/build/hw/_x/link/vivado/vpl/prj/prj.gen/my_rm/bd/ulp/ip/ulp_hmss_0_0/bd_0/ip/ip_5/smartconnect.xdc:6]
WARNING: [Vivado_Tcl 4-921] Waiver ID 'CDC-1' -to list should not be empty. [/home/cs2401.03/mini1-gemm/build/hw/_x/link/vivado/vpl/prj/prj.gen/my_rm/bd/ulp/ip/ulp_hmss_0_0/bd_0/ip/ip_5/smartconnect.xdc:7]
WARNING: [Vivado_Tcl 4-921] Waiver ID 'CDC-1' -to list should not be empty. [/home/cs2401.03/mini1-gemm/build/hw/_x/link/vivado/vpl/prj/prj.gen/my_rm/bd/ulp/ip/ulp_hmss_0_0/bd_0/ip/ip_5/smartconnect.xdc:8]
WARNING: [Vivado_Tcl 4-921] Waiver ID 'CDC-1' -to list should not be empty. [/home/cs2401.03/mini1-gemm/build/hw/_x/link/vivado/vpl/prj/prj.gen/my_rm/bd/ulp/ip/ulp_hmss_0_0/bd_0/ip/ip_5/smartconnect.xdc:9]
WARNING: [Vivado_Tcl 4-921] Waiver ID 'CDC-1' -to list should not be empty. [/home/cs2401.03/mini1-gemm/build/hw/_x/link/vivado/vpl/prj/prj.gen/my_rm/bd/ulp/ip/ulp_hmss_0_0/bd_0/ip/ip_5/smartconnect.xdc:10]
WARNING: [Vivado_Tcl 4-921] Waiver ID 'CDC-1' -to list should not be empty. [/home/cs2401.03/mini1-gemm/build/hw/_x/link/vivado/vpl/prj/prj.gen/my_rm/bd/ulp/ip/ulp_hmss_0_0/bd_0/ip/ip_5/smartconnect.xdc:11]
WARNING: [Vivado_Tcl 4-921] Waiver ID 'CDC-1' -to list should not be empty. [/home/cs2401.03/mini1-gemm/build/hw/_x/link/vivado/vpl/prj/prj.gen/my_rm/bd/ulp/ip/ulp_hmss_0_0/bd_0/ip/ip_5/smartconnect.xdc:12]
WARNING: [Vivado_Tcl 4-921] Waiver ID 'CDC-1' -to list should not be empty. [/home/cs2401.03/mini1-gemm/build/hw/_x/link/vivado/vpl/prj/prj.gen/my_rm/bd/ulp/ip/ulp_hmss_0_0/bd_0/ip/ip_5/smartconnect.xdc:13]
WARNING: [Vivado_Tcl 4-921] Waiver ID 'CDC-1' -to list should not be empty. [/home/cs2401.03/mini1-gemm/build/hw/_x/link/vivado/vpl/prj/prj.gen/my_rm/bd/ulp/ip/ulp_hmss_0_0/bd_0/ip/ip_5/smartconnect.xdc:14]
WARNING: [Vivado_Tcl 4-921] Waiver ID 'CDC-1' -to list should not be empty. [/home/cs2401.03/mini1-gemm/build/hw/_x/link/vivado/vpl/prj/prj.gen/my_rm/bd/ulp/ip/ulp_hmss_0_0/bd_0/ip/ip_5/smartconnect.xdc:15]
WARNING: [Vivado_Tcl 4-921] Waiver ID 'CDC-1' -to list should not be empty. [/home/cs2401.03/mini1-gemm/build/hw/_x/link/vivado/vpl/prj/prj.gen/my_rm/bd/ulp/ip/ulp_hmss_0_0/bd_0/ip/ip_5/smartconnect.xdc:16]
WARNING: [Vivado_Tcl 4-921] Waiver ID 'CDC-1' -to list should not be empty. [/home/cs2401.03/mini1-gemm/build/hw/_x/link/vivado/vpl/prj/prj.gen/my_rm/bd/ulp/ip/ulp_hmss_0_0/bd_0/ip/ip_5/smartconnect.xdc:17]
WARNING: [Vivado_Tcl 4-921] Waiver ID 'CDC-1' -to list should not be empty. [/home/cs2401.03/mini1-gemm/build/hw/_x/link/vivado/vpl/prj/prj.gen/my_rm/bd/ulp/ip/ulp_hmss_0_0/bd_0/ip/ip_5/smartconnect.xdc:19]
WARNING: [Vivado_Tcl 4-921] Waiver ID 'CDC-1' -to list should not be empty. [/home/cs2401.03/mini1-gemm/build/hw/_x/link/vivado/vpl/prj/prj.gen/my_rm/bd/ulp/ip/ulp_hmss_0_0/bd_0/ip/ip_5/smartconnect.xdc:20]
WARNING: [Vivado_Tcl 4-921] Waiver ID 'CDC-1' -to list should not be empty. [/home/cs2401.03/mini1-gemm/build/hw/_x/link/vivado/vpl/prj/prj.gen/my_rm/bd/ulp/ip/ulp_hmss_0_0/bd_0/ip/ip_5/smartconnect.xdc:21]
WARNING: [Vivado_Tcl 4-921] Waiver ID 'CDC-1' -to list should not be empty. [/home/cs2401.03/mini1-gemm/build/hw/_x/link/vivado/vpl/prj/prj.gen/my_rm/bd/ulp/ip/ulp_hmss_0_0/bd_0/ip/ip_5/smartconnect.xdc:23]
WARNING: [Vivado_Tcl 4-921] Waiver ID 'CDC-1' -to list should not be empty. [/home/cs2401.03/mini1-gemm/build/hw/_x/link/vivado/vpl/prj/prj.gen/my_rm/bd/ulp/ip/ulp_hmss_0_0/bd_0/ip/ip_5/smartconnect.xdc:24]
WARNING: [Vivado_Tcl 4-921] Waiver ID 'CDC-1' -to list should not be empty. [/home/cs2401.03/mini1-gemm/build/hw/_x/link/vivado/vpl/prj/prj.gen/my_rm/bd/ulp/ip/ulp_hmss_0_0/bd_0/ip/ip_5/smartconnect.xdc:25]
WARNING: [Vivado_Tcl 4-921] Waiver ID 'CDC-1' -to list should not be empty. [/home/cs2401.03/mini1-gemm/build/hw/_x/link/vivado/vpl/prj/prj.gen/my_rm/bd/ulp/ip/ulp_hmss_0_0/bd_0/ip/ip_5/smartconnect.xdc:26]
WARNING: [Vivado_Tcl 4-921] Waiver ID 'CDC-1' -to list should not be empty. [/home/cs2401.03/mini1-gemm/build/hw/_x/link/vivado/vpl/prj/prj.gen/my_rm/bd/ulp/ip/ulp_hmss_0_0/bd_0/ip/ip_5/smartconnect.xdc:27]
WARNING: [Vivado_Tcl 4-921] Waiver ID 'CDC-1' -to list should not be empty. [/home/cs2401.03/mini1-gemm/build/hw/_x/link/vivado/vpl/prj/prj.gen/my_rm/bd/ulp/ip/ulp_hmss_0_0/bd_0/ip/ip_5/smartconnect.xdc:28]
INFO: [Common 17-14] Message 'Vivado 12-180' appears 100 times and further instances of the messages will be disabled. [Vivado 12-180:100]
WARNING: [Vivado_Tcl 4-921] Waiver ID 'CDC-1' -to list should not be empty. [/home/cs2401.03/mini1-gemm/build/hw/_x/link/vivado/vpl/prj/prj.gen/my_rm/bd/ulp/ip/ulp_hmss_0_0/bd_0/ip/ip_5/smartconnect.xdc:29]
WARNING: [Vivado_Tcl 4-921] Waiver ID 'CDC-1' -to list should not be empty. [/home/cs2401.03/mini1-gemm/build/hw/_x/link/vivado/vpl/prj/prj.gen/my_rm/bd/ulp/ip/ulp_hmss_0_0/bd_0/ip/ip_5/smartconnect.xdc:31]
WARNING: [Vivado_Tcl 4-921] Waiver ID 'CDC-1' -to list should not be empty. [/home/cs2401.03/mini1-gemm/build/hw/_x/link/vivado/vpl/prj/prj.gen/my_rm/bd/ulp/ip/ulp_hmss_0_0/bd_0/ip/ip_5/smartconnect.xdc:33]
WARNING: [Vivado_Tcl 4-921] Waiver ID 'CDC-1' -to list should not be empty. [/home/cs2401.03/mini1-gemm/build/hw/_x/link/vivado/vpl/prj/prj.gen/my_rm/bd/ulp/ip/ulp_hmss_0_0/bd_0/ip/ip_5/smartconnect.xdc:34]
WARNING: [Vivado_Tcl 4-921] Waiver ID 'CDC-1' -to list should not be empty. [/home/cs2401.03/mini1-gemm/build/hw/_x/link/vivado/vpl/prj/prj.gen/my_rm/bd/ulp/ip/ulp_hmss_0_0/bd_0/ip/ip_5/smartconnect.xdc:36]
WARNING: [Vivado_Tcl 4-921] Waiver ID 'CDC-1' -to list should not be empty. [/home/cs2401.03/mini1-gemm/build/hw/_x/link/vivado/vpl/prj/prj.gen/my_rm/bd/ulp/ip/ulp_hmss_0_0/bd_0/ip/ip_5/smartconnect.xdc:40]
WARNING: [Vivado_Tcl 4-921] Waiver ID 'CDC-1' -to list should not be empty. [/home/cs2401.03/mini1-gemm/build/hw/_x/link/vivado/vpl/prj/prj.gen/my_rm/bd/ulp/ip/ulp_hmss_0_0/bd_0/ip/ip_5/smartconnect.xdc:41]
WARNING: [Vivado_Tcl 4-921] Waiver ID 'CDC-2' -to list should not be empty. [/home/cs2401.03/mini1-gemm/build/hw/_x/link/vivado/vpl/prj/prj.gen/my_rm/bd/ulp/ip/ulp_hmss_0_0/bd_0/ip/ip_5/smartconnect.xdc:42]
WARNING: [Vivado_Tcl 4-921] Waiver ID 'CDC-2' -to list should not be empty. [/home/cs2401.03/mini1-gemm/build/hw/_x/link/vivado/vpl/prj/prj.gen/my_rm/bd/ulp/ip/ulp_hmss_0_0/bd_0/ip/ip_5/smartconnect.xdc:43]
WARNING: [Vivado_Tcl 4-921] Waiver ID 'CDC-2' -to list should not be empty. [/home/cs2401.03/mini1-gemm/build/hw/_x/link/vivado/vpl/prj/prj.gen/my_rm/bd/ulp/ip/ulp_hmss_0_0/bd_0/ip/ip_5/smartconnect.xdc:44]
WARNING: [Vivado_Tcl 4-921] Waiver ID 'CDC-10' -to list should not be empty. [/home/cs2401.03/mini1-gemm/build/hw/_x/link/vivado/vpl/prj/prj.gen/my_rm/bd/ulp/ip/ulp_hmss_0_0/bd_0/ip/ip_5/smartconnect.xdc:45]
WARNING: [Vivado_Tcl 4-921] Waiver ID 'CDC-10' -to list should not be empty. [/home/cs2401.03/mini1-gemm/build/hw/_x/link/vivado/vpl/prj/prj.gen/my_rm/bd/ulp/ip/ulp_hmss_0_0/bd_0/ip/ip_5/smartconnect.xdc:46]
WARNING: [Vivado_Tcl 4-921] Waiver ID 'CDC-10' -to list should not be empty. [/home/cs2401.03/mini1-gemm/build/hw/_x/link/vivado/vpl/prj/prj.gen/my_rm/bd/ulp/ip/ulp_hmss_0_0/bd_0/ip/ip_5/smartconnect.xdc:47]
WARNING: [Vivado_Tcl 4-921] Waiver ID 'CDC-4' -to list should not be empty. [/home/cs2401.03/mini1-gemm/build/hw/_x/link/vivado/vpl/prj/prj.gen/my_rm/bd/ulp/ip/ulp_hmss_0_0/bd_0/ip/ip_5/smartconnect.xdc:48]
WARNING: [Vivado_Tcl 4-921] Waiver ID 'CDC-4' -to list should not be empty. [/home/cs2401.03/mini1-gemm/build/hw/_x/link/vivado/vpl/prj/prj.gen/my_rm/bd/ulp/ip/ulp_hmss_0_0/bd_0/ip/ip_5/smartconnect.xdc:49]
WARNING: [Vivado_Tcl 4-921] Waiver ID 'CDC-4' -to list should not be empty. [/home/cs2401.03/mini1-gemm/build/hw/_x/link/vivado/vpl/prj/prj.gen/my_rm/bd/ulp/ip/ulp_hmss_0_0/bd_0/ip/ip_5/smartconnect.xdc:50]
WARNING: [Vivado_Tcl 4-921] Waiver ID 'CDC-13' -to list should not be empty. [/home/cs2401.03/mini1-gemm/build/hw/_x/link/vivado/vpl/prj/prj.gen/my_rm/bd/ulp/ip/ulp_hmss_0_0/bd_0/ip/ip_5/smartconnect.xdc:51]
WARNING: [Vivado_Tcl 4-921] Waiver ID 'CDC-13' -to list should not be empty. [/home/cs2401.03/mini1-gemm/build/hw/_x/link/vivado/vpl/prj/prj.gen/my_rm/bd/ulp/ip/ulp_hmss_0_0/bd_0/ip/ip_5/smartconnect.xdc:52]
WARNING: [Vivado_Tcl 4-919] Waiver ID 'CDC-1' -from list should not be empty. [/home/cs2401.03/mini1-gemm/build/hw/_x/link/vivado/vpl/prj/prj.gen/my_rm/bd/ulp/ip/ulp_hmss_0_0/bd_0/ip/ip_5/smartconnect.xdc:53]
WARNING: [Vivado_Tcl 4-919] Waiver ID 'CDC-13' -from list should not be empty. [/home/cs2401.03/mini1-gemm/build/hw/_x/link/vivado/vpl/prj/prj.gen/my_rm/bd/ulp/ip/ulp_hmss_0_0/bd_0/ip/ip_5/smartconnect.xdc:54]
WARNING: [Vivado_Tcl 4-921] Waiver ID 'CDC-10' -to list should not be empty. [/home/cs2401.03/mini1-gemm/build/hw/_x/link/vivado/vpl/prj/prj.gen/my_rm/bd/ulp/ip/ulp_hmss_0_0/bd_0/ip/ip_5/smartconnect.xdc:55]
WARNING: [Vivado_Tcl 4-921] Waiver ID 'CDC-11' -to list should not be empty. [/home/cs2401.03/mini1-gemm/build/hw/_x/link/vivado/vpl/prj/prj.gen/my_rm/bd/ulp/ip/ulp_hmss_0_0/bd_0/ip/ip_5/smartconnect.xdc:56]
WARNING: [Vivado_Tcl 4-921] Waiver ID 'CDC-2' -to list should not be empty. [/home/cs2401.03/mini1-gemm/build/hw/_x/link/vivado/vpl/prj/prj.gen/my_rm/bd/ulp/ip/ulp_hmss_0_0/bd_0/ip/ip_5/smartconnect.xdc:57]
Finished Parsing XDC File [/home/cs2401.03/mini1-gemm/build/hw/_x/link/vivado/vpl/prj/prj.gen/my_rm/bd/ulp/ip/ulp_hmss_0_0/bd_0/ip/ip_5/smartconnect.xdc] for cell 'level0_i/ulp/hmss_0/inst/path_1/interconnect2_1/inst'
Parsing XDC File [/home/cs2401.03/mini1-gemm/build/hw/_x/link/vivado/vpl/prj/prj.gen/my_rm/bd/ulp/ip/ulp_hmss_0_0/bd_3/ip/ip_1/bd_ba7c_psr0_0_board.xdc] for cell 'level0_i/ulp/hmss_0/inst/path_2/interconnect3_2/inst/clk_map/psr0/U0'
Finished Parsing XDC File [/home/cs2401.03/mini1-gemm/build/hw/_x/link/vivado/vpl/prj/prj.gen/my_rm/bd/ulp/ip/ulp_hmss_0_0/bd_3/ip/ip_1/bd_ba7c_psr0_0_board.xdc] for cell 'level0_i/ulp/hmss_0/inst/path_2/interconnect3_2/inst/clk_map/psr0/U0'
Parsing XDC File [/home/cs2401.03/mini1-gemm/build/hw/_x/link/vivado/vpl/prj/prj.gen/my_rm/bd/ulp/ip/ulp_hmss_0_0/bd_3/ip/ip_2/bd_ba7c_psr_aclk_0_board.xdc] for cell 'level0_i/ulp/hmss_0/inst/path_2/interconnect3_2/inst/clk_map/psr_aclk/U0'
Finished Parsing XDC File [/home/cs2401.03/mini1-gemm/build/hw/_x/link/vivado/vpl/prj/prj.gen/my_rm/bd/ulp/ip/ulp_hmss_0_0/bd_3/ip/ip_2/bd_ba7c_psr_aclk_0_board.xdc] for cell 'level0_i/ulp/hmss_0/inst/path_2/interconnect3_2/inst/clk_map/psr_aclk/U0'
Parsing XDC File [/home/cs2401.03/mini1-gemm/build/hw/_x/link/vivado/vpl/prj/prj.gen/my_rm/bd/ulp/ip/ulp_hmss_0_0/bd_3/ip/ip_3/bd_ba7c_psr_aclk1_0_board.xdc] for cell 'level0_i/ulp/hmss_0/inst/path_2/interconnect3_2/inst/clk_map/psr_aclk1/U0'
Finished Parsing XDC File [/home/cs2401.03/mini1-gemm/build/hw/_x/link/vivado/vpl/prj/prj.gen/my_rm/bd/ulp/ip/ulp_hmss_0_0/bd_3/ip/ip_3/bd_ba7c_psr_aclk1_0_board.xdc] for cell 'level0_i/ulp/hmss_0/inst/path_2/interconnect3_2/inst/clk_map/psr_aclk1/U0'
Parsing XDC File [/home/cs2401.03/mini1-gemm/build/hw/_x/link/vivado/vpl/prj/prj.gen/my_rm/bd/ulp/ip/ulp_hmss_0_0/bd_0/ip/ip_8/smartconnect.xdc] for cell 'level0_i/ulp/hmss_0/inst/path_2/interconnect3_2/inst'
WARNING: [Vivado_Tcl 4-919] Waiver ID 'CDC-1' -from list should not be empty. [/home/cs2401.03/mini1-gemm/build/hw/_x/link/vivado/vpl/prj/prj.gen/my_rm/bd/ulp/ip/ulp_hmss_0_0/bd_0/ip/ip_8/smartconnect.xdc:3]
WARNING: [Vivado_Tcl 4-921] Waiver ID 'CDC-1' -to list should not be empty. [/home/cs2401.03/mini1-gemm/build/hw/_x/link/vivado/vpl/prj/prj.gen/my_rm/bd/ulp/ip/ulp_hmss_0_0/bd_0/ip/ip_8/smartconnect.xdc:4]
WARNING: [Vivado_Tcl 4-921] Waiver ID 'CDC-1' -to list should not be empty. [/home/cs2401.03/mini1-gemm/build/hw/_x/link/vivado/vpl/prj/prj.gen/my_rm/bd/ulp/ip/ulp_hmss_0_0/bd_0/ip/ip_8/smartconnect.xdc:5]
WARNING: [Vivado_Tcl 4-921] Waiver ID 'CDC-1' -to list should not be empty. [/home/cs2401.03/mini1-gemm/build/hw/_x/link/vivado/vpl/prj/prj.gen/my_rm/bd/ulp/ip/ulp_hmss_0_0/bd_0/ip/ip_8/smartconnect.xdc:6]
WARNING: [Vivado_Tcl 4-921] Waiver ID 'CDC-1' -to list should not be empty. [/home/cs2401.03/mini1-gemm/build/hw/_x/link/vivado/vpl/prj/prj.gen/my_rm/bd/ulp/ip/ulp_hmss_0_0/bd_0/ip/ip_8/smartconnect.xdc:7]
WARNING: [Vivado_Tcl 4-921] Waiver ID 'CDC-1' -to list should not be empty. [/home/cs2401.03/mini1-gemm/build/hw/_x/link/vivado/vpl/prj/prj.gen/my_rm/bd/ulp/ip/ulp_hmss_0_0/bd_0/ip/ip_8/smartconnect.xdc:8]
WARNING: [Vivado_Tcl 4-921] Waiver ID 'CDC-1' -to list should not be empty. [/home/cs2401.03/mini1-gemm/build/hw/_x/link/vivado/vpl/prj/prj.gen/my_rm/bd/ulp/ip/ulp_hmss_0_0/bd_0/ip/ip_8/smartconnect.xdc:9]
WARNING: [Vivado_Tcl 4-921] Waiver ID 'CDC-1' -to list should not be empty. [/home/cs2401.03/mini1-gemm/build/hw/_x/link/vivado/vpl/prj/prj.gen/my_rm/bd/ulp/ip/ulp_hmss_0_0/bd_0/ip/ip_8/smartconnect.xdc:10]
WARNING: [Vivado_Tcl 4-921] Waiver ID 'CDC-1' -to list should not be empty. [/home/cs2401.03/mini1-gemm/build/hw/_x/link/vivado/vpl/prj/prj.gen/my_rm/bd/ulp/ip/ulp_hmss_0_0/bd_0/ip/ip_8/smartconnect.xdc:11]
WARNING: [Vivado_Tcl 4-921] Waiver ID 'CDC-1' -to list should not be empty. [/home/cs2401.03/mini1-gemm/build/hw/_x/link/vivado/vpl/prj/prj.gen/my_rm/bd/ulp/ip/ulp_hmss_0_0/bd_0/ip/ip_8/smartconnect.xdc:12]
WARNING: [Vivado_Tcl 4-921] Waiver ID 'CDC-1' -to list should not be empty. [/home/cs2401.03/mini1-gemm/build/hw/_x/link/vivado/vpl/prj/prj.gen/my_rm/bd/ulp/ip/ulp_hmss_0_0/bd_0/ip/ip_8/smartconnect.xdc:13]
WARNING: [Vivado_Tcl 4-921] Waiver ID 'CDC-1' -to list should not be empty. [/home/cs2401.03/mini1-gemm/build/hw/_x/link/vivado/vpl/prj/prj.gen/my_rm/bd/ulp/ip/ulp_hmss_0_0/bd_0/ip/ip_8/smartconnect.xdc:14]
WARNING: [Vivado_Tcl 4-921] Waiver ID 'CDC-1' -to list should not be empty. [/home/cs2401.03/mini1-gemm/build/hw/_x/link/vivado/vpl/prj/prj.gen/my_rm/bd/ulp/ip/ulp_hmss_0_0/bd_0/ip/ip_8/smartconnect.xdc:15]
INFO: [Common 17-14] Message 'Vivado_Tcl 4-921' appears 100 times and further instances of the messages will be disabled. [Vivado_Tcl 4-921:100]
WARNING: [Vivado_Tcl 4-919] Waiver ID 'CDC-1' -from list should not be empty. [/home/cs2401.03/mini1-gemm/build/hw/_x/link/vivado/vpl/prj/prj.gen/my_rm/bd/ulp/ip/ulp_hmss_0_0/bd_0/ip/ip_8/smartconnect.xdc:53]
WARNING: [Vivado_Tcl 4-919] Waiver ID 'CDC-13' -from list should not be empty. [/home/cs2401.03/mini1-gemm/build/hw/_x/link/vivado/vpl/prj/prj.gen/my_rm/bd/ulp/ip/ulp_hmss_0_0/bd_0/ip/ip_8/smartconnect.xdc:54]
Finished Parsing XDC File [/home/cs2401.03/mini1-gemm/build/hw/_x/link/vivado/vpl/prj/prj.gen/my_rm/bd/ulp/ip/ulp_hmss_0_0/bd_0/ip/ip_8/smartconnect.xdc] for cell 'level0_i/ulp/hmss_0/inst/path_2/interconnect3_2/inst'
Parsing XDC File [/home/cs2401.03/mini1-gemm/build/hw/_x/link/vivado/vpl/prj/prj.gen/my_rm/bd/ulp/ip/ulp_hmss_0_0/bd_4/ip/ip_1/bd_7a69_psr0_0_board.xdc] for cell 'level0_i/ulp/hmss_0/inst/path_3/interconnect0_3/inst/clk_map/psr0/U0'
Finished Parsing XDC File [/home/cs2401.03/mini1-gemm/build/hw/_x/link/vivado/vpl/prj/prj.gen/my_rm/bd/ulp/ip/ulp_hmss_0_0/bd_4/ip/ip_1/bd_7a69_psr0_0_board.xdc] for cell 'level0_i/ulp/hmss_0/inst/path_3/interconnect0_3/inst/clk_map/psr0/U0'
Parsing XDC File [/home/cs2401.03/mini1-gemm/build/hw/_x/link/vivado/vpl/prj/prj.gen/my_rm/bd/ulp/ip/ulp_hmss_0_0/bd_4/ip/ip_2/bd_7a69_psr_aclk_0_board.xdc] for cell 'level0_i/ulp/hmss_0/inst/path_3/interconnect0_3/inst/clk_map/psr_aclk/U0'
Finished Parsing XDC File [/home/cs2401.03/mini1-gemm/build/hw/_x/link/vivado/vpl/prj/prj.gen/my_rm/bd/ulp/ip/ulp_hmss_0_0/bd_4/ip/ip_2/bd_7a69_psr_aclk_0_board.xdc] for cell 'level0_i/ulp/hmss_0/inst/path_3/interconnect0_3/inst/clk_map/psr_aclk/U0'
Parsing XDC File [/home/cs2401.03/mini1-gemm/build/hw/_x/link/vivado/vpl/prj/prj.gen/my_rm/bd/ulp/ip/ulp_hmss_0_0/bd_4/ip/ip_3/bd_7a69_psr_aclk1_0_board.xdc] for cell 'level0_i/ulp/hmss_0/inst/path_3/interconnect0_3/inst/clk_map/psr_aclk1/U0'
Finished Parsing XDC File [/home/cs2401.03/mini1-gemm/build/hw/_x/link/vivado/vpl/prj/prj.gen/my_rm/bd/ulp/ip/ulp_hmss_0_0/bd_4/ip/ip_3/bd_7a69_psr_aclk1_0_board.xdc] for cell 'level0_i/ulp/hmss_0/inst/path_3/interconnect0_3/inst/clk_map/psr_aclk1/U0'
Parsing XDC File [/home/cs2401.03/mini1-gemm/build/hw/_x/link/vivado/vpl/prj/prj.gen/my_rm/bd/ulp/ip/ulp_hmss_0_0/bd_0/ip/ip_11/smartconnect.xdc] for cell 'level0_i/ulp/hmss_0/inst/path_3/interconnect0_3/inst'
WARNING: [Vivado_Tcl 4-919] Waiver ID 'CDC-1' -from list should not be empty. [/home/cs2401.03/mini1-gemm/build/hw/_x/link/vivado/vpl/prj/prj.gen/my_rm/bd/ulp/ip/ulp_hmss_0_0/bd_0/ip/ip_11/smartconnect.xdc:3]
WARNING: [Vivado_Tcl 4-919] Waiver ID 'CDC-1' -from list should not be empty. [/home/cs2401.03/mini1-gemm/build/hw/_x/link/vivado/vpl/prj/prj.gen/my_rm/bd/ulp/ip/ulp_hmss_0_0/bd_0/ip/ip_11/smartconnect.xdc:53]
WARNING: [Vivado_Tcl 4-919] Waiver ID 'CDC-13' -from list should not be empty. [/home/cs2401.03/mini1-gemm/build/hw/_x/link/vivado/vpl/prj/prj.gen/my_rm/bd/ulp/ip/ulp_hmss_0_0/bd_0/ip/ip_11/smartconnect.xdc:54]
Finished Parsing XDC File [/home/cs2401.03/mini1-gemm/build/hw/_x/link/vivado/vpl/prj/prj.gen/my_rm/bd/ulp/ip/ulp_hmss_0_0/bd_0/ip/ip_11/smartconnect.xdc] for cell 'level0_i/ulp/hmss_0/inst/path_3/interconnect0_3/inst'
Parsing XDC File [/home/cs2401.03/mini1-gemm/build/hw/_x/link/vivado/vpl/prj/prj.gen/my_rm/bd/ulp/ip/ulp_proc_sys_reset_ctrl_slr0_0/ulp_proc_sys_reset_ctrl_slr0_0_board.xdc] for cell 'level0_i/ulp/proc_sys_reset_ctrl_slr0/U0'
Finished Parsing XDC File [/home/cs2401.03/mini1-gemm/build/hw/_x/link/vivado/vpl/prj/prj.gen/my_rm/bd/ulp/ip/ulp_proc_sys_reset_ctrl_slr0_0/ulp_proc_sys_reset_ctrl_slr0_0_board.xdc] for cell 'level0_i/ulp/proc_sys_reset_ctrl_slr0/U0'
Parsing XDC File [/home/cs2401.03/mini1-gemm/build/hw/_x/link/vivado/vpl/prj/prj.gen/my_rm/bd/ulp/ip/ulp_proc_sys_reset_ctrl_slr1_0/ulp_proc_sys_reset_ctrl_slr1_0_board.xdc] for cell 'level0_i/ulp/proc_sys_reset_ctrl_slr1/U0'
Finished Parsing XDC File [/home/cs2401.03/mini1-gemm/build/hw/_x/link/vivado/vpl/prj/prj.gen/my_rm/bd/ulp/ip/ulp_proc_sys_reset_ctrl_slr1_0/ulp_proc_sys_reset_ctrl_slr1_0_board.xdc] for cell 'level0_i/ulp/proc_sys_reset_ctrl_slr1/U0'
Parsing XDC File [/home/cs2401.03/mini1-gemm/build/hw/_x/link/vivado/vpl/prj/prj.gen/my_rm/bd/ulp/ip/ulp_proc_sys_reset_freerun_slr0_0/ulp_proc_sys_reset_freerun_slr0_0_board.xdc] for cell 'level0_i/ulp/proc_sys_reset_freerun_slr0/U0'
Finished Parsing XDC File [/home/cs2401.03/mini1-gemm/build/hw/_x/link/vivado/vpl/prj/prj.gen/my_rm/bd/ulp/ip/ulp_proc_sys_reset_freerun_slr0_0/ulp_proc_sys_reset_freerun_slr0_0_board.xdc] for cell 'level0_i/ulp/proc_sys_reset_freerun_slr0/U0'
Parsing XDC File [/home/cs2401.03/mini1-gemm/build/hw/_x/link/vivado/vpl/prj/prj.gen/my_rm/bd/ulp/ip/ulp_proc_sys_reset_freerun_slr1_0/ulp_proc_sys_reset_freerun_slr1_0_board.xdc] for cell 'level0_i/ulp/proc_sys_reset_freerun_slr1/U0'
Finished Parsing XDC File [/home/cs2401.03/mini1-gemm/build/hw/_x/link/vivado/vpl/prj/prj.gen/my_rm/bd/ulp/ip/ulp_proc_sys_reset_freerun_slr1_0/ulp_proc_sys_reset_freerun_slr1_0_board.xdc] for cell 'level0_i/ulp/proc_sys_reset_freerun_slr1/U0'
Parsing XDC File [/home/cs2401.03/mini1-gemm/build/hw/_x/link/vivado/vpl/prj/prj.gen/my_rm/bd/ulp/ip/ulp_proc_sys_reset_kernel2_slr0_0/ulp_proc_sys_reset_kernel2_slr0_0_board.xdc] for cell 'level0_i/ulp/proc_sys_reset_kernel2_slr0/U0'
Finished Parsing XDC File [/home/cs2401.03/mini1-gemm/build/hw/_x/link/vivado/vpl/prj/prj.gen/my_rm/bd/ulp/ip/ulp_proc_sys_reset_kernel2_slr0_0/ulp_proc_sys_reset_kernel2_slr0_0_board.xdc] for cell 'level0_i/ulp/proc_sys_reset_kernel2_slr0/U0'
Parsing XDC File [/home/cs2401.03/mini1-gemm/build/hw/_x/link/vivado/vpl/prj/prj.gen/my_rm/bd/ulp/ip/ulp_proc_sys_reset_kernel2_slr1_0/ulp_proc_sys_reset_kernel2_slr1_0_board.xdc] for cell 'level0_i/ulp/proc_sys_reset_kernel2_slr1/U0'
Finished Parsing XDC File [/home/cs2401.03/mini1-gemm/build/hw/_x/link/vivado/vpl/prj/prj.gen/my_rm/bd/ulp/ip/ulp_proc_sys_reset_kernel2_slr1_0/ulp_proc_sys_reset_kernel2_slr1_0_board.xdc] for cell 'level0_i/ulp/proc_sys_reset_kernel2_slr1/U0'
Parsing XDC File [/home/cs2401.03/mini1-gemm/build/hw/_x/link/vivado/vpl/prj/prj.gen/my_rm/bd/ulp/ip/ulp_proc_sys_reset_kernel_slr0_0/ulp_proc_sys_reset_kernel_slr0_0_board.xdc] for cell 'level0_i/ulp/proc_sys_reset_kernel_slr0/U0'
Finished Parsing XDC File [/home/cs2401.03/mini1-gemm/build/hw/_x/link/vivado/vpl/prj/prj.gen/my_rm/bd/ulp/ip/ulp_proc_sys_reset_kernel_slr0_0/ulp_proc_sys_reset_kernel_slr0_0_board.xdc] for cell 'level0_i/ulp/proc_sys_reset_kernel_slr0/U0'
Parsing XDC File [/home/cs2401.03/mini1-gemm/build/hw/_x/link/vivado/vpl/prj/prj.gen/my_rm/bd/ulp/ip/ulp_proc_sys_reset_kernel_slr1_0/ulp_proc_sys_reset_kernel_slr1_0_board.xdc] for cell 'level0_i/ulp/proc_sys_reset_kernel_slr1/U0'
Finished Parsing XDC File [/home/cs2401.03/mini1-gemm/build/hw/_x/link/vivado/vpl/prj/prj.gen/my_rm/bd/ulp/ip/ulp_proc_sys_reset_kernel_slr1_0/ulp_proc_sys_reset_kernel_slr1_0_board.xdc] for cell 'level0_i/ulp/proc_sys_reset_kernel_slr1/U0'
Parsing XDC File [/home/cs2401.03/mini1-gemm/build/hw/_x/link/vivado/vpl/prj/prj.gen/my_rm/bd/ulp/ip/ulp_ulp_cmp_0/bd_1/ip/ip_2/constraints/bs_switch.xdc] for cell 'level0_i/ulp/ulp_cmp/inst/user_debug_bridge/inst/bs_switch_1/inst'
Finished Parsing XDC File [/home/cs2401.03/mini1-gemm/build/hw/_x/link/vivado/vpl/prj/prj.gen/my_rm/bd/ulp/ip/ulp_ulp_cmp_0/bd_1/ip/ip_2/constraints/bs_switch.xdc] for cell 'level0_i/ulp/ulp_cmp/inst/user_debug_bridge/inst/bs_switch_1/inst'
Parsing XDC File [/home/cs2401.03/mini1-gemm/build/hw/_x/link/vivado/vpl/prj/prj.gen/my_rm/bd/ulp/ip/ulp_ulp_cmp_0/bd_2/ip/ip_0/constraints/xsdbm_cc_early.xdc] for cell 'level0_i/ulp/ulp_cmp/inst/user_debug_hub/inst/xsdbm/inst'
Finished Parsing XDC File [/home/cs2401.03/mini1-gemm/build/hw/_x/link/vivado/vpl/prj/prj.gen/my_rm/bd/ulp/ip/ulp_ulp_cmp_0/bd_2/ip/ip_0/constraints/xsdbm_cc_early.xdc] for cell 'level0_i/ulp/ulp_cmp/inst/user_debug_hub/inst/xsdbm/inst'
Parsing XDC File [/home/cs2401.03/mini1-gemm/build/hw/_x/link/vivado/vpl/prj/prj.gen/my_rm/bd/ulp/ip/ulp_ulp_ucs_0/bd_0/ip/ip_6/bd_22c0_gpio_gapping_demand_0_board.xdc] for cell 'level0_i/ulp/ulp_ucs/inst/gapping_demand/gpio_gapping_demand/U0'
Finished Parsing XDC File [/home/cs2401.03/mini1-gemm/build/hw/_x/link/vivado/vpl/prj/prj.gen/my_rm/bd/ulp/ip/ulp_ulp_ucs_0/bd_0/ip/ip_6/bd_22c0_gpio_gapping_demand_0_board.xdc] for cell 'level0_i/ulp/ulp_ucs/inst/gapping_demand/gpio_gapping_demand/U0'
Parsing XDC File [/home/cs2401.03/mini1-gemm/build/hw/_x/link/vivado/vpl/prj/prj.gen/my_rm/bd/ulp/ip/ulp_ulp_ucs_0/bd_0/ip/ip_14/bd_22c0_gpio_ucs_control_status_0_board.xdc] for cell 'level0_i/ulp/ulp_ucs/inst/ucs_control_status/gpio_ucs_control_status/U0'
Finished Parsing XDC File [/home/cs2401.03/mini1-gemm/build/hw/_x/link/vivado/vpl/prj/prj.gen/my_rm/bd/ulp/ip/ulp_ulp_ucs_0/bd_0/ip/ip_14/bd_22c0_gpio_ucs_control_status_0_board.xdc] for cell 'level0_i/ulp/ulp_ucs/inst/ucs_control_status/gpio_ucs_control_status/U0'
Parsing XDC File [/home/cs2401.03/mini1-gemm/build/hw/_x/link/vivado/vpl/prj/prj.gen/my_rm/bd/ulp/ip/ulp_ulp_ucs_0/bd_0/ip/ip_38/bd_22c0_clkwiz_hbm_0_board.xdc] for cell 'level0_i/ulp/ulp_ucs/inst/aclk_hbm_hierarchy/clkwiz_hbm/inst'
Finished Parsing XDC File [/home/cs2401.03/mini1-gemm/build/hw/_x/link/vivado/vpl/prj/prj.gen/my_rm/bd/ulp/ip/ulp_ulp_ucs_0/bd_0/ip/ip_38/bd_22c0_clkwiz_hbm_0_board.xdc] for cell 'level0_i/ulp/ulp_ucs/inst/aclk_hbm_hierarchy/clkwiz_hbm/inst'
Parsing XDC File [/home/cs2401.03/mini1-gemm/build/hw/_x/link/vivado/vpl/prj/prj.gen/my_rm/bd/ulp/ip/ulp_ulp_ucs_0/bd_0/ip/ip_38/bd_22c0_clkwiz_hbm_0.xdc] for cell 'level0_i/ulp/ulp_ucs/inst/aclk_hbm_hierarchy/clkwiz_hbm/inst'
Finished Parsing XDC File [/home/cs2401.03/mini1-gemm/build/hw/_x/link/vivado/vpl/prj/prj.gen/my_rm/bd/ulp/ip/ulp_ulp_ucs_0/bd_0/ip/ip_38/bd_22c0_clkwiz_hbm_0.xdc] for cell 'level0_i/ulp/ulp_ucs/inst/aclk_hbm_hierarchy/clkwiz_hbm/inst'
Parsing XDC File [/home/cs2401.03/mini1-gemm/build/hw/_x/link/vivado/vpl/prj/prj.gen/my_rm/bd/ulp/ip/ulp_ulp_ucs_0/bd_0/ip/ip_40/bd_22c0_psreset_hbm_0_board.xdc] for cell 'level0_i/ulp/ulp_ucs/inst/aclk_hbm_hierarchy/psreset_hbm/U0'
Finished Parsing XDC File [/home/cs2401.03/mini1-gemm/build/hw/_x/link/vivado/vpl/prj/prj.gen/my_rm/bd/ulp/ip/ulp_ulp_ucs_0/bd_0/ip/ip_40/bd_22c0_psreset_hbm_0_board.xdc] for cell 'level0_i/ulp/ulp_ucs/inst/aclk_hbm_hierarchy/psreset_hbm/U0'
Parsing XDC File [/home/cs2401.03/mini1-gemm/build/hw/_x/link/vivado/vpl/prj/prj.gen/my_rm/bd/ulp/ip/ulp_ulp_ucs_0/bd_0/ip/ip_48/bd_22c0_psreset_aclk_freerun_0_board.xdc] for cell 'level0_i/ulp/ulp_ucs/inst/frequency_counters/psreset_aclk_freerun/U0'
Finished Parsing XDC File [/home/cs2401.03/mini1-gemm/build/hw/_x/link/vivado/vpl/prj/prj.gen/my_rm/bd/ulp/ip/ulp_ulp_ucs_0/bd_0/ip/ip_48/bd_22c0_psreset_aclk_freerun_0_board.xdc] for cell 'level0_i/ulp/ulp_ucs/inst/frequency_counters/psreset_aclk_freerun/U0'
Parsing XDC File [/home/cs2401.03/mini1-gemm/build/hw/_x/link/vivado/vpl/prj/prj.gen/my_rm/bd/ulp/ip/ulp_ulp_ucs_0/bd_0/ip/ip_51/bd_22c0_clkwiz_aclk_kernel_00_0_board.xdc] for cell 'level0_i/ulp/ulp_ucs/inst/aclk_kernel_00_hierarchy/clkwiz_aclk_kernel_00/inst'
Finished Parsing XDC File [/home/cs2401.03/mini1-gemm/build/hw/_x/link/vivado/vpl/prj/prj.gen/my_rm/bd/ulp/ip/ulp_ulp_ucs_0/bd_0/ip/ip_51/bd_22c0_clkwiz_aclk_kernel_00_0_board.xdc] for cell 'level0_i/ulp/ulp_ucs/inst/aclk_kernel_00_hierarchy/clkwiz_aclk_kernel_00/inst'
Parsing XDC File [/home/cs2401.03/mini1-gemm/build/hw/_x/link/vivado/vpl/prj/prj.gen/my_rm/bd/ulp/ip/ulp_ulp_ucs_0/bd_0/ip/ip_51/bd_22c0_clkwiz_aclk_kernel_00_0.xdc] for cell 'level0_i/ulp/ulp_ucs/inst/aclk_kernel_00_hierarchy/clkwiz_aclk_kernel_00/inst'
Finished Parsing XDC File [/home/cs2401.03/mini1-gemm/build/hw/_x/link/vivado/vpl/prj/prj.gen/my_rm/bd/ulp/ip/ulp_ulp_ucs_0/bd_0/ip/ip_51/bd_22c0_clkwiz_aclk_kernel_00_0.xdc] for cell 'level0_i/ulp/ulp_ucs/inst/aclk_kernel_00_hierarchy/clkwiz_aclk_kernel_00/inst'
Parsing XDC File [/home/cs2401.03/mini1-gemm/build/hw/_x/link/vivado/vpl/prj/prj.gen/my_rm/bd/ulp/ip/ulp_ulp_ucs_0/bd_0/ip/ip_62/bd_22c0_psreset_kernel_00_0_board.xdc] for cell 'level0_i/ulp/ulp_ucs/inst/aclk_kernel_00_hierarchy/psreset_kernel_00/U0'
Finished Parsing XDC File [/home/cs2401.03/mini1-gemm/build/hw/_x/link/vivado/vpl/prj/prj.gen/my_rm/bd/ulp/ip/ulp_ulp_ucs_0/bd_0/ip/ip_62/bd_22c0_psreset_kernel_00_0_board.xdc] for cell 'level0_i/ulp/ulp_ucs/inst/aclk_kernel_00_hierarchy/psreset_kernel_00/U0'
Parsing XDC File [/home/cs2401.03/mini1-gemm/build/hw/_x/link/vivado/vpl/prj/prj.gen/my_rm/bd/ulp/ip/ulp_ulp_ucs_0/bd_0/ip/ip_65/bd_22c0_clkwiz_aclk_kernel_01_0_board.xdc] for cell 'level0_i/ulp/ulp_ucs/inst/aclk_kernel_01_hierarchy/clkwiz_aclk_kernel_01/inst'
Finished Parsing XDC File [/home/cs2401.03/mini1-gemm/build/hw/_x/link/vivado/vpl/prj/prj.gen/my_rm/bd/ulp/ip/ulp_ulp_ucs_0/bd_0/ip/ip_65/bd_22c0_clkwiz_aclk_kernel_01_0_board.xdc] for cell 'level0_i/ulp/ulp_ucs/inst/aclk_kernel_01_hierarchy/clkwiz_aclk_kernel_01/inst'
Parsing XDC File [/home/cs2401.03/mini1-gemm/build/hw/_x/link/vivado/vpl/prj/prj.gen/my_rm/bd/ulp/ip/ulp_ulp_ucs_0/bd_0/ip/ip_65/bd_22c0_clkwiz_aclk_kernel_01_0.xdc] for cell 'level0_i/ulp/ulp_ucs/inst/aclk_kernel_01_hierarchy/clkwiz_aclk_kernel_01/inst'
Finished Parsing XDC File [/home/cs2401.03/mini1-gemm/build/hw/_x/link/vivado/vpl/prj/prj.gen/my_rm/bd/ulp/ip/ulp_ulp_ucs_0/bd_0/ip/ip_65/bd_22c0_clkwiz_aclk_kernel_01_0.xdc] for cell 'level0_i/ulp/ulp_ucs/inst/aclk_kernel_01_hierarchy/clkwiz_aclk_kernel_01/inst'
Parsing XDC File [/home/cs2401.03/mini1-gemm/build/hw/_x/link/vivado/vpl/prj/prj.gen/my_rm/bd/ulp/ip/ulp_ulp_ucs_0/bd_0/ip/ip_76/bd_22c0_psreset_kernel_01_0_board.xdc] for cell 'level0_i/ulp/ulp_ucs/inst/aclk_kernel_01_hierarchy/psreset_kernel_01/U0'
Finished Parsing XDC File [/home/cs2401.03/mini1-gemm/build/hw/_x/link/vivado/vpl/prj/prj.gen/my_rm/bd/ulp/ip/ulp_ulp_ucs_0/bd_0/ip/ip_76/bd_22c0_psreset_kernel_01_0_board.xdc] for cell 'level0_i/ulp/ulp_ucs/inst/aclk_kernel_01_hierarchy/psreset_kernel_01/U0'
Parsing XDC File [/home/cs2401.03/mini1-gemm/build/hw/_x/link/vivado/vpl/prj/prj.gen/my_rm/bd/ulp/ip/ulp_ii_level0_wire_0/uuid_stamp.xdc] for cell 'level0_i/ulp/ii_level0_wire/inst'
Finished Parsing XDC File [/home/cs2401.03/mini1-gemm/build/hw/_x/link/vivado/vpl/prj/prj.gen/my_rm/bd/ulp/ip/ulp_ii_level0_wire_0/uuid_stamp.xdc] for cell 'level0_i/ulp/ii_level0_wire/inst'
Parsing XDC File [/home/cs2401.03/mini1-gemm/build/hw/_x/link/vivado/vpl/prj/prj.gen/my_rm/bd/ulp/ip/ulp_ulp_cmp_0/bd_1/ip/ip_2/constraints/bs_switch.xdc] for cell 'level0_i/ulp/ulp_cmp/inst/user_debug_bridge/inst/bs_switch_1/inst'
WARNING: [Vivado_Tcl 4-935] Waiver ID 'TIMING-14' is a duplicate and will not be added again. [/home/cs2401.03/mini1-gemm/build/hw/_x/link/vivado/vpl/prj/prj.gen/my_rm/bd/ulp/ip/ulp_ulp_cmp_0/bd_1/ip/ip_2/constraints/bs_switch.xdc:11]
Finished Parsing XDC File [/home/cs2401.03/mini1-gemm/build/hw/_x/link/vivado/vpl/prj/prj.gen/my_rm/bd/ulp/ip/ulp_ulp_cmp_0/bd_1/ip/ip_2/constraints/bs_switch.xdc] for cell 'level0_i/ulp/ulp_cmp/inst/user_debug_bridge/inst/bs_switch_1/inst'
Parsing XDC File [/home/cs2401.03/mini1-gemm/build/hw/_x/link/vivado/vpl/prj/prj.gen/my_rm/bd/ulp/ip/ulp_ulp_cmp_0/bd_2/ip/ip_0/constraints/xsdbm_cc_early.xdc] for cell 'level0_i/ulp/ulp_cmp/inst/user_debug_hub/inst/xsdbm/inst'
Finished Parsing XDC File [/home/cs2401.03/mini1-gemm/build/hw/_x/link/vivado/vpl/prj/prj.gen/my_rm/bd/ulp/ip/ulp_ulp_cmp_0/bd_2/ip/ip_0/constraints/xsdbm_cc_early.xdc] for cell 'level0_i/ulp/ulp_cmp/inst/user_debug_hub/inst/xsdbm/inst'
Parsing XDC File [/home/cs2401.03/mini1-gemm/build/hw/_x/link/vivado/vpl/prj/prj.gen/my_rm/bd/ulp/ip/ulp_hmss_0_0/bd_0/ip/ip_0/hdl/par/hbm_ip.xdc] for cell 'level0_i/ulp/hmss_0/inst/hbm_inst/inst'
Finished Parsing XDC File [/home/cs2401.03/mini1-gemm/build/hw/_x/link/vivado/vpl/prj/prj.gen/my_rm/bd/ulp/ip/ulp_hmss_0_0/bd_0/ip/ip_0/hdl/par/hbm_ip.xdc] for cell 'level0_i/ulp/hmss_0/inst/hbm_inst/inst'
Parsing XDC File [/home/cs2401.03/mini1-gemm/build/hw/_x/link/vivado/vpl/prj/prj.gen/my_rm/bd/ulp/ip/ulp_hmss_0_0/bd_0/ip/ip_1/bd_85ad_hbm_reset_sync_SLR0_0_board.xdc] for cell 'level0_i/ulp/hmss_0/inst/hbm_reset_sync_SLR0/U0'
Finished Parsing XDC File [/home/cs2401.03/mini1-gemm/build/hw/_x/link/vivado/vpl/prj/prj.gen/my_rm/bd/ulp/ip/ulp_hmss_0_0/bd_0/ip/ip_1/bd_85ad_hbm_reset_sync_SLR0_0_board.xdc] for cell 'level0_i/ulp/hmss_0/inst/hbm_reset_sync_SLR0/U0'
Parsing XDC File [/home/cs2401.03/mini1-gemm/build/hw/_x/link/vivado/vpl/prj/prj.gen/my_rm/bd/ulp/ip/ulp_hmss_0_0/bd_1/ip/ip_1/bd_baa4_psr0_0_board.xdc] for cell 'level0_i/ulp/hmss_0/inst/path_0/interconnect1_0/inst/clk_map/psr0/U0'
Finished Parsing XDC File [/home/cs2401.03/mini1-gemm/build/hw/_x/link/vivado/vpl/prj/prj.gen/my_rm/bd/ulp/ip/ulp_hmss_0_0/bd_1/ip/ip_1/bd_baa4_psr0_0_board.xdc] for cell 'level0_i/ulp/hmss_0/inst/path_0/interconnect1_0/inst/clk_map/psr0/U0'
Parsing XDC File [/home/cs2401.03/mini1-gemm/build/hw/_x/link/vivado/vpl/prj/prj.gen/my_rm/bd/ulp/ip/ulp_hmss_0_0/bd_1/ip/ip_2/bd_baa4_psr_aclk_0_board.xdc] for cell 'level0_i/ulp/hmss_0/inst/path_0/interconnect1_0/inst/clk_map/psr_aclk/U0'
Finished Parsing XDC File [/home/cs2401.03/mini1-gemm/build/hw/_x/link/vivado/vpl/prj/prj.gen/my_rm/bd/ulp/ip/ulp_hmss_0_0/bd_1/ip/ip_2/bd_baa4_psr_aclk_0_board.xdc] for cell 'level0_i/ulp/hmss_0/inst/path_0/interconnect1_0/inst/clk_map/psr_aclk/U0'
Parsing XDC File [/home/cs2401.03/mini1-gemm/build/hw/_x/link/vivado/vpl/prj/prj.gen/my_rm/bd/ulp/ip/ulp_hmss_0_0/bd_1/ip/ip_3/bd_baa4_psr_aclk1_0_board.xdc] for cell 'level0_i/ulp/hmss_0/inst/path_0/interconnect1_0/inst/clk_map/psr_aclk1/U0'
Finished Parsing XDC File [/home/cs2401.03/mini1-gemm/build/hw/_x/link/vivado/vpl/prj/prj.gen/my_rm/bd/ulp/ip/ulp_hmss_0_0/bd_1/ip/ip_3/bd_baa4_psr_aclk1_0_board.xdc] for cell 'level0_i/ulp/hmss_0/inst/path_0/interconnect1_0/inst/clk_map/psr_aclk1/U0'
Parsing XDC File [/home/cs2401.03/mini1-gemm/build/hw/_x/link/vivado/vpl/prj/prj.gen/my_rm/bd/ulp/ip/ulp_hmss_0_0/bd_0/ip/ip_2/smartconnect.xdc] for cell 'level0_i/ulp/hmss_0/inst/path_0/interconnect1_0/inst'
WARNING: [Vivado_Tcl 4-935] Waiver ID 'CDC-11' is a duplicate and will not be added again. [/home/cs2401.03/mini1-gemm/build/hw/_x/link/vivado/vpl/prj/prj.gen/my_rm/bd/ulp/ip/ulp_hmss_0_0/bd_0/ip/ip_2/smartconnect.xdc:2]
WARNING: [Vivado_Tcl 4-919] Waiver ID 'CDC-1' -from list should not be empty. [/home/cs2401.03/mini1-gemm/build/hw/_x/link/vivado/vpl/prj/prj.gen/my_rm/bd/ulp/ip/ulp_hmss_0_0/bd_0/ip/ip_2/smartconnect.xdc:3]
WARNING: [Vivado_Tcl 4-935] Waiver ID 'CDC-1' is a duplicate and will not be added again. [/home/cs2401.03/mini1-gemm/build/hw/_x/link/vivado/vpl/prj/prj.gen/my_rm/bd/ulp/ip/ulp_hmss_0_0/bd_0/ip/ip_2/smartconnect.xdc:22]
WARNING: [Vivado_Tcl 4-935] Waiver ID 'CDC-1' is a duplicate and will not be added again. [/home/cs2401.03/mini1-gemm/build/hw/_x/link/vivado/vpl/prj/prj.gen/my_rm/bd/ulp/ip/ulp_hmss_0_0/bd_0/ip/ip_2/smartconnect.xdc:30]
WARNING: [Vivado_Tcl 4-935] Waiver ID 'CDC-1' is a duplicate and will not be added again. [/home/cs2401.03/mini1-gemm/build/hw/_x/link/vivado/vpl/prj/prj.gen/my_rm/bd/ulp/ip/ulp_hmss_0_0/bd_0/ip/ip_2/smartconnect.xdc:32]
WARNING: [Vivado_Tcl 4-935] Waiver ID 'CDC-1' is a duplicate and will not be added again. [/home/cs2401.03/mini1-gemm/build/hw/_x/link/vivado/vpl/prj/prj.gen/my_rm/bd/ulp/ip/ulp_hmss_0_0/bd_0/ip/ip_2/smartconnect.xdc:35]
WARNING: [Vivado_Tcl 4-935] Waiver ID 'CDC-1' is a duplicate and will not be added again. [/home/cs2401.03/mini1-gemm/build/hw/_x/link/vivado/vpl/prj/prj.gen/my_rm/bd/ulp/ip/ulp_hmss_0_0/bd_0/ip/ip_2/smartconnect.xdc:37]
WARNING: [Vivado_Tcl 4-935] Waiver ID 'CDC-1' is a duplicate and will not be added again. [/home/cs2401.03/mini1-gemm/build/hw/_x/link/vivado/vpl/prj/prj.gen/my_rm/bd/ulp/ip/ulp_hmss_0_0/bd_0/ip/ip_2/smartconnect.xdc:38]
WARNING: [Vivado_Tcl 4-935] Waiver ID 'CDC-1' is a duplicate and will not be added again. [/home/cs2401.03/mini1-gemm/build/hw/_x/link/vivado/vpl/prj/prj.gen/my_rm/bd/ulp/ip/ulp_hmss_0_0/bd_0/ip/ip_2/smartconnect.xdc:39]
WARNING: [Vivado_Tcl 4-919] Waiver ID 'CDC-1' -from list should not be empty. [/home/cs2401.03/mini1-gemm/build/hw/_x/link/vivado/vpl/prj/prj.gen/my_rm/bd/ulp/ip/ulp_hmss_0_0/bd_0/ip/ip_2/smartconnect.xdc:53]
WARNING: [Vivado_Tcl 4-919] Waiver ID 'CDC-13' -from list should not be empty. [/home/cs2401.03/mini1-gemm/build/hw/_x/link/vivado/vpl/prj/prj.gen/my_rm/bd/ulp/ip/ulp_hmss_0_0/bd_0/ip/ip_2/smartconnect.xdc:54]
Finished Parsing XDC File [/home/cs2401.03/mini1-gemm/build/hw/_x/link/vivado/vpl/prj/prj.gen/my_rm/bd/ulp/ip/ulp_hmss_0_0/bd_0/ip/ip_2/smartconnect.xdc] for cell 'level0_i/ulp/hmss_0/inst/path_0/interconnect1_0/inst'
Parsing XDC File [/home/cs2401.03/mini1-gemm/build/hw/_x/link/vivado/vpl/prj/prj.gen/my_rm/bd/ulp/ip/ulp_hmss_0_0/bd_2/ip/ip_1/bd_7ab1_psr0_0_board.xdc] for cell 'level0_i/ulp/hmss_0/inst/path_1/interconnect2_1/inst/clk_map/psr0/U0'
Finished Parsing XDC File [/home/cs2401.03/mini1-gemm/build/hw/_x/link/vivado/vpl/prj/prj.gen/my_rm/bd/ulp/ip/ulp_hmss_0_0/bd_2/ip/ip_1/bd_7ab1_psr0_0_board.xdc] for cell 'level0_i/ulp/hmss_0/inst/path_1/interconnect2_1/inst/clk_map/psr0/U0'
Parsing XDC File [/home/cs2401.03/mini1-gemm/build/hw/_x/link/vivado/vpl/prj/prj.gen/my_rm/bd/ulp/ip/ulp_hmss_0_0/bd_2/ip/ip_2/bd_7ab1_psr_aclk_0_board.xdc] for cell 'level0_i/ulp/hmss_0/inst/path_1/interconnect2_1/inst/clk_map/psr_aclk/U0'
Finished Parsing XDC File [/home/cs2401.03/mini1-gemm/build/hw/_x/link/vivado/vpl/prj/prj.gen/my_rm/bd/ulp/ip/ulp_hmss_0_0/bd_2/ip/ip_2/bd_7ab1_psr_aclk_0_board.xdc] for cell 'level0_i/ulp/hmss_0/inst/path_1/interconnect2_1/inst/clk_map/psr_aclk/U0'
Parsing XDC File [/home/cs2401.03/mini1-gemm/build/hw/_x/link/vivado/vpl/prj/prj.gen/my_rm/bd/ulp/ip/ulp_hmss_0_0/bd_2/ip/ip_3/bd_7ab1_psr_aclk1_0_board.xdc] for cell 'level0_i/ulp/hmss_0/inst/path_1/interconnect2_1/inst/clk_map/psr_aclk1/U0'
Finished Parsing XDC File [/home/cs2401.03/mini1-gemm/build/hw/_x/link/vivado/vpl/prj/prj.gen/my_rm/bd/ulp/ip/ulp_hmss_0_0/bd_2/ip/ip_3/bd_7ab1_psr_aclk1_0_board.xdc] for cell 'level0_i/ulp/hmss_0/inst/path_1/interconnect2_1/inst/clk_map/psr_aclk1/U0'
Parsing XDC File [/home/cs2401.03/mini1-gemm/build/hw/_x/link/vivado/vpl/prj/prj.gen/my_rm/bd/ulp/ip/ulp_hmss_0_0/bd_0/ip/ip_5/smartconnect.xdc] for cell 'level0_i/ulp/hmss_0/inst/path_1/interconnect2_1/inst'
WARNING: [Vivado_Tcl 4-935] Waiver ID 'CDC-11' is a duplicate and will not be added again. [/home/cs2401.03/mini1-gemm/build/hw/_x/link/vivado/vpl/prj/prj.gen/my_rm/bd/ulp/ip/ulp_hmss_0_0/bd_0/ip/ip_5/smartconnect.xdc:2]
WARNING: [Vivado_Tcl 4-919] Waiver ID 'CDC-1' -from list should not be empty. [/home/cs2401.03/mini1-gemm/build/hw/_x/link/vivado/vpl/prj/prj.gen/my_rm/bd/ulp/ip/ulp_hmss_0_0/bd_0/ip/ip_5/smartconnect.xdc:3]
WARNING: [Vivado_Tcl 4-935] Waiver ID 'CDC-1' is a duplicate and will not be added again. [/home/cs2401.03/mini1-gemm/build/hw/_x/link/vivado/vpl/prj/prj.gen/my_rm/bd/ulp/ip/ulp_hmss_0_0/bd_0/ip/ip_5/smartconnect.xdc:22]
WARNING: [Vivado_Tcl 4-935] Waiver ID 'CDC-1' is a duplicate and will not be added again. [/home/cs2401.03/mini1-gemm/build/hw/_x/link/vivado/vpl/prj/prj.gen/my_rm/bd/ulp/ip/ulp_hmss_0_0/bd_0/ip/ip_5/smartconnect.xdc:30]
WARNING: [Vivado_Tcl 4-935] Waiver ID 'CDC-1' is a duplicate and will not be added again. [/home/cs2401.03/mini1-gemm/build/hw/_x/link/vivado/vpl/prj/prj.gen/my_rm/bd/ulp/ip/ulp_hmss_0_0/bd_0/ip/ip_5/smartconnect.xdc:32]
WARNING: [Vivado_Tcl 4-935] Waiver ID 'CDC-1' is a duplicate and will not be added again. [/home/cs2401.03/mini1-gemm/build/hw/_x/link/vivado/vpl/prj/prj.gen/my_rm/bd/ulp/ip/ulp_hmss_0_0/bd_0/ip/ip_5/smartconnect.xdc:35]
WARNING: [Vivado_Tcl 4-935] Waiver ID 'CDC-1' is a duplicate and will not be added again. [/home/cs2401.03/mini1-gemm/build/hw/_x/link/vivado/vpl/prj/prj.gen/my_rm/bd/ulp/ip/ulp_hmss_0_0/bd_0/ip/ip_5/smartconnect.xdc:37]
WARNING: [Vivado_Tcl 4-935] Waiver ID 'CDC-1' is a duplicate and will not be added again. [/home/cs2401.03/mini1-gemm/build/hw/_x/link/vivado/vpl/prj/prj.gen/my_rm/bd/ulp/ip/ulp_hmss_0_0/bd_0/ip/ip_5/smartconnect.xdc:38]
WARNING: [Vivado_Tcl 4-935] Waiver ID 'CDC-1' is a duplicate and will not be added again. [/home/cs2401.03/mini1-gemm/build/hw/_x/link/vivado/vpl/prj/prj.gen/my_rm/bd/ulp/ip/ulp_hmss_0_0/bd_0/ip/ip_5/smartconnect.xdc:39]
WARNING: [Vivado_Tcl 4-919] Waiver ID 'CDC-1' -from list should not be empty. [/home/cs2401.03/mini1-gemm/build/hw/_x/link/vivado/vpl/prj/prj.gen/my_rm/bd/ulp/ip/ulp_hmss_0_0/bd_0/ip/ip_5/smartconnect.xdc:53]
WARNING: [Vivado_Tcl 4-919] Waiver ID 'CDC-13' -from list should not be empty. [/home/cs2401.03/mini1-gemm/build/hw/_x/link/vivado/vpl/prj/prj.gen/my_rm/bd/ulp/ip/ulp_hmss_0_0/bd_0/ip/ip_5/smartconnect.xdc:54]
Finished Parsing XDC File [/home/cs2401.03/mini1-gemm/build/hw/_x/link/vivado/vpl/prj/prj.gen/my_rm/bd/ulp/ip/ulp_hmss_0_0/bd_0/ip/ip_5/smartconnect.xdc] for cell 'level0_i/ulp/hmss_0/inst/path_1/interconnect2_1/inst'
Parsing XDC File [/home/cs2401.03/mini1-gemm/build/hw/_x/link/vivado/vpl/prj/prj.gen/my_rm/bd/ulp/ip/ulp_hmss_0_0/bd_3/ip/ip_1/bd_ba7c_psr0_0_board.xdc] for cell 'level0_i/ulp/hmss_0/inst/path_2/interconnect3_2/inst/clk_map/psr0/U0'
Finished Parsing XDC File [/home/cs2401.03/mini1-gemm/build/hw/_x/link/vivado/vpl/prj/prj.gen/my_rm/bd/ulp/ip/ulp_hmss_0_0/bd_3/ip/ip_1/bd_ba7c_psr0_0_board.xdc] for cell 'level0_i/ulp/hmss_0/inst/path_2/interconnect3_2/inst/clk_map/psr0/U0'
Parsing XDC File [/home/cs2401.03/mini1-gemm/build/hw/_x/link/vivado/vpl/prj/prj.gen/my_rm/bd/ulp/ip/ulp_hmss_0_0/bd_3/ip/ip_2/bd_ba7c_psr_aclk_0_board.xdc] for cell 'level0_i/ulp/hmss_0/inst/path_2/interconnect3_2/inst/clk_map/psr_aclk/U0'
Finished Parsing XDC File [/home/cs2401.03/mini1-gemm/build/hw/_x/link/vivado/vpl/prj/prj.gen/my_rm/bd/ulp/ip/ulp_hmss_0_0/bd_3/ip/ip_2/bd_ba7c_psr_aclk_0_board.xdc] for cell 'level0_i/ulp/hmss_0/inst/path_2/interconnect3_2/inst/clk_map/psr_aclk/U0'
Parsing XDC File [/home/cs2401.03/mini1-gemm/build/hw/_x/link/vivado/vpl/prj/prj.gen/my_rm/bd/ulp/ip/ulp_hmss_0_0/bd_3/ip/ip_3/bd_ba7c_psr_aclk1_0_board.xdc] for cell 'level0_i/ulp/hmss_0/inst/path_2/interconnect3_2/inst/clk_map/psr_aclk1/U0'
Finished Parsing XDC File [/home/cs2401.03/mini1-gemm/build/hw/_x/link/vivado/vpl/prj/prj.gen/my_rm/bd/ulp/ip/ulp_hmss_0_0/bd_3/ip/ip_3/bd_ba7c_psr_aclk1_0_board.xdc] for cell 'level0_i/ulp/hmss_0/inst/path_2/interconnect3_2/inst/clk_map/psr_aclk1/U0'
Parsing XDC File [/home/cs2401.03/mini1-gemm/build/hw/_x/link/vivado/vpl/prj/prj.gen/my_rm/bd/ulp/ip/ulp_hmss_0_0/bd_0/ip/ip_8/smartconnect.xdc] for cell 'level0_i/ulp/hmss_0/inst/path_2/interconnect3_2/inst'
WARNING: [Vivado_Tcl 4-935] Waiver ID 'CDC-11' is a duplicate and will not be added again. [/home/cs2401.03/mini1-gemm/build/hw/_x/link/vivado/vpl/prj/prj.gen/my_rm/bd/ulp/ip/ulp_hmss_0_0/bd_0/ip/ip_8/smartconnect.xdc:2]
WARNING: [Vivado_Tcl 4-919] Waiver ID 'CDC-1' -from list should not be empty. [/home/cs2401.03/mini1-gemm/build/hw/_x/link/vivado/vpl/prj/prj.gen/my_rm/bd/ulp/ip/ulp_hmss_0_0/bd_0/ip/ip_8/smartconnect.xdc:3]
WARNING: [Vivado_Tcl 4-935] Waiver ID 'CDC-1' is a duplicate and will not be added again. [/home/cs2401.03/mini1-gemm/build/hw/_x/link/vivado/vpl/prj/prj.gen/my_rm/bd/ulp/ip/ulp_hmss_0_0/bd_0/ip/ip_8/smartconnect.xdc:30]
WARNING: [Vivado_Tcl 4-935] Waiver ID 'CDC-1' is a duplicate and will not be added again. [/home/cs2401.03/mini1-gemm/build/hw/_x/link/vivado/vpl/prj/prj.gen/my_rm/bd/ulp/ip/ulp_hmss_0_0/bd_0/ip/ip_8/smartconnect.xdc:32]
WARNING: [Vivado_Tcl 4-919] Waiver ID 'CDC-1' -from list should not be empty. [/home/cs2401.03/mini1-gemm/build/hw/_x/link/vivado/vpl/prj/prj.gen/my_rm/bd/ulp/ip/ulp_hmss_0_0/bd_0/ip/ip_8/smartconnect.xdc:53]
WARNING: [Vivado_Tcl 4-919] Waiver ID 'CDC-13' -from list should not be empty. [/home/cs2401.03/mini1-gemm/build/hw/_x/link/vivado/vpl/prj/prj.gen/my_rm/bd/ulp/ip/ulp_hmss_0_0/bd_0/ip/ip_8/smartconnect.xdc:54]
Finished Parsing XDC File [/home/cs2401.03/mini1-gemm/build/hw/_x/link/vivado/vpl/prj/prj.gen/my_rm/bd/ulp/ip/ulp_hmss_0_0/bd_0/ip/ip_8/smartconnect.xdc] for cell 'level0_i/ulp/hmss_0/inst/path_2/interconnect3_2/inst'
Parsing XDC File [/home/cs2401.03/mini1-gemm/build/hw/_x/link/vivado/vpl/prj/prj.gen/my_rm/bd/ulp/ip/ulp_hmss_0_0/bd_4/ip/ip_1/bd_7a69_psr0_0_board.xdc] for cell 'level0_i/ulp/hmss_0/inst/path_3/interconnect0_3/inst/clk_map/psr0/U0'
Finished Parsing XDC File [/home/cs2401.03/mini1-gemm/build/hw/_x/link/vivado/vpl/prj/prj.gen/my_rm/bd/ulp/ip/ulp_hmss_0_0/bd_4/ip/ip_1/bd_7a69_psr0_0_board.xdc] for cell 'level0_i/ulp/hmss_0/inst/path_3/interconnect0_3/inst/clk_map/psr0/U0'
Parsing XDC File [/home/cs2401.03/mini1-gemm/build/hw/_x/link/vivado/vpl/prj/prj.gen/my_rm/bd/ulp/ip/ulp_hmss_0_0/bd_4/ip/ip_2/bd_7a69_psr_aclk_0_board.xdc] for cell 'level0_i/ulp/hmss_0/inst/path_3/interconnect0_3/inst/clk_map/psr_aclk/U0'
Finished Parsing XDC File [/home/cs2401.03/mini1-gemm/build/hw/_x/link/vivado/vpl/prj/prj.gen/my_rm/bd/ulp/ip/ulp_hmss_0_0/bd_4/ip/ip_2/bd_7a69_psr_aclk_0_board.xdc] for cell 'level0_i/ulp/hmss_0/inst/path_3/interconnect0_3/inst/clk_map/psr_aclk/U0'
Parsing XDC File [/home/cs2401.03/mini1-gemm/build/hw/_x/link/vivado/vpl/prj/prj.gen/my_rm/bd/ulp/ip/ulp_hmss_0_0/bd_4/ip/ip_3/bd_7a69_psr_aclk1_0_board.xdc] for cell 'level0_i/ulp/hmss_0/inst/path_3/interconnect0_3/inst/clk_map/psr_aclk1/U0'
Finished Parsing XDC File [/home/cs2401.03/mini1-gemm/build/hw/_x/link/vivado/vpl/prj/prj.gen/my_rm/bd/ulp/ip/ulp_hmss_0_0/bd_4/ip/ip_3/bd_7a69_psr_aclk1_0_board.xdc] for cell 'level0_i/ulp/hmss_0/inst/path_3/interconnect0_3/inst/clk_map/psr_aclk1/U0'
Parsing XDC File [/home/cs2401.03/mini1-gemm/build/hw/_x/link/vivado/vpl/prj/prj.gen/my_rm/bd/ulp/ip/ulp_hmss_0_0/bd_0/ip/ip_11/smartconnect.xdc] for cell 'level0_i/ulp/hmss_0/inst/path_3/interconnect0_3/inst'
WARNING: [Vivado_Tcl 4-935] Waiver ID 'CDC-11' is a duplicate and will not be added again. [/home/cs2401.03/mini1-gemm/build/hw/_x/link/vivado/vpl/prj/prj.gen/my_rm/bd/ulp/ip/ulp_hmss_0_0/bd_0/ip/ip_11/smartconnect.xdc:2]
WARNING: [Vivado_Tcl 4-919] Waiver ID 'CDC-1' -from list should not be empty. [/home/cs2401.03/mini1-gemm/build/hw/_x/link/vivado/vpl/prj/prj.gen/my_rm/bd/ulp/ip/ulp_hmss_0_0/bd_0/ip/ip_11/smartconnect.xdc:3]
WARNING: [Vivado_Tcl 4-935] Waiver ID 'CDC-1' is a duplicate and will not be added again. [/home/cs2401.03/mini1-gemm/build/hw/_x/link/vivado/vpl/prj/prj.gen/my_rm/bd/ulp/ip/ulp_hmss_0_0/bd_0/ip/ip_11/smartconnect.xdc:22]
WARNING: [Vivado_Tcl 4-935] Waiver ID 'CDC-1' is a duplicate and will not be added again. [/home/cs2401.03/mini1-gemm/build/hw/_x/link/vivado/vpl/prj/prj.gen/my_rm/bd/ulp/ip/ulp_hmss_0_0/bd_0/ip/ip_11/smartconnect.xdc:30]
WARNING: [Vivado_Tcl 4-935] Waiver ID 'CDC-1' is a duplicate and will not be added again. [/home/cs2401.03/mini1-gemm/build/hw/_x/link/vivado/vpl/prj/prj.gen/my_rm/bd/ulp/ip/ulp_hmss_0_0/bd_0/ip/ip_11/smartconnect.xdc:32]
WARNING: [Vivado_Tcl 4-935] Waiver ID 'CDC-1' is a duplicate and will not be added again. [/home/cs2401.03/mini1-gemm/build/hw/_x/link/vivado/vpl/prj/prj.gen/my_rm/bd/ulp/ip/ulp_hmss_0_0/bd_0/ip/ip_11/smartconnect.xdc:35]
WARNING: [Vivado_Tcl 4-935] Waiver ID 'CDC-1' is a duplicate and will not be added again. [/home/cs2401.03/mini1-gemm/build/hw/_x/link/vivado/vpl/prj/prj.gen/my_rm/bd/ulp/ip/ulp_hmss_0_0/bd_0/ip/ip_11/smartconnect.xdc:37]
WARNING: [Vivado_Tcl 4-935] Waiver ID 'CDC-1' is a duplicate and will not be added again. [/home/cs2401.03/mini1-gemm/build/hw/_x/link/vivado/vpl/prj/prj.gen/my_rm/bd/ulp/ip/ulp_hmss_0_0/bd_0/ip/ip_11/smartconnect.xdc:38]
WARNING: [Vivado_Tcl 4-935] Waiver ID 'CDC-1' is a duplicate and will not be added again. [/home/cs2401.03/mini1-gemm/build/hw/_x/link/vivado/vpl/prj/prj.gen/my_rm/bd/ulp/ip/ulp_hmss_0_0/bd_0/ip/ip_11/smartconnect.xdc:39]
WARNING: [Vivado_Tcl 4-919] Waiver ID 'CDC-1' -from list should not be empty. [/home/cs2401.03/mini1-gemm/build/hw/_x/link/vivado/vpl/prj/prj.gen/my_rm/bd/ulp/ip/ulp_hmss_0_0/bd_0/ip/ip_11/smartconnect.xdc:53]
WARNING: [Vivado_Tcl 4-919] Waiver ID 'CDC-13' -from list should not be empty. [/home/cs2401.03/mini1-gemm/build/hw/_x/link/vivado/vpl/prj/prj.gen/my_rm/bd/ulp/ip/ulp_hmss_0_0/bd_0/ip/ip_11/smartconnect.xdc:54]
Finished Parsing XDC File [/home/cs2401.03/mini1-gemm/build/hw/_x/link/vivado/vpl/prj/prj.gen/my_rm/bd/ulp/ip/ulp_hmss_0_0/bd_0/ip/ip_11/smartconnect.xdc] for cell 'level0_i/ulp/hmss_0/inst/path_3/interconnect0_3/inst'
Parsing XDC File [/home/cs2401.03/mini1-gemm/build/hw/_x/link/vivado/vpl/prj/prj.gen/my_rm/bd/ulp/ip/ulp_ulp_ucs_0/bd_0/ip/ip_6/bd_22c0_gpio_gapping_demand_0_board.xdc] for cell 'level0_i/ulp/ulp_ucs/inst/gapping_demand/gpio_gapping_demand/U0'
Finished Parsing XDC File [/home/cs2401.03/mini1-gemm/build/hw/_x/link/vivado/vpl/prj/prj.gen/my_rm/bd/ulp/ip/ulp_ulp_ucs_0/bd_0/ip/ip_6/bd_22c0_gpio_gapping_demand_0_board.xdc] for cell 'level0_i/ulp/ulp_ucs/inst/gapping_demand/gpio_gapping_demand/U0'
Parsing XDC File [/home/cs2401.03/mini1-gemm/build/hw/_x/link/vivado/vpl/prj/prj.gen/my_rm/bd/ulp/ip/ulp_ulp_ucs_0/bd_0/ip/ip_14/bd_22c0_gpio_ucs_control_status_0_board.xdc] for cell 'level0_i/ulp/ulp_ucs/inst/ucs_control_status/gpio_ucs_control_status/U0'
Finished Parsing XDC File [/home/cs2401.03/mini1-gemm/build/hw/_x/link/vivado/vpl/prj/prj.gen/my_rm/bd/ulp/ip/ulp_ulp_ucs_0/bd_0/ip/ip_14/bd_22c0_gpio_ucs_control_status_0_board.xdc] for cell 'level0_i/ulp/ulp_ucs/inst/ucs_control_status/gpio_ucs_control_status/U0'
Parsing XDC File [/home/cs2401.03/mini1-gemm/build/hw/_x/link/vivado/vpl/prj/prj.gen/my_rm/bd/ulp/ip/ulp_ulp_ucs_0/bd_0/ip/ip_38/bd_22c0_clkwiz_hbm_0_board.xdc] for cell 'level0_i/ulp/ulp_ucs/inst/aclk_hbm_hierarchy/clkwiz_hbm/inst'
Finished Parsing XDC File [/home/cs2401.03/mini1-gemm/build/hw/_x/link/vivado/vpl/prj/prj.gen/my_rm/bd/ulp/ip/ulp_ulp_ucs_0/bd_0/ip/ip_38/bd_22c0_clkwiz_hbm_0_board.xdc] for cell 'level0_i/ulp/ulp_ucs/inst/aclk_hbm_hierarchy/clkwiz_hbm/inst'
Parsing XDC File [/home/cs2401.03/mini1-gemm/build/hw/_x/link/vivado/vpl/prj/prj.gen/my_rm/bd/ulp/ip/ulp_ulp_ucs_0/bd_0/ip/ip_38/bd_22c0_clkwiz_hbm_0.xdc] for cell 'level0_i/ulp/ulp_ucs/inst/aclk_hbm_hierarchy/clkwiz_hbm/inst'
Finished Parsing XDC File [/home/cs2401.03/mini1-gemm/build/hw/_x/link/vivado/vpl/prj/prj.gen/my_rm/bd/ulp/ip/ulp_ulp_ucs_0/bd_0/ip/ip_38/bd_22c0_clkwiz_hbm_0.xdc] for cell 'level0_i/ulp/ulp_ucs/inst/aclk_hbm_hierarchy/clkwiz_hbm/inst'
Parsing XDC File [/home/cs2401.03/mini1-gemm/build/hw/_x/link/vivado/vpl/prj/prj.gen/my_rm/bd/ulp/ip/ulp_ulp_ucs_0/bd_0/ip/ip_40/bd_22c0_psreset_hbm_0_board.xdc] for cell 'level0_i/ulp/ulp_ucs/inst/aclk_hbm_hierarchy/psreset_hbm/U0'
Finished Parsing XDC File [/home/cs2401.03/mini1-gemm/build/hw/_x/link/vivado/vpl/prj/prj.gen/my_rm/bd/ulp/ip/ulp_ulp_ucs_0/bd_0/ip/ip_40/bd_22c0_psreset_hbm_0_board.xdc] for cell 'level0_i/ulp/ulp_ucs/inst/aclk_hbm_hierarchy/psreset_hbm/U0'
Parsing XDC File [/home/cs2401.03/mini1-gemm/build/hw/_x/link/vivado/vpl/prj/prj.gen/my_rm/bd/ulp/ip/ulp_ulp_ucs_0/bd_0/ip/ip_48/bd_22c0_psreset_aclk_freerun_0_board.xdc] for cell 'level0_i/ulp/ulp_ucs/inst/frequency_counters/psreset_aclk_freerun/U0'
Finished Parsing XDC File [/home/cs2401.03/mini1-gemm/build/hw/_x/link/vivado/vpl/prj/prj.gen/my_rm/bd/ulp/ip/ulp_ulp_ucs_0/bd_0/ip/ip_48/bd_22c0_psreset_aclk_freerun_0_board.xdc] for cell 'level0_i/ulp/ulp_ucs/inst/frequency_counters/psreset_aclk_freerun/U0'
Parsing XDC File [/home/cs2401.03/mini1-gemm/build/hw/_x/link/vivado/vpl/prj/prj.gen/my_rm/bd/ulp/ip/ulp_ulp_ucs_0/bd_0/ip/ip_51/bd_22c0_clkwiz_aclk_kernel_00_0_board.xdc] for cell 'level0_i/ulp/ulp_ucs/inst/aclk_kernel_00_hierarchy/clkwiz_aclk_kernel_00/inst'
Finished Parsing XDC File [/home/cs2401.03/mini1-gemm/build/hw/_x/link/vivado/vpl/prj/prj.gen/my_rm/bd/ulp/ip/ulp_ulp_ucs_0/bd_0/ip/ip_51/bd_22c0_clkwiz_aclk_kernel_00_0_board.xdc] for cell 'level0_i/ulp/ulp_ucs/inst/aclk_kernel_00_hierarchy/clkwiz_aclk_kernel_00/inst'
Parsing XDC File [/home/cs2401.03/mini1-gemm/build/hw/_x/link/vivado/vpl/prj/prj.gen/my_rm/bd/ulp/ip/ulp_ulp_ucs_0/bd_0/ip/ip_51/bd_22c0_clkwiz_aclk_kernel_00_0.xdc] for cell 'level0_i/ulp/ulp_ucs/inst/aclk_kernel_00_hierarchy/clkwiz_aclk_kernel_00/inst'
Finished Parsing XDC File [/home/cs2401.03/mini1-gemm/build/hw/_x/link/vivado/vpl/prj/prj.gen/my_rm/bd/ulp/ip/ulp_ulp_ucs_0/bd_0/ip/ip_51/bd_22c0_clkwiz_aclk_kernel_00_0.xdc] for cell 'level0_i/ulp/ulp_ucs/inst/aclk_kernel_00_hierarchy/clkwiz_aclk_kernel_00/inst'
Parsing XDC File [/home/cs2401.03/mini1-gemm/build/hw/_x/link/vivado/vpl/prj/prj.gen/my_rm/bd/ulp/ip/ulp_ulp_ucs_0/bd_0/ip/ip_62/bd_22c0_psreset_kernel_00_0_board.xdc] for cell 'level0_i/ulp/ulp_ucs/inst/aclk_kernel_00_hierarchy/psreset_kernel_00/U0'
Finished Parsing XDC File [/home/cs2401.03/mini1-gemm/build/hw/_x/link/vivado/vpl/prj/prj.gen/my_rm/bd/ulp/ip/ulp_ulp_ucs_0/bd_0/ip/ip_62/bd_22c0_psreset_kernel_00_0_board.xdc] for cell 'level0_i/ulp/ulp_ucs/inst/aclk_kernel_00_hierarchy/psreset_kernel_00/U0'
Parsing XDC File [/home/cs2401.03/mini1-gemm/build/hw/_x/link/vivado/vpl/prj/prj.gen/my_rm/bd/ulp/ip/ulp_ulp_ucs_0/bd_0/ip/ip_65/bd_22c0_clkwiz_aclk_kernel_01_0_board.xdc] for cell 'level0_i/ulp/ulp_ucs/inst/aclk_kernel_01_hierarchy/clkwiz_aclk_kernel_01/inst'
Finished Parsing XDC File [/home/cs2401.03/mini1-gemm/build/hw/_x/link/vivado/vpl/prj/prj.gen/my_rm/bd/ulp/ip/ulp_ulp_ucs_0/bd_0/ip/ip_65/bd_22c0_clkwiz_aclk_kernel_01_0_board.xdc] for cell 'level0_i/ulp/ulp_ucs/inst/aclk_kernel_01_hierarchy/clkwiz_aclk_kernel_01/inst'
Parsing XDC File [/home/cs2401.03/mini1-gemm/build/hw/_x/link/vivado/vpl/prj/prj.gen/my_rm/bd/ulp/ip/ulp_ulp_ucs_0/bd_0/ip/ip_65/bd_22c0_clkwiz_aclk_kernel_01_0.xdc] for cell 'level0_i/ulp/ulp_ucs/inst/aclk_kernel_01_hierarchy/clkwiz_aclk_kernel_01/inst'
Finished Parsing XDC File [/home/cs2401.03/mini1-gemm/build/hw/_x/link/vivado/vpl/prj/prj.gen/my_rm/bd/ulp/ip/ulp_ulp_ucs_0/bd_0/ip/ip_65/bd_22c0_clkwiz_aclk_kernel_01_0.xdc] for cell 'level0_i/ulp/ulp_ucs/inst/aclk_kernel_01_hierarchy/clkwiz_aclk_kernel_01/inst'
Parsing XDC File [/home/cs2401.03/mini1-gemm/build/hw/_x/link/vivado/vpl/prj/prj.gen/my_rm/bd/ulp/ip/ulp_ulp_ucs_0/bd_0/ip/ip_76/bd_22c0_psreset_kernel_01_0_board.xdc] for cell 'level0_i/ulp/ulp_ucs/inst/aclk_kernel_01_hierarchy/psreset_kernel_01/U0'
Finished Parsing XDC File [/home/cs2401.03/mini1-gemm/build/hw/_x/link/vivado/vpl/prj/prj.gen/my_rm/bd/ulp/ip/ulp_ulp_ucs_0/bd_0/ip/ip_76/bd_22c0_psreset_kernel_01_0_board.xdc] for cell 'level0_i/ulp/ulp_ucs/inst/aclk_kernel_01_hierarchy/psreset_kernel_01/U0'
Parsing XDC File [/home/cs2401.03/mini1-gemm/build/hw/_x/link/vivado/vpl/prj/prj.gen/my_rm/bd/ulp/ip/ulp_proc_sys_reset_ctrl_slr0_0/ulp_proc_sys_reset_ctrl_slr0_0_board.xdc] for cell 'level0_i/ulp/proc_sys_reset_ctrl_slr0/U0'
Finished Parsing XDC File [/home/cs2401.03/mini1-gemm/build/hw/_x/link/vivado/vpl/prj/prj.gen/my_rm/bd/ulp/ip/ulp_proc_sys_reset_ctrl_slr0_0/ulp_proc_sys_reset_ctrl_slr0_0_board.xdc] for cell 'level0_i/ulp/proc_sys_reset_ctrl_slr0/U0'
Parsing XDC File [/home/cs2401.03/mini1-gemm/build/hw/_x/link/vivado/vpl/prj/prj.gen/my_rm/bd/ulp/ip/ulp_proc_sys_reset_ctrl_slr1_0/ulp_proc_sys_reset_ctrl_slr1_0_board.xdc] for cell 'level0_i/ulp/proc_sys_reset_ctrl_slr1/U0'
Finished Parsing XDC File [/home/cs2401.03/mini1-gemm/build/hw/_x/link/vivado/vpl/prj/prj.gen/my_rm/bd/ulp/ip/ulp_proc_sys_reset_ctrl_slr1_0/ulp_proc_sys_reset_ctrl_slr1_0_board.xdc] for cell 'level0_i/ulp/proc_sys_reset_ctrl_slr1/U0'
Parsing XDC File [/home/cs2401.03/mini1-gemm/build/hw/_x/link/vivado/vpl/prj/prj.gen/my_rm/bd/ulp/ip/ulp_proc_sys_reset_kernel_slr0_0/ulp_proc_sys_reset_kernel_slr0_0_board.xdc] for cell 'level0_i/ulp/proc_sys_reset_kernel_slr0/U0'
Finished Parsing XDC File [/home/cs2401.03/mini1-gemm/build/hw/_x/link/vivado/vpl/prj/prj.gen/my_rm/bd/ulp/ip/ulp_proc_sys_reset_kernel_slr0_0/ulp_proc_sys_reset_kernel_slr0_0_board.xdc] for cell 'level0_i/ulp/proc_sys_reset_kernel_slr0/U0'
Parsing XDC File [/home/cs2401.03/mini1-gemm/build/hw/_x/link/vivado/vpl/prj/prj.gen/my_rm/bd/ulp/ip/ulp_proc_sys_reset_kernel_slr1_0/ulp_proc_sys_reset_kernel_slr1_0_board.xdc] for cell 'level0_i/ulp/proc_sys_reset_kernel_slr1/U0'
Finished Parsing XDC File [/home/cs2401.03/mini1-gemm/build/hw/_x/link/vivado/vpl/prj/prj.gen/my_rm/bd/ulp/ip/ulp_proc_sys_reset_kernel_slr1_0/ulp_proc_sys_reset_kernel_slr1_0_board.xdc] for cell 'level0_i/ulp/proc_sys_reset_kernel_slr1/U0'
Parsing XDC File [/home/cs2401.03/mini1-gemm/build/hw/_x/link/vivado/vpl/prj/prj.gen/my_rm/bd/ulp/ip/ulp_proc_sys_reset_kernel2_slr0_0/ulp_proc_sys_reset_kernel2_slr0_0_board.xdc] for cell 'level0_i/ulp/proc_sys_reset_kernel2_slr0/U0'
Finished Parsing XDC File [/home/cs2401.03/mini1-gemm/build/hw/_x/link/vivado/vpl/prj/prj.gen/my_rm/bd/ulp/ip/ulp_proc_sys_reset_kernel2_slr0_0/ulp_proc_sys_reset_kernel2_slr0_0_board.xdc] for cell 'level0_i/ulp/proc_sys_reset_kernel2_slr0/U0'
Parsing XDC File [/home/cs2401.03/mini1-gemm/build/hw/_x/link/vivado/vpl/prj/prj.gen/my_rm/bd/ulp/ip/ulp_proc_sys_reset_kernel2_slr1_0/ulp_proc_sys_reset_kernel2_slr1_0_board.xdc] for cell 'level0_i/ulp/proc_sys_reset_kernel2_slr1/U0'
Finished Parsing XDC File [/home/cs2401.03/mini1-gemm/build/hw/_x/link/vivado/vpl/prj/prj.gen/my_rm/bd/ulp/ip/ulp_proc_sys_reset_kernel2_slr1_0/ulp_proc_sys_reset_kernel2_slr1_0_board.xdc] for cell 'level0_i/ulp/proc_sys_reset_kernel2_slr1/U0'
Parsing XDC File [/home/cs2401.03/mini1-gemm/build/hw/_x/link/vivado/vpl/prj/prj.gen/my_rm/bd/ulp/ip/ulp_proc_sys_reset_freerun_slr0_0/ulp_proc_sys_reset_freerun_slr0_0_board.xdc] for cell 'level0_i/ulp/proc_sys_reset_freerun_slr0/U0'
Finished Parsing XDC File [/home/cs2401.03/mini1-gemm/build/hw/_x/link/vivado/vpl/prj/prj.gen/my_rm/bd/ulp/ip/ulp_proc_sys_reset_freerun_slr0_0/ulp_proc_sys_reset_freerun_slr0_0_board.xdc] for cell 'level0_i/ulp/proc_sys_reset_freerun_slr0/U0'
Parsing XDC File [/home/cs2401.03/mini1-gemm/build/hw/_x/link/vivado/vpl/prj/prj.gen/my_rm/bd/ulp/ip/ulp_proc_sys_reset_freerun_slr1_0/ulp_proc_sys_reset_freerun_slr1_0_board.xdc] for cell 'level0_i/ulp/proc_sys_reset_freerun_slr1/U0'
Finished Parsing XDC File [/home/cs2401.03/mini1-gemm/build/hw/_x/link/vivado/vpl/prj/prj.gen/my_rm/bd/ulp/ip/ulp_proc_sys_reset_freerun_slr1_0/ulp_proc_sys_reset_freerun_slr1_0_board.xdc] for cell 'level0_i/ulp/proc_sys_reset_freerun_slr1/U0'
Parsing XDC File [/home/cs2401.03/mini1-gemm/build/hw/_x/link/vivado/vpl/prj/prj.gen/my_rm/bd/ulp/ip/ulp_axi_gpio_null_0/ulp_axi_gpio_null_0_board.xdc] for cell 'level0_i/ulp/SLR0/axi_gpio_null/U0'
Finished Parsing XDC File [/home/cs2401.03/mini1-gemm/build/hw/_x/link/vivado/vpl/prj/prj.gen/my_rm/bd/ulp/ip/ulp_axi_gpio_null_0/ulp_axi_gpio_null_0_board.xdc] for cell 'level0_i/ulp/SLR0/axi_gpio_null/U0'
Parsing XDC File [/home/cs2401.03/mini1-gemm/build/hw/_x/link/vivado/vpl/prj/prj.gen/my_rm/bd/ulp/ip/ulp_axi_gpio_null_1/ulp_axi_gpio_null_1_board.xdc] for cell 'level0_i/ulp/SLR1/axi_gpio_null/U0'
Finished Parsing XDC File [/home/cs2401.03/mini1-gemm/build/hw/_x/link/vivado/vpl/prj/prj.gen/my_rm/bd/ulp/ip/ulp_axi_gpio_null_1/ulp_axi_gpio_null_1_board.xdc] for cell 'level0_i/ulp/SLR1/axi_gpio_null/U0'
Parsing XDC File [/home/cs2401.03/mini1-gemm/build/hw/_x/link/vivado/vpl/.local/hw_platform/hw_bb_locked/level0_wrapper_board.xdc]
Finished Parsing XDC File [/home/cs2401.03/mini1-gemm/build/hw/_x/link/vivado/vpl/.local/hw_platform/hw_bb_locked/level0_wrapper_board.xdc]
Parsing XDC File [/home/cs2401.03/mini1-gemm/build/hw/_x/link/vivado/vpl/.local/hw_platform/hw_bb_locked/level0_wrapper_early.xdc]
WARNING: [Vivado 12-25895] EXCLUDE_PLACEMENT is mutually exclusive with IS_SOFT, IS_SOFT property for pblock pblock_ii_blp_ulp_pipe_0 has been changed to false in order to set EXCLUDE_PLACEMENT to true. [impl.pblocks.xdc:39]
WARNING: [Constraints 18-5575] Vivado has detected improper pblock hierarchy. Please make sure parent pblock 'pblock_dynamic_region' is created and assigned before its children pblocks 'pblock_dynamic_SLR0' are created and assigned. [impl.pblocks.xdc:64]
INFO: [Power 33-23] Power model is not available for STARTUP_8SERIES_GEN.STARTUP3_8SERIES_inst [ip_pcie4c_uscale_plus_x1y0.xdc:226]
WARNING: [Timing 38-172] LUT was found on clock network. Both rising/falling clock edges are propagated from LUT output pin. Use set_clock_sense to specify if that clock should be inverted or not. e.g. set_clock_sense -positive/-negative level0_i/blp/blp_i/ss_cmp/inst/mgmt_debug_bridge/inst/bs_mux/inst/drck_INST_0/O [ip_pcie4c_uscale_plus_x1y0.xdc:226]
WARNING: [Timing 38-172] LUT was found on clock network. Both rising/falling clock edges are propagated from LUT output pin. Use set_clock_sense to specify if that clock should be inverted or not. e.g. set_clock_sense -positive/-negative level0_i/blp/blp_i/ss_cmp/inst/mgmt_debug_bridge/inst/bs_mux/inst/update_INST_0/O [ip_pcie4c_uscale_plus_x1y0.xdc:226]
set_switching_activity: Time (s): cpu = 00:01:21 ; elapsed = 00:00:28 . Memory (MB): peak = 6943.730 ; gain = 1063.875 ; free physical = 159014 ; free virtual = 462358
WARNING: [Vivado_Tcl 4-2057] Waiver ID 'DPIP-2' object list specifies likely unusable hierarchical instance 'level0_i/blp/blp_i/ss_cmc/inst/microblaze_cmc/U0/MicroBlaze_Core_I/Performance.Core/Data_Flow_I/MUL_Unit_I/Use_HW_MUL.Using_DSP48_Architectures.Doing_mul64.Virtex_MUL64.dsp_module_I2/Using_DSP48E1.DSP48E1_I1'. [bd_c91f_microblaze_cmc_0.xdc:8]
WARNING: [Vivado_Tcl 4-2057] Waiver ID 'DPIP-2' object list specifies likely unusable hierarchical instance 'level0_i/blp/blp_i/ss_cmc/inst/microblaze_cmc/U0/MicroBlaze_Core_I/Performance.Core/Data_Flow_I/MUL_Unit_I/Use_HW_MUL.Using_DSP48_Architectures.Doing_mul64.Virtex_MUL64.dsp_module_I3/Using_DSP48E1.DSP48E1_I1'. [bd_c91f_microblaze_cmc_0.xdc:8]
WARNING: [Vivado_Tcl 4-2057] Waiver ID 'DPIP-2' object list specifies likely unusable hierarchical instance 'level0_i/blp/blp_i/ss_cmc/inst/microblaze_cmc/U0/MicroBlaze_Core_I/Performance.Core/Data_Flow_I/MUL_Unit_I/Use_HW_MUL.Using_DSP48_Architectures.Doing_mul64.Virtex_MUL64.dsp_module_I4/Using_DSP48E1.DSP48E1_I1'. [bd_c91f_microblaze_cmc_0.xdc:8]
WARNING: [Vivado_Tcl 4-2057] Waiver ID 'DPIP-2' object list specifies likely unusable hierarchical instance 'level0_i/blp/blp_i/ss_cmc/inst/microblaze_cmc/U0/MicroBlaze_Core_I/Performance.Core/Data_Flow_I/MUL_Unit_I/Use_HW_MUL.Using_DSP48_Architectures.dsp_module_I1/Using_DSP48E1.DSP48E1_I1'. [bd_c91f_microblaze_cmc_0.xdc:8]
WARNING: [Vivado_Tcl 4-2057] Waiver ID 'DPIP-2' object list specifies likely unusable hierarchical instance 'level0_i/blp/blp_i/ss_cmc/inst/microblaze_cmc/U0/MicroBlaze_Core_I/Performance.Core/Data_Flow_I/MUL_Unit_I/Use_HW_MUL.Using_DSP48_Architectures.Doing_mul64.Virtex_MUL64.dsp_module_I2/Using_DSP48E1.DSP48E1_I1'. [bd_c91f_microblaze_cmc_0.xdc:11]
WARNING: [Vivado_Tcl 4-2057] Waiver ID 'DPIP-2' object list specifies likely unusable hierarchical instance 'level0_i/blp/blp_i/ss_cmc/inst/microblaze_cmc/U0/MicroBlaze_Core_I/Performance.Core/Data_Flow_I/MUL_Unit_I/Use_HW_MUL.Using_DSP48_Architectures.Doing_mul64.Virtex_MUL64.dsp_module_I3/Using_DSP48E1.DSP48E1_I1'. [bd_c91f_microblaze_cmc_0.xdc:11]
WARNING: [Vivado_Tcl 4-2057] Waiver ID 'DPIP-2' object list specifies likely unusable hierarchical instance 'level0_i/blp/blp_i/ss_cmc/inst/microblaze_cmc/U0/MicroBlaze_Core_I/Performance.Core/Data_Flow_I/MUL_Unit_I/Use_HW_MUL.Using_DSP48_Architectures.Doing_mul64.Virtex_MUL64.dsp_module_I4/Using_DSP48E1.DSP48E1_I1'. [bd_c91f_microblaze_cmc_0.xdc:11]
WARNING: [Vivado_Tcl 4-2057] Waiver ID 'DPIP-2' object list specifies likely unusable hierarchical instance 'level0_i/blp/blp_i/ss_cmc/inst/microblaze_cmc/U0/MicroBlaze_Core_I/Performance.Core/Data_Flow_I/MUL_Unit_I/Use_HW_MUL.Using_DSP48_Architectures.dsp_module_I1/Using_DSP48E1.DSP48E1_I1'. [bd_c91f_microblaze_cmc_0.xdc:11]
WARNING: [Vivado_Tcl 4-2057] Waiver ID 'DPOP-3' object list specifies likely unusable hierarchical instance 'level0_i/blp/blp_i/ss_cmc/inst/microblaze_cmc/U0/MicroBlaze_Core_I/Performance.Core/Data_Flow_I/MUL_Unit_I/Use_HW_MUL.Using_DSP48_Architectures.Doing_mul64.Virtex_MUL64.dsp_module_I2/Using_DSP48E1.DSP48E1_I1'. [bd_c91f_microblaze_cmc_0.xdc:14]
WARNING: [Vivado_Tcl 4-2057] Waiver ID 'DPOP-3' object list specifies likely unusable hierarchical instance 'level0_i/blp/blp_i/ss_cmc/inst/microblaze_cmc/U0/MicroBlaze_Core_I/Performance.Core/Data_Flow_I/MUL_Unit_I/Use_HW_MUL.Using_DSP48_Architectures.Doing_mul64.Virtex_MUL64.dsp_module_I3/Using_DSP48E1.DSP48E1_I1'. [bd_c91f_microblaze_cmc_0.xdc:14]
WARNING: [Vivado_Tcl 4-2057] Waiver ID 'DPOP-3' object list specifies likely unusable hierarchical instance 'level0_i/blp/blp_i/ss_cmc/inst/microblaze_cmc/U0/MicroBlaze_Core_I/Performance.Core/Data_Flow_I/MUL_Unit_I/Use_HW_MUL.Using_DSP48_Architectures.Doing_mul64.Virtex_MUL64.dsp_module_I4/Using_DSP48E1.DSP48E1_I1'. [bd_c91f_microblaze_cmc_0.xdc:14]
WARNING: [Vivado_Tcl 4-2057] Waiver ID 'DPOP-3' object list specifies likely unusable hierarchical instance 'level0_i/blp/blp_i/ss_cmc/inst/microblaze_cmc/U0/MicroBlaze_Core_I/Performance.Core/Data_Flow_I/MUL_Unit_I/Use_HW_MUL.Using_DSP48_Architectures.dsp_module_I1/Using_DSP48E1.DSP48E1_I1'. [bd_c91f_microblaze_cmc_0.xdc:14]
WARNING: [Vivado_Tcl 4-2057] Waiver ID 'DPOP-3' object list specifies likely unusable hierarchical instance 'level0_i/blp/blp_i/ss_cmc/inst/microblaze_cmc/U0/MicroBlaze_Core_I/Performance.Core/Data_Flow_I/MUL_Unit_I/Use_HW_MUL.Using_DSP48_Architectures.Doing_mul64.Virtex_MUL64.dsp_module_I2/Using_DSP48E1.DSP48E1_I1'. [bd_c91f_microblaze_cmc_0.xdc:20]
WARNING: [Vivado_Tcl 4-2057] Waiver ID 'DPOP-3' object list specifies likely unusable hierarchical instance 'level0_i/blp/blp_i/ss_cmc/inst/microblaze_cmc/U0/MicroBlaze_Core_I/Performance.Core/Data_Flow_I/MUL_Unit_I/Use_HW_MUL.Using_DSP48_Architectures.Doing_mul64.Virtex_MUL64.dsp_module_I3/Using_DSP48E1.DSP48E1_I1'. [bd_c91f_microblaze_cmc_0.xdc:20]
WARNING: [Vivado_Tcl 4-2057] Waiver ID 'DPOP-3' object list specifies likely unusable hierarchical instance 'level0_i/blp/blp_i/ss_cmc/inst/microblaze_cmc/U0/MicroBlaze_Core_I/Performance.Core/Data_Flow_I/MUL_Unit_I/Use_HW_MUL.Using_DSP48_Architectures.Doing_mul64.Virtex_MUL64.dsp_module_I4/Using_DSP48E1.DSP48E1_I1'. [bd_c91f_microblaze_cmc_0.xdc:20]
WARNING: [Vivado_Tcl 4-2057] Waiver ID 'DPOP-3' object list specifies likely unusable hierarchical instance 'level0_i/blp/blp_i/ss_cmc/inst/microblaze_cmc/U0/MicroBlaze_Core_I/Performance.Core/Data_Flow_I/MUL_Unit_I/Use_HW_MUL.Using_DSP48_Architectures.dsp_module_I1/Using_DSP48E1.DSP48E1_I1'. [bd_c91f_microblaze_cmc_0.xdc:20]
WARNING: [Vivado_Tcl 4-2057] Waiver ID 'DPOP-4' object list specifies likely unusable hierarchical instance 'level0_i/blp/blp_i/ss_cmc/inst/microblaze_cmc/U0/MicroBlaze_Core_I/Performance.Core/Data_Flow_I/MUL_Unit_I/Use_HW_MUL.Using_DSP48_Architectures.Doing_mul64.Virtex_MUL64.dsp_module_I2/Using_DSP48E1.DSP48E1_I1'. [bd_c91f_microblaze_cmc_0.xdc:23]
WARNING: [Vivado_Tcl 4-2057] Waiver ID 'DPOP-4' object list specifies likely unusable hierarchical instance 'level0_i/blp/blp_i/ss_cmc/inst/microblaze_cmc/U0/MicroBlaze_Core_I/Performance.Core/Data_Flow_I/MUL_Unit_I/Use_HW_MUL.Using_DSP48_Architectures.Doing_mul64.Virtex_MUL64.dsp_module_I3/Using_DSP48E1.DSP48E1_I1'. [bd_c91f_microblaze_cmc_0.xdc:23]
WARNING: [Vivado_Tcl 4-2057] Waiver ID 'DPOP-4' object list specifies likely unusable hierarchical instance 'level0_i/blp/blp_i/ss_cmc/inst/microblaze_cmc/U0/MicroBlaze_Core_I/Performance.Core/Data_Flow_I/MUL_Unit_I/Use_HW_MUL.Using_DSP48_Architectures.Doing_mul64.Virtex_MUL64.dsp_module_I4/Using_DSP48E1.DSP48E1_I1'. [bd_c91f_microblaze_cmc_0.xdc:23]
WARNING: [Vivado_Tcl 4-2057] Waiver ID 'DPOP-4' object list specifies likely unusable hierarchical instance 'level0_i/blp/blp_i/ss_cmc/inst/microblaze_cmc/U0/MicroBlaze_Core_I/Performance.Core/Data_Flow_I/MUL_Unit_I/Use_HW_MUL.Using_DSP48_Architectures.dsp_module_I1/Using_DSP48E1.DSP48E1_I1'. [bd_c91f_microblaze_cmc_0.xdc:23]
WARNING: [Vivado_Tcl 4-2057] Waiver ID 'DPOP-4' object list specifies likely unusable hierarchical instance 'level0_i/blp/blp_i/ss_cmc/inst/microblaze_cmc/U0/MicroBlaze_Core_I/Performance.Core/Data_Flow_I/MUL_Unit_I/Use_HW_MUL.Using_DSP48_Architectures.Doing_mul64.Virtex_MUL64.dsp_module_I2/Using_DSP48E1.DSP48E1_I1'. [bd_c91f_microblaze_cmc_0.xdc:26]
WARNING: [Vivado_Tcl 4-2057] Waiver ID 'DPOP-4' object list specifies likely unusable hierarchical instance 'level0_i/blp/blp_i/ss_cmc/inst/microblaze_cmc/U0/MicroBlaze_Core_I/Performance.Core/Data_Flow_I/MUL_Unit_I/Use_HW_MUL.Using_DSP48_Architectures.Doing_mul64.Virtex_MUL64.dsp_module_I3/Using_DSP48E1.DSP48E1_I1'. [bd_c91f_microblaze_cmc_0.xdc:26]
WARNING: [Vivado_Tcl 4-2057] Waiver ID 'DPOP-4' object list specifies likely unusable hierarchical instance 'level0_i/blp/blp_i/ss_cmc/inst/microblaze_cmc/U0/MicroBlaze_Core_I/Performance.Core/Data_Flow_I/MUL_Unit_I/Use_HW_MUL.Using_DSP48_Architectures.Doing_mul64.Virtex_MUL64.dsp_module_I4/Using_DSP48E1.DSP48E1_I1'. [bd_c91f_microblaze_cmc_0.xdc:26]
WARNING: [Vivado_Tcl 4-2057] Waiver ID 'DPOP-4' object list specifies likely unusable hierarchical instance 'level0_i/blp/blp_i/ss_cmc/inst/microblaze_cmc/U0/MicroBlaze_Core_I/Performance.Core/Data_Flow_I/MUL_Unit_I/Use_HW_MUL.Using_DSP48_Architectures.dsp_module_I1/Using_DSP48E1.DSP48E1_I1'. [bd_c91f_microblaze_cmc_0.xdc:26]
WARNING: [Vivado_Tcl 4-2057] Waiver ID 'DPOP-4' object list specifies likely unusable hierarchical instance 'level0_i/blp/blp_i/ss_cmc/inst/microblaze_cmc/U0/MicroBlaze_Core_I/Performance.Core/Data_Flow_I/MUL_Unit_I/Use_HW_MUL.Using_DSP48_Architectures.Doing_mul64.Virtex_MUL64.dsp_module_I2/Using_DSP48E1.DSP48E1_I1'. [bd_c91f_microblaze_cmc_0.xdc:29]
WARNING: [Vivado_Tcl 4-2057] Waiver ID 'DPOP-4' object list specifies likely unusable hierarchical instance 'level0_i/blp/blp_i/ss_cmc/inst/microblaze_cmc/U0/MicroBlaze_Core_I/Performance.Core/Data_Flow_I/MUL_Unit_I/Use_HW_MUL.Using_DSP48_Architectures.Doing_mul64.Virtex_MUL64.dsp_module_I3/Using_DSP48E1.DSP48E1_I1'. [bd_c91f_microblaze_cmc_0.xdc:29]
WARNING: [Vivado_Tcl 4-2057] Waiver ID 'DPOP-4' object list specifies likely unusable hierarchical instance 'level0_i/blp/blp_i/ss_cmc/inst/microblaze_cmc/U0/MicroBlaze_Core_I/Performance.Core/Data_Flow_I/MUL_Unit_I/Use_HW_MUL.Using_DSP48_Architectures.Doing_mul64.Virtex_MUL64.dsp_module_I4/Using_DSP48E1.DSP48E1_I1'. [bd_c91f_microblaze_cmc_0.xdc:29]
WARNING: [Vivado_Tcl 4-2057] Waiver ID 'DPOP-4' object list specifies likely unusable hierarchical instance 'level0_i/blp/blp_i/ss_cmc/inst/microblaze_cmc/U0/MicroBlaze_Core_I/Performance.Core/Data_Flow_I/MUL_Unit_I/Use_HW_MUL.Using_DSP48_Architectures.dsp_module_I1/Using_DSP48E1.DSP48E1_I1'. [bd_c91f_microblaze_cmc_0.xdc:29]
Finished Parsing XDC File [/home/cs2401.03/mini1-gemm/build/hw/_x/link/vivado/vpl/.local/hw_platform/hw_bb_locked/level0_wrapper_early.xdc]
Parsing XDC File [/home/cs2401.03/mini1-gemm/build/hw/_x/link/vivado/vpl/output/dont_partition.xdc]
Finished Parsing XDC File [/home/cs2401.03/mini1-gemm/build/hw/_x/link/vivado/vpl/output/dont_partition.xdc]
Parsing XDC File [/home/cs2401.03/mini1-gemm/build/hw/_x/link/vivado/vpl/.local/hw_platform/hw_bb_locked/level0_wrapper.xdc]
INFO: [Timing 38-2] Deriving generated clocks [xsdbm_gc_late_late.xdc:55]
Finished Parsing XDC File [/home/cs2401.03/mini1-gemm/build/hw/_x/link/vivado/vpl/.local/hw_platform/hw_bb_locked/level0_wrapper.xdc]
Parsing XDC File [/home/cs2401.03/mini1-gemm/build/hw/_x/link/vivado/vpl/.local/hw_platform/hw_bb_locked/level0_wrapper_late.xdc]
INFO: [Vivado 12-24630] Instance: 'level0_i/ulp' is a DFX HD.RECONFIGURABLE module.
INFO: [Vivado 12-2286] Implicit search of objects for pattern 'clk_sck' matched to 'clock' objects. [impl.clocks.xdc:36]
Resolution: To avoid ambiguous patterns, provide proper objects using get commands e.g. [get_nets xyz].
INFO: [Vivado 12-2286] Implicit search of objects for pattern 'clk_sck' matched to 'clock' objects. [impl.clocks.xdc:37]
Resolution: To avoid ambiguous patterns, provide proper objects using get commands e.g. [get_nets xyz].
INFO: [Vivado 12-2286] Implicit search of objects for pattern 'clk_sck' matched to 'clock' objects. [impl.clocks.xdc:40]
Resolution: To avoid ambiguous patterns, provide proper objects using get commands e.g. [get_nets xyz].
Finished Parsing XDC File [/home/cs2401.03/mini1-gemm/build/hw/_x/link/vivado/vpl/.local/hw_platform/hw_bb_locked/level0_wrapper_late.xdc]
INFO: [Designutils 20-5722] Start Reading Physical Databases.
Reading placement.
Reading placer database...
Read Old Netlist Cache: Time (s): cpu = 00:00:00.26 ; elapsed = 00:00:00.27 . Memory (MB): peak = 6943.730 ; gain = 0.000 ; free physical = 158991 ; free virtual = 462342
Read Device Cache: Time (s): cpu = 00:00:00.03 ; elapsed = 00:00:00.03 . Memory (MB): peak = 6943.730 ; gain = 0.000 ; free physical = 158990 ; free virtual = 462342
Read PlaceDB: Time (s): cpu = 00:00:05 ; elapsed = 00:00:05 . Memory (MB): peak = 7028.137 ; gain = 84.406 ; free physical = 158885 ; free virtual = 462254
Read PulsedLatchDB: Time (s): cpu = 00:00:00 ; elapsed = 00:00:00 . Memory (MB): peak = 7028.137 ; gain = 0.000 ; free physical = 158884 ; free virtual = 462253
Reading routing.
Read RouteStorage: Time (s): cpu = 00:00:04 ; elapsed = 00:00:05 . Memory (MB): peak = 7174.637 ; gain = 146.500 ; free physical = 158716 ; free virtual = 462108
Read Physdb Files: Time (s): cpu = 00:00:10 ; elapsed = 00:00:10 . Memory (MB): peak = 7174.637 ; gain = 230.906 ; free physical = 158716 ; free virtual = 462108
Restored from archive | CPU: 10.760000 secs | Memory: 262.296425 MB |
Finished XDEF File Restore: Time (s): cpu = 00:00:11 ; elapsed = 00:00:11 . Memory (MB): peak = 7174.637 ; gain = 230.906 ; free physical = 158716 ; free virtual = 462108
WARNING: [Constraints 18-4434] Global Clock Buffer 'level0_i/blp/blp_i/freerun_clk/bufg_div/U0/USE_BUFGCE_DIV2.GEN_BUFGCE_DIV2[0].BUFGCE_DIV2_I' is LOCed to site 'BUFGCE_DIV_X0Y16'. Using a LOC constraint to assign the placement of a Global Clock Buffer can result in sub-optimal placement results.
Resolution: Remove the LOC constraint and use the CLOCK_REGION constraint to assign a Global Clock Buffer to a CLOCK_REGION.
WARNING: [Constraints 18-4434] Global Clock Buffer 'level0_i/blp/blp_i/ss_cmp/inst/jtag_fallback/inst/bs_switch/inst/BSCAN_SWITCH.N_EXT_BSCAN.u_bufg_icon_tck' is LOCed to site 'BUFGCE_X0Y32'. Using a LOC constraint to assign the placement of a Global Clock Buffer can result in sub-optimal placement results.
Resolution: Remove the LOC constraint and use the CLOCK_REGION constraint to assign a Global Clock Buffer to a CLOCK_REGION.
WARNING: [Constraints 18-4434] Global Clock Buffer 'level0_i/blp/blp_i/ss_cmp/inst/mdm_board_control/U0/No_Dbg_Reg_Access.BUFG_DRCK/Using_FPGA.Native' is LOCed to site 'BUFGCE_X0Y28'. Using a LOC constraint to assign the placement of a Global Clock Buffer can result in sub-optimal placement results.
Resolution: Remove the LOC constraint and use the CLOCK_REGION constraint to assign a Global Clock Buffer to a CLOCK_REGION.
WARNING: [Constraints 18-4434] Global Clock Buffer 'level0_i/blp/blp_i/ss_cmp/inst/mdm_board_control/U0/Use_External.Use_BSCANID.No_Dbg_Reg_Access.BUFG_UPDATE/Using_FPGA.Native' is LOCed to site 'BUFGCE_X0Y29'. Using a LOC constraint to assign the placement of a Global Clock Buffer can result in sub-optimal placement results.
Resolution: Remove the LOC constraint and use the CLOCK_REGION constraint to assign a Global Clock Buffer to a CLOCK_REGION.
WARNING: [Constraints 18-4434] Global Clock Buffer 'level0_i/blp/blp_i/ss_cmp/inst/mgmt_debug_bridge/inst/bs_mux/inst/u_bufg_mux' is LOCed to site 'BUFGCTRL_X0Y8'. Using a LOC constraint to assign the placement of a Global Clock Buffer can result in sub-optimal placement results.
Resolution: Remove the LOC constraint and use the CLOCK_REGION constraint to assign a Global Clock Buffer to a CLOCK_REGION.
WARNING: [Constraints 18-4434] Global Clock Buffer 'level0_i/blp/blp_i/ss_cmp/inst/mgmt_debug_bridge/inst/bsip/inst/USE_SOFTBSCAN.U_TAP_TCKBUFG' is LOCed to site 'BUFGCE_X0Y31'. Using a LOC constraint to assign the placement of a Global Clock Buffer can result in sub-optimal placement results.
Resolution: Remove the LOC constraint and use the CLOCK_REGION constraint to assign a Global Clock Buffer to a CLOCK_REGION.
WARNING: [Constraints 18-4434] Global Clock Buffer 'level0_i/blp/blp_i/ss_hif/inst/clkwiz_level0_periph/inst/clkout1_buf' is LOCed to site 'BUFGCE_X0Y26'. Using a LOC constraint to assign the placement of a Global Clock Buffer can result in sub-optimal placement results.
Resolution: Remove the LOC constraint and use the CLOCK_REGION constraint to assign a Global Clock Buffer to a CLOCK_REGION.
WARNING: [Constraints 18-4434] Global Clock Buffer 'level0_i/blp/blp_i/ss_hif/inst/clkwiz_level0_periph/inst/clkout2_buf' is LOCed to site 'BUFGCE_X0Y44'. Using a LOC constraint to assign the placement of a Global Clock Buffer can result in sub-optimal placement results.
Resolution: Remove the LOC constraint and use the CLOCK_REGION constraint to assign a Global Clock Buffer to a CLOCK_REGION.
WARNING: [Constraints 18-4434] Global Clock Buffer 'level0_i/blp/blp_i/ss_hif/inst/pcie/inst/bufg_gt_sysclk' is LOCed to site 'BUFG_GT_X1Y37'. Using a LOC constraint to assign the placement of a Global Clock Buffer can result in sub-optimal placement results.
Resolution: Remove the LOC constraint and use the CLOCK_REGION constraint to assign a Global Clock Buffer to a CLOCK_REGION.
WARNING: [Constraints 18-4434] Global Clock Buffer 'level0_i/blp/blp_i/ss_hif/inst/pcie/inst/bd_39ab_pcie_0_gt_top_i/diablo_gt.diablo_gt_phy_wrapper/gt_wizard.gtwizard_top_i/bd_39ab_pcie_0_gt_i/inst/gen_gtwizard_gtye4_top.bd_39ab_pcie_0_gt_gtwizard_gtye4_inst/gen_gtwizard_gtye4.gen_cpll_cal_gtye4.gen_cpll_cal_inst[0].gen_inst_cpll_cal.gtwizard_ultrascale_v1_7_12_gtye4_cpll_cal_inst/gtwizard_ultrascale_v1_7_12_gtye4_cpll_cal_tx_i/bufg_gt_txoutclkmon_inst' is LOCed to site 'BUFG_GT_X1Y16'. Using a LOC constraint to assign the placement of a Global Clock Buffer can result in sub-optimal placement results.
Resolution: Remove the LOC constraint and use the CLOCK_REGION constraint to assign a Global Clock Buffer to a CLOCK_REGION.
WARNING: [Constraints 18-4434] Global Clock Buffer 'level0_i/blp/blp_i/ss_hif/inst/pcie/inst/bd_39ab_pcie_0_gt_top_i/diablo_gt.diablo_gt_phy_wrapper/gt_wizard.gtwizard_top_i/bd_39ab_pcie_0_gt_i/inst/gen_gtwizard_gtye4_top.bd_39ab_pcie_0_gt_gtwizard_gtye4_inst/gen_gtwizard_gtye4.gen_cpll_cal_gtye4.gen_cpll_cal_inst[10].gen_inst_cpll_cal.gtwizard_ultrascale_v1_7_12_gtye4_cpll_cal_inst/gtwizard_ultrascale_v1_7_12_gtye4_cpll_cal_tx_i/bufg_gt_txoutclkmon_inst' is LOCed to site 'BUFG_GT_X1Y65'. Using a LOC constraint to assign the placement of a Global Clock Buffer can result in sub-optimal placement results.
Resolution: Remove the LOC constraint and use the CLOCK_REGION constraint to assign a Global Clock Buffer to a CLOCK_REGION.
WARNING: [Constraints 18-4434] Global Clock Buffer 'level0_i/blp/blp_i/ss_hif/inst/pcie/inst/bd_39ab_pcie_0_gt_top_i/diablo_gt.diablo_gt_phy_wrapper/gt_wizard.gtwizard_top_i/bd_39ab_pcie_0_gt_i/inst/gen_gtwizard_gtye4_top.bd_39ab_pcie_0_gt_gtwizard_gtye4_inst/gen_gtwizard_gtye4.gen_cpll_cal_gtye4.gen_cpll_cal_inst[11].gen_inst_cpll_cal.gtwizard_ultrascale_v1_7_12_gtye4_cpll_cal_inst/gtwizard_ultrascale_v1_7_12_gtye4_cpll_cal_tx_i/bufg_gt_txoutclkmon_inst' is LOCed to site 'BUFG_GT_X1Y62'. Using a LOC constraint to assign the placement of a Global Clock Buffer can result in sub-optimal placement results.
Resolution: Remove the LOC constraint and use the CLOCK_REGION constraint to assign a Global Clock Buffer to a CLOCK_REGION.
WARNING: [Constraints 18-4434] Global Clock Buffer 'level0_i/blp/blp_i/ss_hif/inst/pcie/inst/bd_39ab_pcie_0_gt_top_i/diablo_gt.diablo_gt_phy_wrapper/gt_wizard.gtwizard_top_i/bd_39ab_pcie_0_gt_i/inst/gen_gtwizard_gtye4_top.bd_39ab_pcie_0_gt_gtwizard_gtye4_inst/gen_gtwizard_gtye4.gen_cpll_cal_gtye4.gen_cpll_cal_inst[12].gen_inst_cpll_cal.gtwizard_ultrascale_v1_7_12_gtye4_cpll_cal_inst/gtwizard_ultrascale_v1_7_12_gtye4_cpll_cal_tx_i/bufg_gt_txoutclkmon_inst' is LOCed to site 'BUFG_GT_X1Y78'. Using a LOC constraint to assign the placement of a Global Clock Buffer can result in sub-optimal placement results.
Resolution: Remove the LOC constraint and use the CLOCK_REGION constraint to assign a Global Clock Buffer to a CLOCK_REGION.
WARNING: [Constraints 18-4434] Global Clock Buffer 'level0_i/blp/blp_i/ss_hif/inst/pcie/inst/bd_39ab_pcie_0_gt_top_i/diablo_gt.diablo_gt_phy_wrapper/gt_wizard.gtwizard_top_i/bd_39ab_pcie_0_gt_i/inst/gen_gtwizard_gtye4_top.bd_39ab_pcie_0_gt_gtwizard_gtye4_inst/gen_gtwizard_gtye4.gen_cpll_cal_gtye4.gen_cpll_cal_inst[13].gen_inst_cpll_cal.gtwizard_ultrascale_v1_7_12_gtye4_cpll_cal_inst/gtwizard_ultrascale_v1_7_12_gtye4_cpll_cal_tx_i/bufg_gt_txoutclkmon_inst' is LOCed to site 'BUFG_GT_X1Y95'. Using a LOC constraint to assign the placement of a Global Clock Buffer can result in sub-optimal placement results.
Resolution: Remove the LOC constraint and use the CLOCK_REGION constraint to assign a Global Clock Buffer to a CLOCK_REGION.
WARNING: [Constraints 18-4434] Global Clock Buffer 'level0_i/blp/blp_i/ss_hif/inst/pcie/inst/bd_39ab_pcie_0_gt_top_i/diablo_gt.diablo_gt_phy_wrapper/gt_wizard.gtwizard_top_i/bd_39ab_pcie_0_gt_i/inst/gen_gtwizard_gtye4_top.bd_39ab_pcie_0_gt_gtwizard_gtye4_inst/gen_gtwizard_gtye4.gen_cpll_cal_gtye4.gen_cpll_cal_inst[14].gen_inst_cpll_cal.gtwizard_ultrascale_v1_7_12_gtye4_cpll_cal_inst/gtwizard_ultrascale_v1_7_12_gtye4_cpll_cal_tx_i/bufg_gt_txoutclkmon_inst' is LOCed to site 'BUFG_GT_X1Y87'. Using a LOC constraint to assign the placement of a Global Clock Buffer can result in sub-optimal placement results.
Resolution: Remove the LOC constraint and use the CLOCK_REGION constraint to assign a Global Clock Buffer to a CLOCK_REGION.
WARNING: [Constraints 18-4434] Global Clock Buffer 'level0_i/blp/blp_i/ss_hif/inst/pcie/inst/bd_39ab_pcie_0_gt_top_i/diablo_gt.diablo_gt_phy_wrapper/gt_wizard.gtwizard_top_i/bd_39ab_pcie_0_gt_i/inst/gen_gtwizard_gtye4_top.bd_39ab_pcie_0_gt_gtwizard_gtye4_inst/gen_gtwizard_gtye4.gen_cpll_cal_gtye4.gen_cpll_cal_inst[15].gen_inst_cpll_cal.gtwizard_ultrascale_v1_7_12_gtye4_cpll_cal_inst/gtwizard_ultrascale_v1_7_12_gtye4_cpll_cal_tx_i/bufg_gt_txoutclkmon_inst' is LOCed to site 'BUFG_GT_X1Y89'. Using a LOC constraint to assign the placement of a Global Clock Buffer can result in sub-optimal placement results.
Resolution: Remove the LOC constraint and use the CLOCK_REGION constraint to assign a Global Clock Buffer to a CLOCK_REGION.
WARNING: [Constraints 18-4434] Global Clock Buffer 'level0_i/blp/blp_i/ss_hif/inst/pcie/inst/bd_39ab_pcie_0_gt_top_i/diablo_gt.diablo_gt_phy_wrapper/gt_wizard.gtwizard_top_i/bd_39ab_pcie_0_gt_i/inst/gen_gtwizard_gtye4_top.bd_39ab_pcie_0_gt_gtwizard_gtye4_inst/gen_gtwizard_gtye4.gen_cpll_cal_gtye4.gen_cpll_cal_inst[1].gen_inst_cpll_cal.gtwizard_ultrascale_v1_7_12_gtye4_cpll_cal_inst/gtwizard_ultrascale_v1_7_12_gtye4_cpll_cal_tx_i/bufg_gt_txoutclkmon_inst' is LOCed to site 'BUFG_GT_X1Y11'. Using a LOC constraint to assign the placement of a Global Clock Buffer can result in sub-optimal placement results.
Resolution: Remove the LOC constraint and use the CLOCK_REGION constraint to assign a Global Clock Buffer to a CLOCK_REGION.
WARNING: [Constraints 18-4434] Global Clock Buffer 'level0_i/blp/blp_i/ss_hif/inst/pcie/inst/bd_39ab_pcie_0_gt_top_i/diablo_gt.diablo_gt_phy_wrapper/gt_wizard.gtwizard_top_i/bd_39ab_pcie_0_gt_i/inst/gen_gtwizard_gtye4_top.bd_39ab_pcie_0_gt_gtwizard_gtye4_inst/gen_gtwizard_gtye4.gen_cpll_cal_gtye4.gen_cpll_cal_inst[2].gen_inst_cpll_cal.gtwizard_ultrascale_v1_7_12_gtye4_cpll_cal_inst/gtwizard_ultrascale_v1_7_12_gtye4_cpll_cal_tx_i/bufg_gt_txoutclkmon_inst' is LOCed to site 'BUFG_GT_X1Y15'. Using a LOC constraint to assign the placement of a Global Clock Buffer can result in sub-optimal placement results.
Resolution: Remove the LOC constraint and use the CLOCK_REGION constraint to assign a Global Clock Buffer to a CLOCK_REGION.
WARNING: [Constraints 18-4434] Global Clock Buffer 'level0_i/blp/blp_i/ss_hif/inst/pcie/inst/bd_39ab_pcie_0_gt_top_i/diablo_gt.diablo_gt_phy_wrapper/gt_wizard.gtwizard_top_i/bd_39ab_pcie_0_gt_i/inst/gen_gtwizard_gtye4_top.bd_39ab_pcie_0_gt_gtwizard_gtye4_inst/gen_gtwizard_gtye4.gen_cpll_cal_gtye4.gen_cpll_cal_inst[3].gen_inst_cpll_cal.gtwizard_ultrascale_v1_7_12_gtye4_cpll_cal_inst/gtwizard_ultrascale_v1_7_12_gtye4_cpll_cal_tx_i/bufg_gt_txoutclkmon_inst' is LOCed to site 'BUFG_GT_X1Y17'. Using a LOC constraint to assign the placement of a Global Clock Buffer can result in sub-optimal placement results.
Resolution: Remove the LOC constraint and use the CLOCK_REGION constraint to assign a Global Clock Buffer to a CLOCK_REGION.
WARNING: [Constraints 18-4434] Global Clock Buffer 'level0_i/blp/blp_i/ss_hif/inst/pcie/inst/bd_39ab_pcie_0_gt_top_i/diablo_gt.diablo_gt_phy_wrapper/gt_wizard.gtwizard_top_i/bd_39ab_pcie_0_gt_i/inst/gen_gtwizard_gtye4_top.bd_39ab_pcie_0_gt_gtwizard_gtye4_inst/gen_gtwizard_gtye4.gen_cpll_cal_gtye4.gen_cpll_cal_inst[4].gen_inst_cpll_cal.gtwizard_ultrascale_v1_7_12_gtye4_cpll_cal_inst/gtwizard_ultrascale_v1_7_12_gtye4_cpll_cal_tx_i/bufg_gt_txoutclkmon_inst' is LOCed to site 'BUFG_GT_X1Y30'. Using a LOC constraint to assign the placement of a Global Clock Buffer can result in sub-optimal placement results.
Resolution: Remove the LOC constraint and use the CLOCK_REGION constraint to assign a Global Clock Buffer to a CLOCK_REGION.
WARNING: [Constraints 18-4434] Global Clock Buffer 'level0_i/blp/blp_i/ss_hif/inst/pcie/inst/bd_39ab_pcie_0_gt_top_i/diablo_gt.diablo_gt_phy_wrapper/gt_wizard.gtwizard_top_i/bd_39ab_pcie_0_gt_i/inst/gen_gtwizard_gtye4_top.bd_39ab_pcie_0_gt_gtwizard_gtye4_inst/gen_gtwizard_gtye4.gen_cpll_cal_gtye4.gen_cpll_cal_inst[5].gen_inst_cpll_cal.gtwizard_ultrascale_v1_7_12_gtye4_cpll_cal_inst/gtwizard_ultrascale_v1_7_12_gtye4_cpll_cal_tx_i/bufg_gt_txoutclkmon_inst' is LOCed to site 'BUFG_GT_X1Y34'. Using a LOC constraint to assign the placement of a Global Clock Buffer can result in sub-optimal placement results.
Resolution: Remove the LOC constraint and use the CLOCK_REGION constraint to assign a Global Clock Buffer to a CLOCK_REGION.
WARNING: [Constraints 18-4434] Global Clock Buffer 'level0_i/blp/blp_i/ss_hif/inst/pcie/inst/bd_39ab_pcie_0_gt_top_i/diablo_gt.diablo_gt_phy_wrapper/gt_wizard.gtwizard_top_i/bd_39ab_pcie_0_gt_i/inst/gen_gtwizard_gtye4_top.bd_39ab_pcie_0_gt_gtwizard_gtye4_inst/gen_gtwizard_gtye4.gen_cpll_cal_gtye4.gen_cpll_cal_inst[6].gen_inst_cpll_cal.gtwizard_ultrascale_v1_7_12_gtye4_cpll_cal_inst/gtwizard_ultrascale_v1_7_12_gtye4_cpll_cal_tx_i/bufg_gt_txoutclkmon_inst' is LOCed to site 'BUFG_GT_X1Y39'. Using a LOC constraint to assign the placement of a Global Clock Buffer can result in sub-optimal placement results.
Resolution: Remove the LOC constraint and use the CLOCK_REGION constraint to assign a Global Clock Buffer to a CLOCK_REGION.
WARNING: [Constraints 18-4434] Global Clock Buffer 'level0_i/blp/blp_i/ss_hif/inst/pcie/inst/bd_39ab_pcie_0_gt_top_i/diablo_gt.diablo_gt_phy_wrapper/gt_wizard.gtwizard_top_i/bd_39ab_pcie_0_gt_i/inst/gen_gtwizard_gtye4_top.bd_39ab_pcie_0_gt_gtwizard_gtye4_inst/gen_gtwizard_gtye4.gen_cpll_cal_gtye4.gen_cpll_cal_inst[7].gen_inst_cpll_cal.gtwizard_ultrascale_v1_7_12_gtye4_cpll_cal_inst/gtwizard_ultrascale_v1_7_12_gtye4_cpll_cal_tx_i/bufg_gt_txoutclkmon_inst' is LOCed to site 'BUFG_GT_X1Y24'. Using a LOC constraint to assign the placement of a Global Clock Buffer can result in sub-optimal placement results.
Resolution: Remove the LOC constraint and use the CLOCK_REGION constraint to assign a Global Clock Buffer to a CLOCK_REGION.
WARNING: [Constraints 18-4434] Global Clock Buffer 'level0_i/blp/blp_i/ss_hif/inst/pcie/inst/bd_39ab_pcie_0_gt_top_i/diablo_gt.diablo_gt_phy_wrapper/gt_wizard.gtwizard_top_i/bd_39ab_pcie_0_gt_i/inst/gen_gtwizard_gtye4_top.bd_39ab_pcie_0_gt_gtwizard_gtye4_inst/gen_gtwizard_gtye4.gen_cpll_cal_gtye4.gen_cpll_cal_inst[8].gen_inst_cpll_cal.gtwizard_ultrascale_v1_7_12_gtye4_cpll_cal_inst/gtwizard_ultrascale_v1_7_12_gtye4_cpll_cal_tx_i/bufg_gt_txoutclkmon_inst' is LOCed to site 'BUFG_GT_X1Y71'. Using a LOC constraint to assign the placement of a Global Clock Buffer can result in sub-optimal placement results.
Resolution: Remove the LOC constraint and use the CLOCK_REGION constraint to assign a Global Clock Buffer to a CLOCK_REGION.
WARNING: [Constraints 18-4434] Global Clock Buffer 'level0_i/blp/blp_i/ss_hif/inst/pcie/inst/bd_39ab_pcie_0_gt_top_i/diablo_gt.diablo_gt_phy_wrapper/gt_wizard.gtwizard_top_i/bd_39ab_pcie_0_gt_i/inst/gen_gtwizard_gtye4_top.bd_39ab_pcie_0_gt_gtwizard_gtye4_inst/gen_gtwizard_gtye4.gen_cpll_cal_gtye4.gen_cpll_cal_inst[9].gen_inst_cpll_cal.gtwizard_ultrascale_v1_7_12_gtye4_cpll_cal_inst/gtwizard_ultrascale_v1_7_12_gtye4_cpll_cal_tx_i/bufg_gt_txoutclkmon_inst' is LOCed to site 'BUFG_GT_X1Y51'. Using a LOC constraint to assign the placement of a Global Clock Buffer can result in sub-optimal placement results.
Resolution: Remove the LOC constraint and use the CLOCK_REGION constraint to assign a Global Clock Buffer to a CLOCK_REGION.
WARNING: [Constraints 18-4434] Global Clock Buffer 'level0_i/blp/blp_i/ss_hif/inst/pcie/inst/bd_39ab_pcie_0_gt_top_i/diablo_gt.diablo_gt_phy_wrapper/phy_clk_i/bufg_gt_coreclk' is LOCed to site 'BUFG_GT_X1Y91'. Using a LOC constraint to assign the placement of a Global Clock Buffer can result in sub-optimal placement results.
Resolution: Remove the LOC constraint and use the CLOCK_REGION constraint to assign a Global Clock Buffer to a CLOCK_REGION.
WARNING: [Constraints 18-4434] Global Clock Buffer 'level0_i/blp/blp_i/ss_hif/inst/pcie/inst/bd_39ab_pcie_0_gt_top_i/diablo_gt.diablo_gt_phy_wrapper/phy_clk_i/bufg_gt_intclk' is LOCed to site 'BUFG_GT_X1Y84'. Using a LOC constraint to assign the placement of a Global Clock Buffer can result in sub-optimal placement results.
Resolution: Remove the LOC constraint and use the CLOCK_REGION constraint to assign a Global Clock Buffer to a CLOCK_REGION.
WARNING: [Constraints 18-4434] Global Clock Buffer 'level0_i/blp/blp_i/ss_hif/inst/pcie/inst/bd_39ab_pcie_0_gt_top_i/diablo_gt.diablo_gt_phy_wrapper/phy_clk_i/bufg_gt_mcapclk' is LOCed to site 'BUFG_GT_X1Y94'. Using a LOC constraint to assign the placement of a Global Clock Buffer can result in sub-optimal placement results.
Resolution: Remove the LOC constraint and use the CLOCK_REGION constraint to assign a Global Clock Buffer to a CLOCK_REGION.
WARNING: [Constraints 18-4434] Global Clock Buffer 'level0_i/blp/blp_i/ss_hif/inst/pcie/inst/bd_39ab_pcie_0_gt_top_i/diablo_gt.diablo_gt_phy_wrapper/phy_clk_i/bufg_gt_pclk' is LOCed to site 'BUFG_GT_X1Y93'. Using a LOC constraint to assign the placement of a Global Clock Buffer can result in sub-optimal placement results.
Resolution: Remove the LOC constraint and use the CLOCK_REGION constraint to assign a Global Clock Buffer to a CLOCK_REGION.
WARNING: [Constraints 18-4434] Global Clock Buffer 'level0_i/blp/blp_i/ss_hif/inst/pcie/inst/bd_39ab_pcie_0_gt_top_i/diablo_gt.diablo_gt_phy_wrapper/phy_clk_i/bufg_gt_userclk' is LOCed to site 'BUFG_GT_X1Y90'. Using a LOC constraint to assign the placement of a Global Clock Buffer can result in sub-optimal placement results.
Resolution: Remove the LOC constraint and use the CLOCK_REGION constraint to assign a Global Clock Buffer to a CLOCK_REGION.
Parsing XDC File [/home/cs2401.03/mini1-gemm/build/hw/_x/link/vivado/vpl/prj/prj.gen/my_rm/bd/ulp/ip/ulp_hmss_0_0/bd_0/ip/ip_3/bd_85ad_slice1_0_0_clocks.xdc] for cell 'level0_i/ulp/hmss_0/inst/path_0/slice1_0/inst'
Finished Parsing XDC File [/home/cs2401.03/mini1-gemm/build/hw/_x/link/vivado/vpl/prj/prj.gen/my_rm/bd/ulp/ip/ulp_hmss_0_0/bd_0/ip/ip_3/bd_85ad_slice1_0_0_clocks.xdc] for cell 'level0_i/ulp/hmss_0/inst/path_0/slice1_0/inst'
Parsing XDC File [/home/cs2401.03/mini1-gemm/build/hw/_x/link/vivado/vpl/prj/prj.gen/my_rm/bd/ulp/ip/ulp_hmss_0_0/bd_0/ip/ip_6/bd_85ad_slice2_1_0_clocks.xdc] for cell 'level0_i/ulp/hmss_0/inst/path_1/slice2_1/inst'
Finished Parsing XDC File [/home/cs2401.03/mini1-gemm/build/hw/_x/link/vivado/vpl/prj/prj.gen/my_rm/bd/ulp/ip/ulp_hmss_0_0/bd_0/ip/ip_6/bd_85ad_slice2_1_0_clocks.xdc] for cell 'level0_i/ulp/hmss_0/inst/path_1/slice2_1/inst'
Parsing XDC File [/home/cs2401.03/mini1-gemm/build/hw/_x/link/vivado/vpl/prj/prj.gen/my_rm/bd/ulp/ip/ulp_hmss_0_0/bd_0/ip/ip_9/bd_85ad_slice3_2_0_clocks.xdc] for cell 'level0_i/ulp/hmss_0/inst/path_2/slice3_2/inst'
Finished Parsing XDC File [/home/cs2401.03/mini1-gemm/build/hw/_x/link/vivado/vpl/prj/prj.gen/my_rm/bd/ulp/ip/ulp_hmss_0_0/bd_0/ip/ip_9/bd_85ad_slice3_2_0_clocks.xdc] for cell 'level0_i/ulp/hmss_0/inst/path_2/slice3_2/inst'
Parsing XDC File [/home/cs2401.03/mini1-gemm/build/hw/_x/link/vivado/vpl/prj/prj.gen/my_rm/bd/ulp/ip/ulp_hmss_0_0/bd_0/ip/ip_12/bd_85ad_slice0_3_0_clocks.xdc] for cell 'level0_i/ulp/hmss_0/inst/path_3/slice0_3/inst'
Finished Parsing XDC File [/home/cs2401.03/mini1-gemm/build/hw/_x/link/vivado/vpl/prj/prj.gen/my_rm/bd/ulp/ip/ulp_hmss_0_0/bd_0/ip/ip_12/bd_85ad_slice0_3_0_clocks.xdc] for cell 'level0_i/ulp/hmss_0/inst/path_3/slice0_3/inst'
Parsing XDC File [/home/cs2401.03/mini1-gemm/build/hw/_x/link/vivado/vpl/prj/prj.gen/my_rm/bd/ulp/ip/ulp_hmss_0_0/ulp_hmss_0_0.xdc] for cell 'level0_i/ulp/hmss_0/inst'
INFO: [Vivado 12-3520] Assignment of 'interconnect0_3' to a pblock 'pblock_dynamic_SLR0' means that all children of 'path_3' are in the pblock. Changing the pblock assignment to 'path_3'. [/home/cs2401.03/mini1-gemm/build/hw/_x/link/vivado/vpl/prj/prj.gen/my_rm/bd/ulp/ip/ulp_hmss_0_0/ulp_hmss_0_0.xdc:56]
WARNING: [Vivado 12-1034] No pblocks matched 'pblock_dynamic_SLR2'. [/home/cs2401.03/mini1-gemm/build/hw/_x/link/vivado/vpl/prj/prj.gen/my_rm/bd/ulp/ip/ulp_hmss_0_0/ulp_hmss_0_0.xdc:71]
Finished Parsing XDC File [/home/cs2401.03/mini1-gemm/build/hw/_x/link/vivado/vpl/prj/prj.gen/my_rm/bd/ulp/ip/ulp_hmss_0_0/ulp_hmss_0_0.xdc] for cell 'level0_i/ulp/hmss_0/inst'
Parsing XDC File [/home/cs2401.03/mini1-gemm/build/hw/_x/link/vivado/vpl/prj/prj.gen/my_rm/bd/ulp/ip/ulp_proc_sys_reset_ctrl_slr0_0/ulp_proc_sys_reset_ctrl_slr0_0_slr.xdc] for cell 'level0_i/ulp/proc_sys_reset_ctrl_slr0/U0'
INFO: [Vivado 12-3520] Assignment of 'BSR_OUT_DFF[0].FDRE_BSR, ACTIVE_LOW_BSR_OUT_DFF[0].FDRE_BSR_N, ACTIVE_LOW_PR_OUT_DFF[0].FDRE_PER_N, VCC, GND, EXT_LPF, FDRE_inst, PR_OUT_DFF[0].FDRE_PER, and SEQ' to a pblock 'pblock_dynamic_SLR0' means that all children of 'proc_sys_reset_ctrl_slr0' are in the pblock. Changing the pblock assignment to 'proc_sys_reset_ctrl_slr0'. [/home/cs2401.03/mini1-gemm/build/hw/_x/link/vivado/vpl/prj/prj.gen/my_rm/bd/ulp/ip/ulp_proc_sys_reset_ctrl_slr0_0/ulp_proc_sys_reset_ctrl_slr0_0_slr.xdc:55]
Finished Parsing XDC File [/home/cs2401.03/mini1-gemm/build/hw/_x/link/vivado/vpl/prj/prj.gen/my_rm/bd/ulp/ip/ulp_proc_sys_reset_ctrl_slr0_0/ulp_proc_sys_reset_ctrl_slr0_0_slr.xdc] for cell 'level0_i/ulp/proc_sys_reset_ctrl_slr0/U0'
Parsing XDC File [/home/cs2401.03/mini1-gemm/build/hw/_x/link/vivado/vpl/prj/prj.gen/my_rm/bd/ulp/ip/ulp_proc_sys_reset_ctrl_slr1_0/ulp_proc_sys_reset_ctrl_slr1_0_slr.xdc] for cell 'level0_i/ulp/proc_sys_reset_ctrl_slr1/U0'
INFO: [Vivado 12-3520] Assignment of 'BSR_OUT_DFF[0].FDRE_BSR, ACTIVE_LOW_BSR_OUT_DFF[0].FDRE_BSR_N, ACTIVE_LOW_PR_OUT_DFF[0].FDRE_PER_N, EXT_LPF, FDRE_inst, SEQ, VCC, PR_OUT_DFF[0].FDRE_PER, and GND' to a pblock 'pblock_dynamic_SLR1' means that all children of 'proc_sys_reset_ctrl_slr1' are in the pblock. Changing the pblock assignment to 'proc_sys_reset_ctrl_slr1'. [/home/cs2401.03/mini1-gemm/build/hw/_x/link/vivado/vpl/prj/prj.gen/my_rm/bd/ulp/ip/ulp_proc_sys_reset_ctrl_slr1_0/ulp_proc_sys_reset_ctrl_slr1_0_slr.xdc:55]
Finished Parsing XDC File [/home/cs2401.03/mini1-gemm/build/hw/_x/link/vivado/vpl/prj/prj.gen/my_rm/bd/ulp/ip/ulp_proc_sys_reset_ctrl_slr1_0/ulp_proc_sys_reset_ctrl_slr1_0_slr.xdc] for cell 'level0_i/ulp/proc_sys_reset_ctrl_slr1/U0'
Parsing XDC File [/home/cs2401.03/mini1-gemm/build/hw/_x/link/vivado/vpl/prj/prj.gen/my_rm/bd/ulp/ip/ulp_proc_sys_reset_freerun_slr0_0/ulp_proc_sys_reset_freerun_slr0_0_slr.xdc] for cell 'level0_i/ulp/proc_sys_reset_freerun_slr0/U0'
INFO: [Vivado 12-3520] Assignment of 'FDRE_inst, BSR_OUT_DFF[0].FDRE_BSR, ACTIVE_LOW_BSR_OUT_DFF[0].FDRE_BSR_N, ACTIVE_LOW_PR_OUT_DFF[0].FDRE_PER_N, EXT_LPF, GND, PR_OUT_DFF[0].FDRE_PER, SEQ, and VCC' to a pblock 'pblock_dynamic_SLR0' means that all children of 'proc_sys_reset_freerun_slr0' are in the pblock. Changing the pblock assignment to 'proc_sys_reset_freerun_slr0'. [/home/cs2401.03/mini1-gemm/build/hw/_x/link/vivado/vpl/prj/prj.gen/my_rm/bd/ulp/ip/ulp_proc_sys_reset_freerun_slr0_0/ulp_proc_sys_reset_freerun_slr0_0_slr.xdc:55]
Finished Parsing XDC File [/home/cs2401.03/mini1-gemm/build/hw/_x/link/vivado/vpl/prj/prj.gen/my_rm/bd/ulp/ip/ulp_proc_sys_reset_freerun_slr0_0/ulp_proc_sys_reset_freerun_slr0_0_slr.xdc] for cell 'level0_i/ulp/proc_sys_reset_freerun_slr0/U0'
Parsing XDC File [/home/cs2401.03/mini1-gemm/build/hw/_x/link/vivado/vpl/prj/prj.gen/my_rm/bd/ulp/ip/ulp_proc_sys_reset_freerun_slr1_0/ulp_proc_sys_reset_freerun_slr1_0_slr.xdc] for cell 'level0_i/ulp/proc_sys_reset_freerun_slr1/U0'
INFO: [Vivado 12-3520] Assignment of 'ACTIVE_LOW_PR_OUT_DFF[0].FDRE_PER_N, BSR_OUT_DFF[0].FDRE_BSR, ACTIVE_LOW_BSR_OUT_DFF[0].FDRE_BSR_N, SEQ, VCC, EXT_LPF, FDRE_inst, GND, and PR_OUT_DFF[0].FDRE_PER' to a pblock 'pblock_dynamic_SLR1' means that all children of 'proc_sys_reset_freerun_slr1' are in the pblock. Changing the pblock assignment to 'proc_sys_reset_freerun_slr1'. [/home/cs2401.03/mini1-gemm/build/hw/_x/link/vivado/vpl/prj/prj.gen/my_rm/bd/ulp/ip/ulp_proc_sys_reset_freerun_slr1_0/ulp_proc_sys_reset_freerun_slr1_0_slr.xdc:55]
Finished Parsing XDC File [/home/cs2401.03/mini1-gemm/build/hw/_x/link/vivado/vpl/prj/prj.gen/my_rm/bd/ulp/ip/ulp_proc_sys_reset_freerun_slr1_0/ulp_proc_sys_reset_freerun_slr1_0_slr.xdc] for cell 'level0_i/ulp/proc_sys_reset_freerun_slr1/U0'
Parsing XDC File [/home/cs2401.03/mini1-gemm/build/hw/_x/link/vivado/vpl/prj/prj.gen/my_rm/bd/ulp/ip/ulp_proc_sys_reset_kernel2_slr0_0/ulp_proc_sys_reset_kernel2_slr0_0_slr.xdc] for cell 'level0_i/ulp/proc_sys_reset_kernel2_slr0/U0'
INFO: [Vivado 12-3520] Assignment of 'BSR_OUT_DFF[0].FDRE_BSR, ACTIVE_LOW_BSR_OUT_DFF[0].FDRE_BSR_N, ACTIVE_LOW_PR_OUT_DFF[0].FDRE_PER_N, EXT_LPF, FDRE_inst, GND, PR_OUT_DFF[0].FDRE_PER, SEQ, and VCC' to a pblock 'pblock_dynamic_SLR0' means that all children of 'proc_sys_reset_kernel2_slr0' are in the pblock. Changing the pblock assignment to 'proc_sys_reset_kernel2_slr0'. [/home/cs2401.03/mini1-gemm/build/hw/_x/link/vivado/vpl/prj/prj.gen/my_rm/bd/ulp/ip/ulp_proc_sys_reset_kernel2_slr0_0/ulp_proc_sys_reset_kernel2_slr0_0_slr.xdc:55]
Finished Parsing XDC File [/home/cs2401.03/mini1-gemm/build/hw/_x/link/vivado/vpl/prj/prj.gen/my_rm/bd/ulp/ip/ulp_proc_sys_reset_kernel2_slr0_0/ulp_proc_sys_reset_kernel2_slr0_0_slr.xdc] for cell 'level0_i/ulp/proc_sys_reset_kernel2_slr0/U0'
Parsing XDC File [/home/cs2401.03/mini1-gemm/build/hw/_x/link/vivado/vpl/prj/prj.gen/my_rm/bd/ulp/ip/ulp_proc_sys_reset_kernel2_slr1_0/ulp_proc_sys_reset_kernel2_slr1_0_slr.xdc] for cell 'level0_i/ulp/proc_sys_reset_kernel2_slr1/U0'
INFO: [Vivado 12-3520] Assignment of 'BSR_OUT_DFF[0].FDRE_BSR, ACTIVE_LOW_BSR_OUT_DFF[0].FDRE_BSR_N, ACTIVE_LOW_PR_OUT_DFF[0].FDRE_PER_N, EXT_LPF, FDRE_inst, GND, PR_OUT_DFF[0].FDRE_PER, SEQ, and VCC' to a pblock 'pblock_dynamic_SLR1' means that all children of 'proc_sys_reset_kernel2_slr1' are in the pblock. Changing the pblock assignment to 'proc_sys_reset_kernel2_slr1'. [/home/cs2401.03/mini1-gemm/build/hw/_x/link/vivado/vpl/prj/prj.gen/my_rm/bd/ulp/ip/ulp_proc_sys_reset_kernel2_slr1_0/ulp_proc_sys_reset_kernel2_slr1_0_slr.xdc:55]
Finished Parsing XDC File [/home/cs2401.03/mini1-gemm/build/hw/_x/link/vivado/vpl/prj/prj.gen/my_rm/bd/ulp/ip/ulp_proc_sys_reset_kernel2_slr1_0/ulp_proc_sys_reset_kernel2_slr1_0_slr.xdc] for cell 'level0_i/ulp/proc_sys_reset_kernel2_slr1/U0'
Parsing XDC File [/home/cs2401.03/mini1-gemm/build/hw/_x/link/vivado/vpl/prj/prj.gen/my_rm/bd/ulp/ip/ulp_proc_sys_reset_kernel_slr0_0/ulp_proc_sys_reset_kernel_slr0_0_slr.xdc] for cell 'level0_i/ulp/proc_sys_reset_kernel_slr0/U0'
INFO: [Vivado 12-3520] Assignment of 'ACTIVE_LOW_BSR_OUT_DFF[0].FDRE_BSR_N, BSR_OUT_DFF[0].FDRE_BSR, ACTIVE_LOW_PR_OUT_DFF[0].FDRE_PER_N, EXT_LPF, FDRE_inst, GND, PR_OUT_DFF[0].FDRE_PER, SEQ, and VCC' to a pblock 'pblock_dynamic_SLR0' means that all children of 'proc_sys_reset_kernel_slr0' are in the pblock. Changing the pblock assignment to 'proc_sys_reset_kernel_slr0'. [/home/cs2401.03/mini1-gemm/build/hw/_x/link/vivado/vpl/prj/prj.gen/my_rm/bd/ulp/ip/ulp_proc_sys_reset_kernel_slr0_0/ulp_proc_sys_reset_kernel_slr0_0_slr.xdc:55]
Finished Parsing XDC File [/home/cs2401.03/mini1-gemm/build/hw/_x/link/vivado/vpl/prj/prj.gen/my_rm/bd/ulp/ip/ulp_proc_sys_reset_kernel_slr0_0/ulp_proc_sys_reset_kernel_slr0_0_slr.xdc] for cell 'level0_i/ulp/proc_sys_reset_kernel_slr0/U0'
Parsing XDC File [/home/cs2401.03/mini1-gemm/build/hw/_x/link/vivado/vpl/prj/prj.gen/my_rm/bd/ulp/ip/ulp_proc_sys_reset_kernel_slr1_0/ulp_proc_sys_reset_kernel_slr1_0_slr.xdc] for cell 'level0_i/ulp/proc_sys_reset_kernel_slr1/U0'
INFO: [Vivado 12-3520] Assignment of 'ACTIVE_LOW_BSR_OUT_DFF[0].FDRE_BSR_N, BSR_OUT_DFF[0].FDRE_BSR, ACTIVE_LOW_PR_OUT_DFF[0].FDRE_PER_N, EXT_LPF, FDRE_inst, GND, PR_OUT_DFF[0].FDRE_PER, SEQ, and VCC' to a pblock 'pblock_dynamic_SLR1' means that all children of 'proc_sys_reset_kernel_slr1' are in the pblock. Changing the pblock assignment to 'proc_sys_reset_kernel_slr1'. [/home/cs2401.03/mini1-gemm/build/hw/_x/link/vivado/vpl/prj/prj.gen/my_rm/bd/ulp/ip/ulp_proc_sys_reset_kernel_slr1_0/ulp_proc_sys_reset_kernel_slr1_0_slr.xdc:55]
Finished Parsing XDC File [/home/cs2401.03/mini1-gemm/build/hw/_x/link/vivado/vpl/prj/prj.gen/my_rm/bd/ulp/ip/ulp_proc_sys_reset_kernel_slr1_0/ulp_proc_sys_reset_kernel_slr1_0_slr.xdc] for cell 'level0_i/ulp/proc_sys_reset_kernel_slr1/U0'
Parsing XDC File [/home/cs2401.03/mini1-gemm/build/hw/_x/link/vivado/vpl/prj/prj.gen/my_rm/bd/ulp/ip/ulp_regslice_control_userpf_0/ulp_regslice_control_userpf_0_clocks.xdc] for cell 'level0_i/ulp/SLR0/regslice_control_userpf/inst'
Finished Parsing XDC File [/home/cs2401.03/mini1-gemm/build/hw/_x/link/vivado/vpl/prj/prj.gen/my_rm/bd/ulp/ip/ulp_regslice_control_userpf_0/ulp_regslice_control_userpf_0_clocks.xdc] for cell 'level0_i/ulp/SLR0/regslice_control_userpf/inst'
Parsing XDC File [/home/cs2401.03/mini1-gemm/build/hw/_x/link/vivado/vpl/prj/prj.gen/my_rm/bd/ulp/ip/ulp_regslice_control_userpf_0/ulp_regslice_control_userpf_0_slr.xdc] for cell 'level0_i/ulp/SLR0/regslice_control_userpf/inst'
INFO: [Vivado 12-3520] Assignment of 'b.b_pipe, r.r_pipe, w.w_pipe, aw.aw_pipe, ar.ar_pipe, and GND' to a pblock 'pblock_dynamic_SLR0' means that all children of 'inst' are in the pblock. Changing the pblock assignment to 'inst'. [/home/cs2401.03/mini1-gemm/build/hw/_x/link/vivado/vpl/prj/prj.gen/my_rm/bd/ulp/ip/ulp_regslice_control_userpf_0/ulp_regslice_control_userpf_0_slr.xdc:55]
Finished Parsing XDC File [/home/cs2401.03/mini1-gemm/build/hw/_x/link/vivado/vpl/prj/prj.gen/my_rm/bd/ulp/ip/ulp_regslice_control_userpf_0/ulp_regslice_control_userpf_0_slr.xdc] for cell 'level0_i/ulp/SLR0/regslice_control_userpf/inst'
Parsing XDC File [/home/cs2401.03/mini1-gemm/build/hw/_x/link/vivado/vpl/prj/prj.gen/my_rm/bd/ulp/ip/ulp_regslice_control_userpf_1/ulp_regslice_control_userpf_1_clocks.xdc] for cell 'level0_i/ulp/SLR1/regslice_control_userpf/inst'
Finished Parsing XDC File [/home/cs2401.03/mini1-gemm/build/hw/_x/link/vivado/vpl/prj/prj.gen/my_rm/bd/ulp/ip/ulp_regslice_control_userpf_1/ulp_regslice_control_userpf_1_clocks.xdc] for cell 'level0_i/ulp/SLR1/regslice_control_userpf/inst'
Parsing XDC File [/home/cs2401.03/mini1-gemm/build/hw/_x/link/vivado/vpl/prj/prj.gen/my_rm/bd/ulp/ip/ulp_regslice_control_userpf_1/ulp_regslice_control_userpf_1_slr.xdc] for cell 'level0_i/ulp/SLR1/regslice_control_userpf/inst'
INFO: [Vivado 12-3520] Assignment of 'b.b_pipe, r.r_pipe, w.w_pipe, aw.aw_pipe, ar.ar_pipe, and GND' to a pblock 'pblock_dynamic_SLR1' means that all children of 'inst' are in the pblock. Changing the pblock assignment to 'inst'. [/home/cs2401.03/mini1-gemm/build/hw/_x/link/vivado/vpl/prj/prj.gen/my_rm/bd/ulp/ip/ulp_regslice_control_userpf_1/ulp_regslice_control_userpf_1_slr.xdc:55]
Finished Parsing XDC File [/home/cs2401.03/mini1-gemm/build/hw/_x/link/vivado/vpl/prj/prj.gen/my_rm/bd/ulp/ip/ulp_regslice_control_userpf_1/ulp_regslice_control_userpf_1_slr.xdc] for cell 'level0_i/ulp/SLR1/regslice_control_userpf/inst'
Parsing XDC File [/home/cs2401.03/mini1-gemm/build/hw/_x/link/vivado/vpl/prj/prj.gen/my_rm/bd/ulp/ip/ulp_ulp_cmp_0/bd_1/ip/ip_0/constraints/axi_jtag.xdc] for cell 'level0_i/ulp/ulp_cmp/inst/user_debug_bridge/inst/axi_jtag/inst'
Finished Parsing XDC File [/home/cs2401.03/mini1-gemm/build/hw/_x/link/vivado/vpl/prj/prj.gen/my_rm/bd/ulp/ip/ulp_ulp_cmp_0/bd_1/ip/ip_0/constraints/axi_jtag.xdc] for cell 'level0_i/ulp/ulp_cmp/inst/user_debug_bridge/inst/axi_jtag/inst'
Parsing XDC File [/home/cs2401.03/mini1-gemm/build/hw/_x/link/vivado/vpl/prj/prj.gen/my_rm/bd/ulp/ip/ulp_ulp_cmp_0/bd_1/ip/ip_1/constraints/bsip.xdc] for cell 'level0_i/ulp/ulp_cmp/inst/user_debug_bridge/inst/bsip/inst'
Finished Parsing XDC File [/home/cs2401.03/mini1-gemm/build/hw/_x/link/vivado/vpl/prj/prj.gen/my_rm/bd/ulp/ip/ulp_ulp_cmp_0/bd_1/ip/ip_1/constraints/bsip.xdc] for cell 'level0_i/ulp/ulp_cmp/inst/user_debug_bridge/inst/bsip/inst'
Parsing XDC File [/home/cs2401.03/mini1-gemm/build/hw/_x/link/vivado/vpl/prj/prj.gen/my_rm/bd/ulp/ip/ulp_ulp_cmp_0/bd_2/ip/ip_0/constraints/xsdbm_cc_late.xdc] for cell 'level0_i/ulp/ulp_cmp/inst/user_debug_hub/inst/xsdbm/inst'
Finished Parsing XDC File [/home/cs2401.03/mini1-gemm/build/hw/_x/link/vivado/vpl/prj/prj.gen/my_rm/bd/ulp/ip/ulp_ulp_cmp_0/bd_2/ip/ip_0/constraints/xsdbm_cc_late.xdc] for cell 'level0_i/ulp/ulp_cmp/inst/user_debug_hub/inst/xsdbm/inst'
Parsing XDC File [/home/cs2401.03/mini1-gemm/build/hw/_x/link/vivado/vpl/prj/prj.gen/my_rm/bd/ulp/ip/ulp_ulp_cmp_0/bd_2/ip/ip_0/constraints/xsdbm_gc_late.xdc] for cell 'level0_i/ulp/ulp_cmp/inst/user_debug_hub/inst/xsdbm/inst'
Finished Parsing XDC File [/home/cs2401.03/mini1-gemm/build/hw/_x/link/vivado/vpl/prj/prj.gen/my_rm/bd/ulp/ip/ulp_ulp_cmp_0/bd_2/ip/ip_0/constraints/xsdbm_gc_late.xdc] for cell 'level0_i/ulp/ulp_cmp/inst/user_debug_hub/inst/xsdbm/inst'
Parsing XDC File [/home/cs2401.03/mini1-gemm/build/hw/_x/link/vivado/vpl/prj/prj.gen/my_rm/bd/ulp/ip/ulp_ulp_cmp_0/ulp_ulp_cmp_0.xdc] for cell 'level0_i/ulp/ulp_cmp/inst'
Finished Parsing XDC File [/home/cs2401.03/mini1-gemm/build/hw/_x/link/vivado/vpl/prj/prj.gen/my_rm/bd/ulp/ip/ulp_ulp_cmp_0/ulp_ulp_cmp_0.xdc] for cell 'level0_i/ulp/ulp_cmp/inst'
Parsing XDC File [/home/cs2401.03/mini1-gemm/build/hw/_x/link/vivado/vpl/prj/prj.gen/my_rm/bd/ulp/ip/ulp_ulp_ucs_0/bd_0/ip/ip_38/bd_22c0_clkwiz_hbm_0_late.xdc] for cell 'level0_i/ulp/ulp_ucs/inst/aclk_hbm_hierarchy/clkwiz_hbm/inst'
Finished Parsing XDC File [/home/cs2401.03/mini1-gemm/build/hw/_x/link/vivado/vpl/prj/prj.gen/my_rm/bd/ulp/ip/ulp_ulp_ucs_0/bd_0/ip/ip_38/bd_22c0_clkwiz_hbm_0_late.xdc] for cell 'level0_i/ulp/ulp_ucs/inst/aclk_hbm_hierarchy/clkwiz_hbm/inst'
Parsing XDC File [/home/cs2401.03/mini1-gemm/build/hw/_x/link/vivado/vpl/prj/prj.gen/my_rm/bd/ulp/ip/ulp_ulp_ucs_0/bd_0/ip/ip_77/bd_22c0_axi_ic_ctrl_mgmt_freq_imp_auto_cc_0_clocks.xdc] for cell 'level0_i/ulp/ulp_ucs/inst/frequency_counters/axi_ic_ctrl_mgmt_freq/s00_couplers/auto_cc/inst'
Finished Parsing XDC File [/home/cs2401.03/mini1-gemm/build/hw/_x/link/vivado/vpl/prj/prj.gen/my_rm/bd/ulp/ip/ulp_ulp_ucs_0/bd_0/ip/ip_77/bd_22c0_axi_ic_ctrl_mgmt_freq_imp_auto_cc_0_clocks.xdc] for cell 'level0_i/ulp/ulp_ucs/inst/frequency_counters/axi_ic_ctrl_mgmt_freq/s00_couplers/auto_cc/inst'
Parsing XDC File [/home/cs2401.03/mini1-gemm/build/hw/_x/link/vivado/vpl/prj/prj.gen/my_rm/bd/ulp/ip/ulp_ulp_ucs_0/bd_0/ip/ip_51/bd_22c0_clkwiz_aclk_kernel_00_0_late.xdc] for cell 'level0_i/ulp/ulp_ucs/inst/aclk_kernel_00_hierarchy/clkwiz_aclk_kernel_00/inst'
Finished Parsing XDC File [/home/cs2401.03/mini1-gemm/build/hw/_x/link/vivado/vpl/prj/prj.gen/my_rm/bd/ulp/ip/ulp_ulp_ucs_0/bd_0/ip/ip_51/bd_22c0_clkwiz_aclk_kernel_00_0_late.xdc] for cell 'level0_i/ulp/ulp_ucs/inst/aclk_kernel_00_hierarchy/clkwiz_aclk_kernel_00/inst'
Parsing XDC File [/home/cs2401.03/mini1-gemm/build/hw/_x/link/vivado/vpl/prj/prj.gen/my_rm/bd/ulp/ip/ulp_ulp_ucs_0/bd_0/ip/ip_52/bd_22c0_clock_throttling_aclk_kernel_00_0.xdc] for cell 'level0_i/ulp/ulp_ucs/inst/aclk_kernel_00_hierarchy/clock_throttling_aclk_kernel_00/U0'
Finished Parsing XDC File [/home/cs2401.03/mini1-gemm/build/hw/_x/link/vivado/vpl/prj/prj.gen/my_rm/bd/ulp/ip/ulp_ulp_ucs_0/bd_0/ip/ip_52/bd_22c0_clock_throttling_aclk_kernel_00_0.xdc] for cell 'level0_i/ulp/ulp_ucs/inst/aclk_kernel_00_hierarchy/clock_throttling_aclk_kernel_00/U0'
Parsing XDC File [/home/cs2401.03/mini1-gemm/build/hw/_x/link/vivado/vpl/prj/prj.gen/my_rm/bd/ulp/ip/ulp_ulp_ucs_0/bd_0/ip/ip_65/bd_22c0_clkwiz_aclk_kernel_01_0_late.xdc] for cell 'level0_i/ulp/ulp_ucs/inst/aclk_kernel_01_hierarchy/clkwiz_aclk_kernel_01/inst'
Finished Parsing XDC File [/home/cs2401.03/mini1-gemm/build/hw/_x/link/vivado/vpl/prj/prj.gen/my_rm/bd/ulp/ip/ulp_ulp_ucs_0/bd_0/ip/ip_65/bd_22c0_clkwiz_aclk_kernel_01_0_late.xdc] for cell 'level0_i/ulp/ulp_ucs/inst/aclk_kernel_01_hierarchy/clkwiz_aclk_kernel_01/inst'
Parsing XDC File [/home/cs2401.03/mini1-gemm/build/hw/_x/link/vivado/vpl/prj/prj.gen/my_rm/bd/ulp/ip/ulp_ulp_ucs_0/bd_0/ip/ip_66/bd_22c0_clock_throttling_aclk_kernel_01_0.xdc] for cell 'level0_i/ulp/ulp_ucs/inst/aclk_kernel_01_hierarchy/clock_throttling_aclk_kernel_01/U0'
Finished Parsing XDC File [/home/cs2401.03/mini1-gemm/build/hw/_x/link/vivado/vpl/prj/prj.gen/my_rm/bd/ulp/ip/ulp_ulp_ucs_0/bd_0/ip/ip_66/bd_22c0_clock_throttling_aclk_kernel_01_0.xdc] for cell 'level0_i/ulp/ulp_ucs/inst/aclk_kernel_01_hierarchy/clock_throttling_aclk_kernel_01/U0'
Parsing XDC File [/home/cs2401.03/mini1-gemm/build/hw/_x/link/vivado/vpl/prj/prj.gen/my_rm/bd/ulp/ip/ulp_ulp_ucs_0/ulp_ulp_ucs_0.xdc] for cell 'level0_i/ulp/ulp_ucs/inst'
Finished Parsing XDC File [/home/cs2401.03/mini1-gemm/build/hw/_x/link/vivado/vpl/prj/prj.gen/my_rm/bd/ulp/ip/ulp_ulp_ucs_0/ulp_ulp_ucs_0.xdc] for cell 'level0_i/ulp/ulp_ucs/inst'
Parsing XDC File [/home/cs2401.03/mini1-gemm/build/hw/_x/link/vivado/vpl/prj/prj.gen/my_rm/bd/ulp/ip/ulp_ii_level0_wire_0/bd_0/ip/ip_5/bd_5941_s_ip_axi_ctrl_mgmt_00_0_clocks.xdc] for cell 'level0_i/ulp/ii_level0_wire/inst/pxi_ii_core/inst/s_ip_axi_ctrl_mgmt_00/inst'
Finished Parsing XDC File [/home/cs2401.03/mini1-gemm/build/hw/_x/link/vivado/vpl/prj/prj.gen/my_rm/bd/ulp/ip/ulp_ii_level0_wire_0/bd_0/ip/ip_5/bd_5941_s_ip_axi_ctrl_mgmt_00_0_clocks.xdc] for cell 'level0_i/ulp/ii_level0_wire/inst/pxi_ii_core/inst/s_ip_axi_ctrl_mgmt_00/inst'
Parsing XDC File [/home/cs2401.03/mini1-gemm/build/hw/_x/link/vivado/vpl/prj/prj.gen/my_rm/bd/ulp/ip/ulp_ii_level0_wire_0/bd_0/ip/ip_6/bd_5941_m_ip_axi_ctrl_mgmt_00_0_clocks.xdc] for cell 'level0_i/ulp/ii_level0_wire/inst/pxi_ii_core/inst/m_ip_axi_ctrl_mgmt_00/inst'
Finished Parsing XDC File [/home/cs2401.03/mini1-gemm/build/hw/_x/link/vivado/vpl/prj/prj.gen/my_rm/bd/ulp/ip/ulp_ii_level0_wire_0/bd_0/ip/ip_6/bd_5941_m_ip_axi_ctrl_mgmt_00_0_clocks.xdc] for cell 'level0_i/ulp/ii_level0_wire/inst/pxi_ii_core/inst/m_ip_axi_ctrl_mgmt_00/inst'
Parsing XDC File [/home/cs2401.03/mini1-gemm/build/hw/_x/link/vivado/vpl/prj/prj.gen/my_rm/bd/ulp/ip/ulp_ii_level0_wire_0/bd_0/ip/ip_7/bd_5941_s_ip_axi_ctrl_mgmt_01_0_clocks.xdc] for cell 'level0_i/ulp/ii_level0_wire/inst/pxi_ii_core/inst/s_ip_axi_ctrl_mgmt_01/inst'
Finished Parsing XDC File [/home/cs2401.03/mini1-gemm/build/hw/_x/link/vivado/vpl/prj/prj.gen/my_rm/bd/ulp/ip/ulp_ii_level0_wire_0/bd_0/ip/ip_7/bd_5941_s_ip_axi_ctrl_mgmt_01_0_clocks.xdc] for cell 'level0_i/ulp/ii_level0_wire/inst/pxi_ii_core/inst/s_ip_axi_ctrl_mgmt_01/inst'
Parsing XDC File [/home/cs2401.03/mini1-gemm/build/hw/_x/link/vivado/vpl/prj/prj.gen/my_rm/bd/ulp/ip/ulp_ii_level0_wire_0/bd_0/ip/ip_8/bd_5941_m_ip_axi_ctrl_mgmt_01_0_clocks.xdc] for cell 'level0_i/ulp/ii_level0_wire/inst/pxi_ii_core/inst/m_ip_axi_ctrl_mgmt_01/inst'
Finished Parsing XDC File [/home/cs2401.03/mini1-gemm/build/hw/_x/link/vivado/vpl/prj/prj.gen/my_rm/bd/ulp/ip/ulp_ii_level0_wire_0/bd_0/ip/ip_8/bd_5941_m_ip_axi_ctrl_mgmt_01_0_clocks.xdc] for cell 'level0_i/ulp/ii_level0_wire/inst/pxi_ii_core/inst/m_ip_axi_ctrl_mgmt_01/inst'
Parsing XDC File [/home/cs2401.03/mini1-gemm/build/hw/_x/link/vivado/vpl/prj/prj.gen/my_rm/bd/ulp/ip/ulp_ii_level0_wire_0/bd_0/ip/ip_9/bd_5941_s_ip_axi_ctrl_user_00_0_clocks.xdc] for cell 'level0_i/ulp/ii_level0_wire/inst/pxi_ii_core/inst/s_ip_axi_ctrl_user_00/inst'
Finished Parsing XDC File [/home/cs2401.03/mini1-gemm/build/hw/_x/link/vivado/vpl/prj/prj.gen/my_rm/bd/ulp/ip/ulp_ii_level0_wire_0/bd_0/ip/ip_9/bd_5941_s_ip_axi_ctrl_user_00_0_clocks.xdc] for cell 'level0_i/ulp/ii_level0_wire/inst/pxi_ii_core/inst/s_ip_axi_ctrl_user_00/inst'
Parsing XDC File [/home/cs2401.03/mini1-gemm/build/hw/_x/link/vivado/vpl/prj/prj.gen/my_rm/bd/ulp/ip/ulp_ii_level0_wire_0/bd_0/ip/ip_10/bd_5941_m_ip_axi_ctrl_user_00_0_clocks.xdc] for cell 'level0_i/ulp/ii_level0_wire/inst/pxi_ii_core/inst/m_ip_axi_ctrl_user_00/inst'
Finished Parsing XDC File [/home/cs2401.03/mini1-gemm/build/hw/_x/link/vivado/vpl/prj/prj.gen/my_rm/bd/ulp/ip/ulp_ii_level0_wire_0/bd_0/ip/ip_10/bd_5941_m_ip_axi_ctrl_user_00_0_clocks.xdc] for cell 'level0_i/ulp/ii_level0_wire/inst/pxi_ii_core/inst/m_ip_axi_ctrl_user_00/inst'
Parsing XDC File [/home/cs2401.03/mini1-gemm/build/hw/_x/link/vivado/vpl/prj/prj.gen/my_rm/bd/ulp/ip/ulp_ii_level0_wire_0/bd_0/ip/ip_11/bd_5941_s_ip_axi_ctrl_user_01_0_clocks.xdc] for cell 'level0_i/ulp/ii_level0_wire/inst/pxi_ii_core/inst/s_ip_axi_ctrl_user_01/inst'
Finished Parsing XDC File [/home/cs2401.03/mini1-gemm/build/hw/_x/link/vivado/vpl/prj/prj.gen/my_rm/bd/ulp/ip/ulp_ii_level0_wire_0/bd_0/ip/ip_11/bd_5941_s_ip_axi_ctrl_user_01_0_clocks.xdc] for cell 'level0_i/ulp/ii_level0_wire/inst/pxi_ii_core/inst/s_ip_axi_ctrl_user_01/inst'
Parsing XDC File [/home/cs2401.03/mini1-gemm/build/hw/_x/link/vivado/vpl/prj/prj.gen/my_rm/bd/ulp/ip/ulp_ii_level0_wire_0/bd_0/ip/ip_12/bd_5941_m_ip_axi_ctrl_user_01_0_clocks.xdc] for cell 'level0_i/ulp/ii_level0_wire/inst/pxi_ii_core/inst/m_ip_axi_ctrl_user_01/inst'
Finished Parsing XDC File [/home/cs2401.03/mini1-gemm/build/hw/_x/link/vivado/vpl/prj/prj.gen/my_rm/bd/ulp/ip/ulp_ii_level0_wire_0/bd_0/ip/ip_12/bd_5941_m_ip_axi_ctrl_user_01_0_clocks.xdc] for cell 'level0_i/ulp/ii_level0_wire/inst/pxi_ii_core/inst/m_ip_axi_ctrl_user_01/inst'
Parsing XDC File [/home/cs2401.03/mini1-gemm/build/hw/_x/link/vivado/vpl/prj/prj.gen/my_rm/bd/ulp/ip/ulp_ii_level0_wire_0/bd_0/ip/ip_13/bd_5941_s_ip_axi_ctrl_user_debug_00_0_clocks.xdc] for cell 'level0_i/ulp/ii_level0_wire/inst/pxi_ii_core/inst/s_ip_axi_ctrl_user_debug_00/inst'
Finished Parsing XDC File [/home/cs2401.03/mini1-gemm/build/hw/_x/link/vivado/vpl/prj/prj.gen/my_rm/bd/ulp/ip/ulp_ii_level0_wire_0/bd_0/ip/ip_13/bd_5941_s_ip_axi_ctrl_user_debug_00_0_clocks.xdc] for cell 'level0_i/ulp/ii_level0_wire/inst/pxi_ii_core/inst/s_ip_axi_ctrl_user_debug_00/inst'
Parsing XDC File [/home/cs2401.03/mini1-gemm/build/hw/_x/link/vivado/vpl/prj/prj.gen/my_rm/bd/ulp/ip/ulp_ii_level0_wire_0/bd_0/ip/ip_14/bd_5941_m_ip_axi_ctrl_user_debug_00_0_clocks.xdc] for cell 'level0_i/ulp/ii_level0_wire/inst/pxi_ii_core/inst/m_ip_axi_ctrl_user_debug_00/inst'
Finished Parsing XDC File [/home/cs2401.03/mini1-gemm/build/hw/_x/link/vivado/vpl/prj/prj.gen/my_rm/bd/ulp/ip/ulp_ii_level0_wire_0/bd_0/ip/ip_14/bd_5941_m_ip_axi_ctrl_user_debug_00_0_clocks.xdc] for cell 'level0_i/ulp/ii_level0_wire/inst/pxi_ii_core/inst/m_ip_axi_ctrl_user_debug_00/inst'
Parsing XDC File [/home/cs2401.03/mini1-gemm/build/hw/_x/link/vivado/vpl/prj/prj.gen/my_rm/bd/ulp/ip/ulp_ii_level0_wire_0/bd_0/ip/ip_15/bd_5941_s_ip_axi_data_c2h_00_0_clocks.xdc] for cell 'level0_i/ulp/ii_level0_wire/inst/pxi_ii_core/inst/s_ip_axi_data_c2h_00/inst'
Finished Parsing XDC File [/home/cs2401.03/mini1-gemm/build/hw/_x/link/vivado/vpl/prj/prj.gen/my_rm/bd/ulp/ip/ulp_ii_level0_wire_0/bd_0/ip/ip_15/bd_5941_s_ip_axi_data_c2h_00_0_clocks.xdc] for cell 'level0_i/ulp/ii_level0_wire/inst/pxi_ii_core/inst/s_ip_axi_data_c2h_00/inst'
Parsing XDC File [/home/cs2401.03/mini1-gemm/build/hw/_x/link/vivado/vpl/prj/prj.gen/my_rm/bd/ulp/ip/ulp_ii_level0_wire_0/bd_0/ip/ip_16/bd_5941_m_ip_axi_data_c2h_00_0_clocks.xdc] for cell 'level0_i/ulp/ii_level0_wire/inst/pxi_ii_core/inst/m_ip_axi_data_c2h_00/inst'
Finished Parsing XDC File [/home/cs2401.03/mini1-gemm/build/hw/_x/link/vivado/vpl/prj/prj.gen/my_rm/bd/ulp/ip/ulp_ii_level0_wire_0/bd_0/ip/ip_16/bd_5941_m_ip_axi_data_c2h_00_0_clocks.xdc] for cell 'level0_i/ulp/ii_level0_wire/inst/pxi_ii_core/inst/m_ip_axi_data_c2h_00/inst'
Parsing XDC File [/home/cs2401.03/mini1-gemm/build/hw/_x/link/vivado/vpl/prj/prj.gen/my_rm/bd/ulp/ip/ulp_ii_level0_wire_0/bd_0/ip/ip_17/bd_5941_s_ip_axi_data_h2c_00_0_clocks.xdc] for cell 'level0_i/ulp/ii_level0_wire/inst/pxi_ii_core/inst/s_ip_axi_data_h2c_00/inst'
Finished Parsing XDC File [/home/cs2401.03/mini1-gemm/build/hw/_x/link/vivado/vpl/prj/prj.gen/my_rm/bd/ulp/ip/ulp_ii_level0_wire_0/bd_0/ip/ip_17/bd_5941_s_ip_axi_data_h2c_00_0_clocks.xdc] for cell 'level0_i/ulp/ii_level0_wire/inst/pxi_ii_core/inst/s_ip_axi_data_h2c_00/inst'
Parsing XDC File [/home/cs2401.03/mini1-gemm/build/hw/_x/link/vivado/vpl/prj/prj.gen/my_rm/bd/ulp/ip/ulp_ii_level0_wire_0/bd_0/ip/ip_18/bd_5941_m_ip_axi_data_h2c_00_0_clocks.xdc] for cell 'level0_i/ulp/ii_level0_wire/inst/pxi_ii_core/inst/m_ip_axi_data_h2c_00/inst'
Finished Parsing XDC File [/home/cs2401.03/mini1-gemm/build/hw/_x/link/vivado/vpl/prj/prj.gen/my_rm/bd/ulp/ip/ulp_ii_level0_wire_0/bd_0/ip/ip_18/bd_5941_m_ip_axi_data_h2c_00_0_clocks.xdc] for cell 'level0_i/ulp/ii_level0_wire/inst/pxi_ii_core/inst/m_ip_axi_data_h2c_00/inst'
Parsing XDC File [/home/cs2401.03/mini1-gemm/build/hw/_x/link/vivado/vpl/prj/prj.gen/my_rm/bd/ulp/ip/ulp_ulp_cmp_0/bd_1/ip/ip_0/constraints/axi_jtag.xdc] for cell 'level0_i/ulp/ulp_cmp/inst/user_debug_bridge/inst/axi_jtag/inst'
WARNING: [Constraints 18-619] A clock with name 'level0_i/ulp/ulp_cmp/inst/user_debug_bridge/inst/axi_jtag/inst/u_jtag_proc/tck_i_reg/Q' already exists, overwriting the previous clock with the same name. [/home/cs2401.03/mini1-gemm/build/hw/_x/link/vivado/vpl/prj/prj.gen/my_rm/bd/ulp/ip/ulp_ulp_cmp_0/bd_1/ip/ip_0/constraints/axi_jtag.xdc:8]
WARNING: [Vivado_Tcl 4-935] Waiver ID 'CDC-1' is a duplicate and will not be added again. [/home/cs2401.03/mini1-gemm/build/hw/_x/link/vivado/vpl/prj/prj.gen/my_rm/bd/ulp/ip/ulp_ulp_cmp_0/bd_1/ip/ip_0/constraints/axi_jtag.xdc:16]
WARNING: [Vivado_Tcl 4-935] Waiver ID 'CDC-1' is a duplicate and will not be added again. [/home/cs2401.03/mini1-gemm/build/hw/_x/link/vivado/vpl/prj/prj.gen/my_rm/bd/ulp/ip/ulp_ulp_cmp_0/bd_1/ip/ip_0/constraints/axi_jtag.xdc:17]
WARNING: [Vivado_Tcl 4-935] Waiver ID 'CDC-15' is a duplicate and will not be added again. [/home/cs2401.03/mini1-gemm/build/hw/_x/link/vivado/vpl/prj/prj.gen/my_rm/bd/ulp/ip/ulp_ulp_cmp_0/bd_1/ip/ip_0/constraints/axi_jtag.xdc:18]
Finished Parsing XDC File [/home/cs2401.03/mini1-gemm/build/hw/_x/link/vivado/vpl/prj/prj.gen/my_rm/bd/ulp/ip/ulp_ulp_cmp_0/bd_1/ip/ip_0/constraints/axi_jtag.xdc] for cell 'level0_i/ulp/ulp_cmp/inst/user_debug_bridge/inst/axi_jtag/inst'
Parsing XDC File [/home/cs2401.03/mini1-gemm/build/hw/_x/link/vivado/vpl/prj/prj.gen/my_rm/bd/ulp/ip/ulp_ulp_cmp_0/bd_1/ip/ip_1/constraints/bsip.xdc] for cell 'level0_i/ulp/ulp_cmp/inst/user_debug_bridge/inst/bsip/inst'
WARNING: [Constraints 18-619] A clock with name 'level0_i/ulp/ulp_cmp/inst/user_debug_bridge/inst/bsip/inst/USE_SOFTBSCAN.U_BSCAN_TAP/U_BASETAP/U_TAP/UPDATEDR_O_reg/Q' already exists, overwriting the previous clock with the same name. [/home/cs2401.03/mini1-gemm/build/hw/_x/link/vivado/vpl/prj/prj.gen/my_rm/bd/ulp/ip/ulp_ulp_cmp_0/bd_1/ip/ip_1/constraints/bsip.xdc:8]
Finished Parsing XDC File [/home/cs2401.03/mini1-gemm/build/hw/_x/link/vivado/vpl/prj/prj.gen/my_rm/bd/ulp/ip/ulp_ulp_cmp_0/bd_1/ip/ip_1/constraints/bsip.xdc] for cell 'level0_i/ulp/ulp_cmp/inst/user_debug_bridge/inst/bsip/inst'
Parsing XDC File [/home/cs2401.03/mini1-gemm/build/hw/_x/link/vivado/vpl/prj/prj.gen/my_rm/bd/ulp/ip/ulp_ulp_cmp_0/bd_2/ip/ip_0/constraints/xsdbm_cc_late.xdc] for cell 'level0_i/ulp/ulp_cmp/inst/user_debug_hub/inst/xsdbm/inst'
Finished Parsing XDC File [/home/cs2401.03/mini1-gemm/build/hw/_x/link/vivado/vpl/prj/prj.gen/my_rm/bd/ulp/ip/ulp_ulp_cmp_0/bd_2/ip/ip_0/constraints/xsdbm_cc_late.xdc] for cell 'level0_i/ulp/ulp_cmp/inst/user_debug_hub/inst/xsdbm/inst'
Parsing XDC File [/home/cs2401.03/mini1-gemm/build/hw/_x/link/vivado/vpl/prj/prj.gen/my_rm/bd/ulp/ip/ulp_ulp_cmp_0/bd_2/ip/ip_0/constraints/xsdbm_gc_late.xdc] for cell 'level0_i/ulp/ulp_cmp/inst/user_debug_hub/inst/xsdbm/inst'
Finished Parsing XDC File [/home/cs2401.03/mini1-gemm/build/hw/_x/link/vivado/vpl/prj/prj.gen/my_rm/bd/ulp/ip/ulp_ulp_cmp_0/bd_2/ip/ip_0/constraints/xsdbm_gc_late.xdc] for cell 'level0_i/ulp/ulp_cmp/inst/user_debug_hub/inst/xsdbm/inst'
Parsing XDC File [/home/cs2401.03/mini1-gemm/build/hw/_x/link/vivado/vpl/prj/prj.gen/my_rm/bd/ulp/ip/ulp_ulp_cmp_0/ulp_ulp_cmp_0.xdc] for cell 'level0_i/ulp/ulp_cmp/inst'
Finished Parsing XDC File [/home/cs2401.03/mini1-gemm/build/hw/_x/link/vivado/vpl/prj/prj.gen/my_rm/bd/ulp/ip/ulp_ulp_cmp_0/ulp_ulp_cmp_0.xdc] for cell 'level0_i/ulp/ulp_cmp/inst'
Parsing XDC File [/home/cs2401.03/mini1-gemm/build/hw/_x/link/vivado/vpl/prj/prj.gen/my_rm/bd/ulp/ip/ulp_hmss_0_0/bd_0/ip/ip_3/bd_85ad_slice1_0_0_clocks.xdc] for cell 'level0_i/ulp/hmss_0/inst/path_0/slice1_0/inst'
Finished Parsing XDC File [/home/cs2401.03/mini1-gemm/build/hw/_x/link/vivado/vpl/prj/prj.gen/my_rm/bd/ulp/ip/ulp_hmss_0_0/bd_0/ip/ip_3/bd_85ad_slice1_0_0_clocks.xdc] for cell 'level0_i/ulp/hmss_0/inst/path_0/slice1_0/inst'
Parsing XDC File [/home/cs2401.03/mini1-gemm/build/hw/_x/link/vivado/vpl/prj/prj.gen/my_rm/bd/ulp/ip/ulp_hmss_0_0/bd_0/ip/ip_6/bd_85ad_slice2_1_0_clocks.xdc] for cell 'level0_i/ulp/hmss_0/inst/path_1/slice2_1/inst'
Finished Parsing XDC File [/home/cs2401.03/mini1-gemm/build/hw/_x/link/vivado/vpl/prj/prj.gen/my_rm/bd/ulp/ip/ulp_hmss_0_0/bd_0/ip/ip_6/bd_85ad_slice2_1_0_clocks.xdc] for cell 'level0_i/ulp/hmss_0/inst/path_1/slice2_1/inst'
Parsing XDC File [/home/cs2401.03/mini1-gemm/build/hw/_x/link/vivado/vpl/prj/prj.gen/my_rm/bd/ulp/ip/ulp_hmss_0_0/bd_0/ip/ip_9/bd_85ad_slice3_2_0_clocks.xdc] for cell 'level0_i/ulp/hmss_0/inst/path_2/slice3_2/inst'
Finished Parsing XDC File [/home/cs2401.03/mini1-gemm/build/hw/_x/link/vivado/vpl/prj/prj.gen/my_rm/bd/ulp/ip/ulp_hmss_0_0/bd_0/ip/ip_9/bd_85ad_slice3_2_0_clocks.xdc] for cell 'level0_i/ulp/hmss_0/inst/path_2/slice3_2/inst'
Parsing XDC File [/home/cs2401.03/mini1-gemm/build/hw/_x/link/vivado/vpl/prj/prj.gen/my_rm/bd/ulp/ip/ulp_hmss_0_0/bd_0/ip/ip_12/bd_85ad_slice0_3_0_clocks.xdc] for cell 'level0_i/ulp/hmss_0/inst/path_3/slice0_3/inst'
Finished Parsing XDC File [/home/cs2401.03/mini1-gemm/build/hw/_x/link/vivado/vpl/prj/prj.gen/my_rm/bd/ulp/ip/ulp_hmss_0_0/bd_0/ip/ip_12/bd_85ad_slice0_3_0_clocks.xdc] for cell 'level0_i/ulp/hmss_0/inst/path_3/slice0_3/inst'
Parsing XDC File [/home/cs2401.03/mini1-gemm/build/hw/_x/link/vivado/vpl/prj/prj.gen/my_rm/bd/ulp/ip/ulp_hmss_0_0/ulp_hmss_0_0.xdc] for cell 'level0_i/ulp/hmss_0/inst'
WARNING: [Vivado 12-1034] No pblocks matched 'pblock_dynamic_SLR2'. [/home/cs2401.03/mini1-gemm/build/hw/_x/link/vivado/vpl/prj/prj.gen/my_rm/bd/ulp/ip/ulp_hmss_0_0/ulp_hmss_0_0.xdc:71]
Finished Parsing XDC File [/home/cs2401.03/mini1-gemm/build/hw/_x/link/vivado/vpl/prj/prj.gen/my_rm/bd/ulp/ip/ulp_hmss_0_0/ulp_hmss_0_0.xdc] for cell 'level0_i/ulp/hmss_0/inst'
Parsing XDC File [/home/cs2401.03/mini1-gemm/build/hw/_x/link/vivado/vpl/prj/prj.gen/my_rm/bd/ulp/ip/ulp_ulp_ucs_0/bd_0/ip/ip_38/bd_22c0_clkwiz_hbm_0_late.xdc] for cell 'level0_i/ulp/ulp_ucs/inst/aclk_hbm_hierarchy/clkwiz_hbm/inst'
Finished Parsing XDC File [/home/cs2401.03/mini1-gemm/build/hw/_x/link/vivado/vpl/prj/prj.gen/my_rm/bd/ulp/ip/ulp_ulp_ucs_0/bd_0/ip/ip_38/bd_22c0_clkwiz_hbm_0_late.xdc] for cell 'level0_i/ulp/ulp_ucs/inst/aclk_hbm_hierarchy/clkwiz_hbm/inst'
Parsing XDC File [/home/cs2401.03/mini1-gemm/build/hw/_x/link/vivado/vpl/prj/prj.gen/my_rm/bd/ulp/ip/ulp_ulp_ucs_0/bd_0/ip/ip_77/bd_22c0_axi_ic_ctrl_mgmt_freq_imp_auto_cc_0_clocks.xdc] for cell 'level0_i/ulp/ulp_ucs/inst/frequency_counters/axi_ic_ctrl_mgmt_freq/s00_couplers/auto_cc/inst'
Finished Parsing XDC File [/home/cs2401.03/mini1-gemm/build/hw/_x/link/vivado/vpl/prj/prj.gen/my_rm/bd/ulp/ip/ulp_ulp_ucs_0/bd_0/ip/ip_77/bd_22c0_axi_ic_ctrl_mgmt_freq_imp_auto_cc_0_clocks.xdc] for cell 'level0_i/ulp/ulp_ucs/inst/frequency_counters/axi_ic_ctrl_mgmt_freq/s00_couplers/auto_cc/inst'
Parsing XDC File [/home/cs2401.03/mini1-gemm/build/hw/_x/link/vivado/vpl/prj/prj.gen/my_rm/bd/ulp/ip/ulp_ulp_ucs_0/bd_0/ip/ip_51/bd_22c0_clkwiz_aclk_kernel_00_0_late.xdc] for cell 'level0_i/ulp/ulp_ucs/inst/aclk_kernel_00_hierarchy/clkwiz_aclk_kernel_00/inst'
Finished Parsing XDC File [/home/cs2401.03/mini1-gemm/build/hw/_x/link/vivado/vpl/prj/prj.gen/my_rm/bd/ulp/ip/ulp_ulp_ucs_0/bd_0/ip/ip_51/bd_22c0_clkwiz_aclk_kernel_00_0_late.xdc] for cell 'level0_i/ulp/ulp_ucs/inst/aclk_kernel_00_hierarchy/clkwiz_aclk_kernel_00/inst'
Parsing XDC File [/home/cs2401.03/mini1-gemm/build/hw/_x/link/vivado/vpl/prj/prj.gen/my_rm/bd/ulp/ip/ulp_ulp_ucs_0/bd_0/ip/ip_52/bd_22c0_clock_throttling_aclk_kernel_00_0.xdc] for cell 'level0_i/ulp/ulp_ucs/inst/aclk_kernel_00_hierarchy/clock_throttling_aclk_kernel_00/U0'
Finished Parsing XDC File [/home/cs2401.03/mini1-gemm/build/hw/_x/link/vivado/vpl/prj/prj.gen/my_rm/bd/ulp/ip/ulp_ulp_ucs_0/bd_0/ip/ip_52/bd_22c0_clock_throttling_aclk_kernel_00_0.xdc] for cell 'level0_i/ulp/ulp_ucs/inst/aclk_kernel_00_hierarchy/clock_throttling_aclk_kernel_00/U0'
Parsing XDC File [/home/cs2401.03/mini1-gemm/build/hw/_x/link/vivado/vpl/prj/prj.gen/my_rm/bd/ulp/ip/ulp_ulp_ucs_0/bd_0/ip/ip_65/bd_22c0_clkwiz_aclk_kernel_01_0_late.xdc] for cell 'level0_i/ulp/ulp_ucs/inst/aclk_kernel_01_hierarchy/clkwiz_aclk_kernel_01/inst'
Finished Parsing XDC File [/home/cs2401.03/mini1-gemm/build/hw/_x/link/vivado/vpl/prj/prj.gen/my_rm/bd/ulp/ip/ulp_ulp_ucs_0/bd_0/ip/ip_65/bd_22c0_clkwiz_aclk_kernel_01_0_late.xdc] for cell 'level0_i/ulp/ulp_ucs/inst/aclk_kernel_01_hierarchy/clkwiz_aclk_kernel_01/inst'
Parsing XDC File [/home/cs2401.03/mini1-gemm/build/hw/_x/link/vivado/vpl/prj/prj.gen/my_rm/bd/ulp/ip/ulp_ulp_ucs_0/bd_0/ip/ip_66/bd_22c0_clock_throttling_aclk_kernel_01_0.xdc] for cell 'level0_i/ulp/ulp_ucs/inst/aclk_kernel_01_hierarchy/clock_throttling_aclk_kernel_01/U0'
Finished Parsing XDC File [/home/cs2401.03/mini1-gemm/build/hw/_x/link/vivado/vpl/prj/prj.gen/my_rm/bd/ulp/ip/ulp_ulp_ucs_0/bd_0/ip/ip_66/bd_22c0_clock_throttling_aclk_kernel_01_0.xdc] for cell 'level0_i/ulp/ulp_ucs/inst/aclk_kernel_01_hierarchy/clock_throttling_aclk_kernel_01/U0'
Parsing XDC File [/home/cs2401.03/mini1-gemm/build/hw/_x/link/vivado/vpl/prj/prj.gen/my_rm/bd/ulp/ip/ulp_ulp_ucs_0/ulp_ulp_ucs_0.xdc] for cell 'level0_i/ulp/ulp_ucs/inst'
Finished Parsing XDC File [/home/cs2401.03/mini1-gemm/build/hw/_x/link/vivado/vpl/prj/prj.gen/my_rm/bd/ulp/ip/ulp_ulp_ucs_0/ulp_ulp_ucs_0.xdc] for cell 'level0_i/ulp/ulp_ucs/inst'
Parsing XDC File [/home/cs2401.03/mini1-gemm/build/hw/_x/link/vivado/vpl/prj/prj.gen/my_rm/bd/ulp/ip/ulp_axi_regslice_slr1_0_0/ulp_axi_regslice_slr1_0_0_clocks.xdc] for cell 'level0_i/ulp/axi_regslice_slr1_0/inst'
Finished Parsing XDC File [/home/cs2401.03/mini1-gemm/build/hw/_x/link/vivado/vpl/prj/prj.gen/my_rm/bd/ulp/ip/ulp_axi_regslice_slr1_0_0/ulp_axi_regslice_slr1_0_0_clocks.xdc] for cell 'level0_i/ulp/axi_regslice_slr1_0/inst'
Parsing XDC File [/home/cs2401.03/mini1-gemm/build/hw/_x/link/vivado/vpl/prj/prj.gen/my_rm/bd/ulp/ip/ulp_axi_regslice_slr1_0_0/ulp_axi_regslice_slr1_0_0_slr.xdc] for cell 'level0_i/ulp/axi_regslice_slr1_0/inst'
INFO: [Vivado 12-3520] Assignment of 'r12.slr_master_r, w12.slr_slave_w, aw12.slr_master_aw, w12.slr_master_w, aw12.slr_slave_aw, b12.slr_master_b, ar12.slr_slave_ar, b12.slr_slave_b, ar12.slr_master_ar, GND, and r12.slr_slave_r' to a pblock 'pblock_dynamic_SLR0' means that all children of 'inst' are in the pblock. Changing the pblock assignment to 'inst'. [/home/cs2401.03/mini1-gemm/build/hw/_x/link/vivado/vpl/prj/prj.gen/my_rm/bd/ulp/ip/ulp_axi_regslice_slr1_0_0/ulp_axi_regslice_slr1_0_0_slr.xdc:55]
Finished Parsing XDC File [/home/cs2401.03/mini1-gemm/build/hw/_x/link/vivado/vpl/prj/prj.gen/my_rm/bd/ulp/ip/ulp_axi_regslice_slr1_0_0/ulp_axi_regslice_slr1_0_0_slr.xdc] for cell 'level0_i/ulp/axi_regslice_slr1_0/inst'
Parsing XDC File [/home/cs2401.03/mini1-gemm/build/hw/_x/link/vivado/vpl/prj/prj.gen/my_rm/bd/ulp/ip/ulp_axi_regslice_slr1_1_0/ulp_axi_regslice_slr1_1_0_clocks.xdc] for cell 'level0_i/ulp/axi_regslice_slr1_1/inst'
Finished Parsing XDC File [/home/cs2401.03/mini1-gemm/build/hw/_x/link/vivado/vpl/prj/prj.gen/my_rm/bd/ulp/ip/ulp_axi_regslice_slr1_1_0/ulp_axi_regslice_slr1_1_0_clocks.xdc] for cell 'level0_i/ulp/axi_regslice_slr1_1/inst'
Parsing XDC File [/home/cs2401.03/mini1-gemm/build/hw/_x/link/vivado/vpl/prj/prj.gen/my_rm/bd/ulp/ip/ulp_axi_regslice_slr1_1_0/ulp_axi_regslice_slr1_1_0_slr.xdc] for cell 'level0_i/ulp/axi_regslice_slr1_1/inst'
INFO: [Vivado 12-3520] Assignment of 'r12.slr_master_r, w12.slr_slave_w, aw12.slr_master_aw, w12.slr_master_w, aw12.slr_slave_aw, b12.slr_master_b, ar12.slr_slave_ar, b12.slr_slave_b, ar12.slr_master_ar, GND, and r12.slr_slave_r' to a pblock 'pblock_dynamic_SLR1' means that all children of 'inst' are in the pblock. Changing the pblock assignment to 'inst'. [/home/cs2401.03/mini1-gemm/build/hw/_x/link/vivado/vpl/prj/prj.gen/my_rm/bd/ulp/ip/ulp_axi_regslice_slr1_1_0/ulp_axi_regslice_slr1_1_0_slr.xdc:55]
Finished Parsing XDC File [/home/cs2401.03/mini1-gemm/build/hw/_x/link/vivado/vpl/prj/prj.gen/my_rm/bd/ulp/ip/ulp_axi_regslice_slr1_1_0/ulp_axi_regslice_slr1_1_0_slr.xdc] for cell 'level0_i/ulp/axi_regslice_slr1_1/inst'
Parsing XDC File [/home/cs2401.03/mini1-gemm/build/hw/_x/link/vivado/vpl/prj/prj.gen/my_rm/bd/ulp/ip/ulp_proc_sys_reset_ctrl_slr0_0/ulp_proc_sys_reset_ctrl_slr0_0_slr.xdc] for cell 'level0_i/ulp/proc_sys_reset_ctrl_slr0/U0'
Finished Parsing XDC File [/home/cs2401.03/mini1-gemm/build/hw/_x/link/vivado/vpl/prj/prj.gen/my_rm/bd/ulp/ip/ulp_proc_sys_reset_ctrl_slr0_0/ulp_proc_sys_reset_ctrl_slr0_0_slr.xdc] for cell 'level0_i/ulp/proc_sys_reset_ctrl_slr0/U0'
Parsing XDC File [/home/cs2401.03/mini1-gemm/build/hw/_x/link/vivado/vpl/prj/prj.gen/my_rm/bd/ulp/ip/ulp_proc_sys_reset_ctrl_slr1_0/ulp_proc_sys_reset_ctrl_slr1_0_slr.xdc] for cell 'level0_i/ulp/proc_sys_reset_ctrl_slr1/U0'
Finished Parsing XDC File [/home/cs2401.03/mini1-gemm/build/hw/_x/link/vivado/vpl/prj/prj.gen/my_rm/bd/ulp/ip/ulp_proc_sys_reset_ctrl_slr1_0/ulp_proc_sys_reset_ctrl_slr1_0_slr.xdc] for cell 'level0_i/ulp/proc_sys_reset_ctrl_slr1/U0'
Parsing XDC File [/home/cs2401.03/mini1-gemm/build/hw/_x/link/vivado/vpl/prj/prj.gen/my_rm/bd/ulp/ip/ulp_proc_sys_reset_kernel_slr0_0/ulp_proc_sys_reset_kernel_slr0_0_slr.xdc] for cell 'level0_i/ulp/proc_sys_reset_kernel_slr0/U0'
Finished Parsing XDC File [/home/cs2401.03/mini1-gemm/build/hw/_x/link/vivado/vpl/prj/prj.gen/my_rm/bd/ulp/ip/ulp_proc_sys_reset_kernel_slr0_0/ulp_proc_sys_reset_kernel_slr0_0_slr.xdc] for cell 'level0_i/ulp/proc_sys_reset_kernel_slr0/U0'
Parsing XDC File [/home/cs2401.03/mini1-gemm/build/hw/_x/link/vivado/vpl/prj/prj.gen/my_rm/bd/ulp/ip/ulp_proc_sys_reset_kernel_slr1_0/ulp_proc_sys_reset_kernel_slr1_0_slr.xdc] for cell 'level0_i/ulp/proc_sys_reset_kernel_slr1/U0'
Finished Parsing XDC File [/home/cs2401.03/mini1-gemm/build/hw/_x/link/vivado/vpl/prj/prj.gen/my_rm/bd/ulp/ip/ulp_proc_sys_reset_kernel_slr1_0/ulp_proc_sys_reset_kernel_slr1_0_slr.xdc] for cell 'level0_i/ulp/proc_sys_reset_kernel_slr1/U0'
Parsing XDC File [/home/cs2401.03/mini1-gemm/build/hw/_x/link/vivado/vpl/prj/prj.gen/my_rm/bd/ulp/ip/ulp_proc_sys_reset_kernel2_slr0_0/ulp_proc_sys_reset_kernel2_slr0_0_slr.xdc] for cell 'level0_i/ulp/proc_sys_reset_kernel2_slr0/U0'
Finished Parsing XDC File [/home/cs2401.03/mini1-gemm/build/hw/_x/link/vivado/vpl/prj/prj.gen/my_rm/bd/ulp/ip/ulp_proc_sys_reset_kernel2_slr0_0/ulp_proc_sys_reset_kernel2_slr0_0_slr.xdc] for cell 'level0_i/ulp/proc_sys_reset_kernel2_slr0/U0'
Parsing XDC File [/home/cs2401.03/mini1-gemm/build/hw/_x/link/vivado/vpl/prj/prj.gen/my_rm/bd/ulp/ip/ulp_proc_sys_reset_kernel2_slr1_0/ulp_proc_sys_reset_kernel2_slr1_0_slr.xdc] for cell 'level0_i/ulp/proc_sys_reset_kernel2_slr1/U0'
Finished Parsing XDC File [/home/cs2401.03/mini1-gemm/build/hw/_x/link/vivado/vpl/prj/prj.gen/my_rm/bd/ulp/ip/ulp_proc_sys_reset_kernel2_slr1_0/ulp_proc_sys_reset_kernel2_slr1_0_slr.xdc] for cell 'level0_i/ulp/proc_sys_reset_kernel2_slr1/U0'
Parsing XDC File [/home/cs2401.03/mini1-gemm/build/hw/_x/link/vivado/vpl/prj/prj.gen/my_rm/bd/ulp/ip/ulp_proc_sys_reset_freerun_slr0_0/ulp_proc_sys_reset_freerun_slr0_0_slr.xdc] for cell 'level0_i/ulp/proc_sys_reset_freerun_slr0/U0'
Finished Parsing XDC File [/home/cs2401.03/mini1-gemm/build/hw/_x/link/vivado/vpl/prj/prj.gen/my_rm/bd/ulp/ip/ulp_proc_sys_reset_freerun_slr0_0/ulp_proc_sys_reset_freerun_slr0_0_slr.xdc] for cell 'level0_i/ulp/proc_sys_reset_freerun_slr0/U0'
Parsing XDC File [/home/cs2401.03/mini1-gemm/build/hw/_x/link/vivado/vpl/prj/prj.gen/my_rm/bd/ulp/ip/ulp_proc_sys_reset_freerun_slr1_0/ulp_proc_sys_reset_freerun_slr1_0_slr.xdc] for cell 'level0_i/ulp/proc_sys_reset_freerun_slr1/U0'
Finished Parsing XDC File [/home/cs2401.03/mini1-gemm/build/hw/_x/link/vivado/vpl/prj/prj.gen/my_rm/bd/ulp/ip/ulp_proc_sys_reset_freerun_slr1_0/ulp_proc_sys_reset_freerun_slr1_0_slr.xdc] for cell 'level0_i/ulp/proc_sys_reset_freerun_slr1/U0'
Parsing XDC File [/home/cs2401.03/mini1-gemm/build/hw/_x/link/vivado/vpl/prj/prj.gen/my_rm/bd/ulp/ip/ulp_interconnect_axilite_user_imp_s00_regslice_0/ulp_interconnect_axilite_user_imp_s00_regslice_0_clocks.xdc] for cell 'level0_i/ulp/SLR0/interconnect_axilite_user/s00_couplers/s00_regslice/inst'
Finished Parsing XDC File [/home/cs2401.03/mini1-gemm/build/hw/_x/link/vivado/vpl/prj/prj.gen/my_rm/bd/ulp/ip/ulp_interconnect_axilite_user_imp_s00_regslice_0/ulp_interconnect_axilite_user_imp_s00_regslice_0_clocks.xdc] for cell 'level0_i/ulp/SLR0/interconnect_axilite_user/s00_couplers/s00_regslice/inst'
Parsing XDC File [/home/cs2401.03/mini1-gemm/build/hw/_x/link/vivado/vpl/prj/prj.gen/my_rm/bd/ulp/ip/ulp_interconnect_axilite_user_imp_m00_regslice_0/ulp_interconnect_axilite_user_imp_m00_regslice_0_clocks.xdc] for cell 'level0_i/ulp/SLR0/interconnect_axilite_user/m00_couplers/m00_regslice/inst'
Finished Parsing XDC File [/home/cs2401.03/mini1-gemm/build/hw/_x/link/vivado/vpl/prj/prj.gen/my_rm/bd/ulp/ip/ulp_interconnect_axilite_user_imp_m00_regslice_0/ulp_interconnect_axilite_user_imp_m00_regslice_0_clocks.xdc] for cell 'level0_i/ulp/SLR0/interconnect_axilite_user/m00_couplers/m00_regslice/inst'
Parsing XDC File [/home/cs2401.03/mini1-gemm/build/hw/_x/link/vivado/vpl/prj/prj.gen/my_rm/bd/ulp/ip/ulp_interconnect_axilite_user_imp_auto_cc_0/ulp_interconnect_axilite_user_imp_auto_cc_0_clocks.xdc] for cell 'level0_i/ulp/SLR0/interconnect_axilite_user/m00_couplers/auto_cc/inst'
Finished Parsing XDC File [/home/cs2401.03/mini1-gemm/build/hw/_x/link/vivado/vpl/prj/prj.gen/my_rm/bd/ulp/ip/ulp_interconnect_axilite_user_imp_auto_cc_0/ulp_interconnect_axilite_user_imp_auto_cc_0_clocks.xdc] for cell 'level0_i/ulp/SLR0/interconnect_axilite_user/m00_couplers/auto_cc/inst'
Parsing XDC File [/home/cs2401.03/mini1-gemm/build/hw/_x/link/vivado/vpl/prj/prj.gen/my_rm/bd/ulp/ip/ulp_interconnect_axilite_user_imp_m01_regslice_0/ulp_interconnect_axilite_user_imp_m01_regslice_0_clocks.xdc] for cell 'level0_i/ulp/SLR0/interconnect_axilite_user/m01_couplers/m01_regslice/inst'
Finished Parsing XDC File [/home/cs2401.03/mini1-gemm/build/hw/_x/link/vivado/vpl/prj/prj.gen/my_rm/bd/ulp/ip/ulp_interconnect_axilite_user_imp_m01_regslice_0/ulp_interconnect_axilite_user_imp_m01_regslice_0_clocks.xdc] for cell 'level0_i/ulp/SLR0/interconnect_axilite_user/m01_couplers/m01_regslice/inst'
Parsing XDC File [/home/cs2401.03/mini1-gemm/build/hw/_x/link/vivado/vpl/prj/prj.gen/my_rm/bd/ulp/ip/ulp_interconnect_axilite_user_imp_auto_cc_1/ulp_interconnect_axilite_user_imp_auto_cc_1_clocks.xdc] for cell 'level0_i/ulp/SLR0/interconnect_axilite_user/m01_couplers/auto_cc/inst'
Finished Parsing XDC File [/home/cs2401.03/mini1-gemm/build/hw/_x/link/vivado/vpl/prj/prj.gen/my_rm/bd/ulp/ip/ulp_interconnect_axilite_user_imp_auto_cc_1/ulp_interconnect_axilite_user_imp_auto_cc_1_clocks.xdc] for cell 'level0_i/ulp/SLR0/interconnect_axilite_user/m01_couplers/auto_cc/inst'
Parsing XDC File [/home/cs2401.03/mini1-gemm/build/hw/_x/link/vivado/vpl/prj/prj.gen/my_rm/bd/ulp/ip/ulp_regslice_control_userpf_0/ulp_regslice_control_userpf_0_clocks.xdc] for cell 'level0_i/ulp/SLR0/regslice_control_userpf/inst'
Finished Parsing XDC File [/home/cs2401.03/mini1-gemm/build/hw/_x/link/vivado/vpl/prj/prj.gen/my_rm/bd/ulp/ip/ulp_regslice_control_userpf_0/ulp_regslice_control_userpf_0_clocks.xdc] for cell 'level0_i/ulp/SLR0/regslice_control_userpf/inst'
Parsing XDC File [/home/cs2401.03/mini1-gemm/build/hw/_x/link/vivado/vpl/prj/prj.gen/my_rm/bd/ulp/ip/ulp_regslice_control_userpf_0/ulp_regslice_control_userpf_0_slr.xdc] for cell 'level0_i/ulp/SLR0/regslice_control_userpf/inst'
Finished Parsing XDC File [/home/cs2401.03/mini1-gemm/build/hw/_x/link/vivado/vpl/prj/prj.gen/my_rm/bd/ulp/ip/ulp_regslice_control_userpf_0/ulp_regslice_control_userpf_0_slr.xdc] for cell 'level0_i/ulp/SLR0/regslice_control_userpf/inst'
Parsing XDC File [/home/cs2401.03/mini1-gemm/build/hw/_x/link/vivado/vpl/prj/prj.gen/my_rm/bd/ulp/ip/ulp_interconnect_axilite_user_imp_s00_regslice_1/ulp_interconnect_axilite_user_imp_s00_regslice_1_clocks.xdc] for cell 'level0_i/ulp/SLR1/interconnect_axilite_user/s00_couplers/s00_regslice/inst'
Finished Parsing XDC File [/home/cs2401.03/mini1-gemm/build/hw/_x/link/vivado/vpl/prj/prj.gen/my_rm/bd/ulp/ip/ulp_interconnect_axilite_user_imp_s00_regslice_1/ulp_interconnect_axilite_user_imp_s00_regslice_1_clocks.xdc] for cell 'level0_i/ulp/SLR1/interconnect_axilite_user/s00_couplers/s00_regslice/inst'
Parsing XDC File [/home/cs2401.03/mini1-gemm/build/hw/_x/link/vivado/vpl/prj/prj.gen/my_rm/bd/ulp/ip/ulp_interconnect_axilite_user_imp_auto_cc_2/ulp_interconnect_axilite_user_imp_auto_cc_2_clocks.xdc] for cell 'level0_i/ulp/SLR1/interconnect_axilite_user/s00_couplers/auto_cc/inst'
Finished Parsing XDC File [/home/cs2401.03/mini1-gemm/build/hw/_x/link/vivado/vpl/prj/prj.gen/my_rm/bd/ulp/ip/ulp_interconnect_axilite_user_imp_auto_cc_2/ulp_interconnect_axilite_user_imp_auto_cc_2_clocks.xdc] for cell 'level0_i/ulp/SLR1/interconnect_axilite_user/s00_couplers/auto_cc/inst'
Parsing XDC File [/home/cs2401.03/mini1-gemm/build/hw/_x/link/vivado/vpl/prj/prj.gen/my_rm/bd/ulp/ip/ulp_regslice_control_userpf_1/ulp_regslice_control_userpf_1_clocks.xdc] for cell 'level0_i/ulp/SLR1/regslice_control_userpf/inst'
Finished Parsing XDC File [/home/cs2401.03/mini1-gemm/build/hw/_x/link/vivado/vpl/prj/prj.gen/my_rm/bd/ulp/ip/ulp_regslice_control_userpf_1/ulp_regslice_control_userpf_1_clocks.xdc] for cell 'level0_i/ulp/SLR1/regslice_control_userpf/inst'
Parsing XDC File [/home/cs2401.03/mini1-gemm/build/hw/_x/link/vivado/vpl/prj/prj.gen/my_rm/bd/ulp/ip/ulp_regslice_control_userpf_1/ulp_regslice_control_userpf_1_slr.xdc] for cell 'level0_i/ulp/SLR1/regslice_control_userpf/inst'
Finished Parsing XDC File [/home/cs2401.03/mini1-gemm/build/hw/_x/link/vivado/vpl/prj/prj.gen/my_rm/bd/ulp/ip/ulp_regslice_control_userpf_1/ulp_regslice_control_userpf_1_slr.xdc] for cell 'level0_i/ulp/SLR1/regslice_control_userpf/inst'
Parsing XDC File [/home/cs2401.03/mini1-gemm/build/hw/_x/link/vivado/vpl/prj/prj.gen/my_rm/bd/ulp/ip/ulp_axi_regslice_0/ulp_axi_regslice_0_clocks.xdc] for cell 'level0_i/ulp/axi_regslice/inst'
Finished Parsing XDC File [/home/cs2401.03/mini1-gemm/build/hw/_x/link/vivado/vpl/prj/prj.gen/my_rm/bd/ulp/ip/ulp_axi_regslice_0/ulp_axi_regslice_0_clocks.xdc] for cell 'level0_i/ulp/axi_regslice/inst'
WARNING: [Vivado_Tcl 4-935] Waiver ID 'CDC-6' is a duplicate and will not be added again. [/home/Xilinx/2025.1/Vivado/data/ip/xpm/xpm_cdc/tcl/xpm_cdc_gray.tcl:23]
WARNING: [Vivado_Tcl 4-935] Waiver ID 'CDC-6' is a duplicate and will not be added again. [/home/Xilinx/2025.1/Vivado/data/ip/xpm/xpm_cdc/tcl/xpm_cdc_gray.tcl:23]
WARNING: [Vivado_Tcl 4-935] Waiver ID 'CDC-6' is a duplicate and will not be added again. [/home/Xilinx/2025.1/Vivado/data/ip/xpm/xpm_cdc/tcl/xpm_cdc_gray.tcl:23]
WARNING: [Vivado_Tcl 4-935] Waiver ID 'CDC-6' is a duplicate and will not be added again. [/home/Xilinx/2025.1/Vivado/data/ip/xpm/xpm_cdc/tcl/xpm_cdc_gray.tcl:23]
WARNING: [Vivado_Tcl 4-935] Waiver ID 'CDC-6' is a duplicate and will not be added again. [/home/Xilinx/2025.1/Vivado/data/ip/xpm/xpm_cdc/tcl/xpm_cdc_gray.tcl:23]
WARNING: [Vivado_Tcl 4-935] Waiver ID 'CDC-6' is a duplicate and will not be added again. [/home/Xilinx/2025.1/Vivado/data/ip/xpm/xpm_cdc/tcl/xpm_cdc_gray.tcl:23]
WARNING: [Vivado_Tcl 4-935] Waiver ID 'CDC-6' is a duplicate and will not be added again. [/home/Xilinx/2025.1/Vivado/data/ip/xpm/xpm_cdc/tcl/xpm_cdc_gray.tcl:23]
WARNING: [XPM_CDC_GRAY: TCL-1000] The source and destination clocks are the same. 
     Instance: level0_i/blp/blp_i/ss_hif/inst/flash_programmer/U0/NO_DUAL_QUAD_MODE.QSPI_NORMAL/QSPI_LEGACY_MD_GEN.QSPI_CORE_INTERFACE_I/FIFO_EXISTS.TX_FIFO_II/xpm_fifo_instance.xpm_fifo_async_inst/gnuram_async_fifo.xpm_fifo_base_inst/gen_cdc_pntr.rd_pntr_cdc_inst 
  This will add unnecessary latency to the design. Please check the design for the following: 
 1) Manually instantiated XPM_CDC modules: AMD recommends that you remove these modules. 
 2) AMD IP that contains XPM_CDC modules: Verify the connections to the IP to determine whether you can safely ignore this message.
 [/home/Xilinx/2025.1/Vivado/data/ip/xpm/xpm_cdc/tcl/xpm_cdc_gray.tcl:16]
WARNING: [Vivado_Tcl 4-935] Waiver ID 'CDC-6' is a duplicate and will not be added again. [/home/Xilinx/2025.1/Vivado/data/ip/xpm/xpm_cdc/tcl/xpm_cdc_gray.tcl:23]
WARNING: [XPM_CDC_GRAY: TCL-1000] The source and destination clocks are the same. 
     Instance: level0_i/blp/blp_i/ss_hif/inst/flash_programmer/U0/NO_DUAL_QUAD_MODE.QSPI_NORMAL/QSPI_LEGACY_MD_GEN.QSPI_CORE_INTERFACE_I/FIFO_EXISTS.RX_FIFO_II/gnuram_async_fifo.xpm_fifo_base_inst/gen_cdc_pntr.wr_pntr_cdc_inst 
  This will add unnecessary latency to the design. Please check the design for the following: 
 1) Manually instantiated XPM_CDC modules: AMD recommends that you remove these modules. 
 2) AMD IP that contains XPM_CDC modules: Verify the connections to the IP to determine whether you can safely ignore this message.
 [/home/Xilinx/2025.1/Vivado/data/ip/xpm/xpm_cdc/tcl/xpm_cdc_gray.tcl:16]
WARNING: [Vivado_Tcl 4-935] Waiver ID 'CDC-6' is a duplicate and will not be added again. [/home/Xilinx/2025.1/Vivado/data/ip/xpm/xpm_cdc/tcl/xpm_cdc_gray.tcl:23]
WARNING: [XPM_CDC_GRAY: TCL-1000] The source and destination clocks are the same. 
     Instance: level0_i/blp/blp_i/ss_hif/inst/flash_programmer/U0/NO_DUAL_QUAD_MODE.QSPI_NORMAL/QSPI_LEGACY_MD_GEN.QSPI_CORE_INTERFACE_I/FIFO_EXISTS.RX_FIFO_II/gnuram_async_fifo.xpm_fifo_base_inst/gen_cdc_pntr.rd_pntr_cdc_inst 
  This will add unnecessary latency to the design. Please check the design for the following: 
 1) Manually instantiated XPM_CDC modules: AMD recommends that you remove these modules. 
 2) AMD IP that contains XPM_CDC modules: Verify the connections to the IP to determine whether you can safely ignore this message.
 [/home/Xilinx/2025.1/Vivado/data/ip/xpm/xpm_cdc/tcl/xpm_cdc_gray.tcl:16]
WARNING: [Vivado_Tcl 4-935] Waiver ID 'CDC-6' is a duplicate and will not be added again. [/home/Xilinx/2025.1/Vivado/data/ip/xpm/xpm_cdc/tcl/xpm_cdc_gray.tcl:23]
WARNING: [XPM_CDC_GRAY: TCL-1000] The source and destination clocks are the same. 
     Instance: level0_i/blp/blp_i/ss_hif/inst/flash_programmer/U0/NO_DUAL_QUAD_MODE.QSPI_NORMAL/QSPI_LEGACY_MD_GEN.QSPI_CORE_INTERFACE_I/FIFO_EXISTS.TX_FIFO_II/xpm_fifo_instance.xpm_fifo_async_inst/gnuram_async_fifo.xpm_fifo_base_inst/gen_cdc_pntr.wr_pntr_cdc_inst 
  This will add unnecessary latency to the design. Please check the design for the following: 
 1) Manually instantiated XPM_CDC modules: AMD recommends that you remove these modules. 
 2) AMD IP that contains XPM_CDC modules: Verify the connections to the IP to determine whether you can safely ignore this message.
 [/home/Xilinx/2025.1/Vivado/data/ip/xpm/xpm_cdc/tcl/xpm_cdc_gray.tcl:16]
WARNING: [Vivado_Tcl 4-935] Waiver ID 'CDC-6' is a duplicate and will not be added again. [/home/Xilinx/2025.1/Vivado/data/ip/xpm/xpm_cdc/tcl/xpm_cdc_gray.tcl:23]
WARNING: [XPM_CDC_GRAY: TCL-1000] The source and destination clocks are the same. 
     Instance: level0_i/blp/blp_i/ss_hif/inst/flash_programmer/U0/NO_DUAL_QUAD_MODE.QSPI_NORMAL/QSPI_LEGACY_MD_GEN.QSPI_CORE_INTERFACE_I/FIFO_EXISTS.RX_FIFO_II/gnuram_async_fifo.xpm_fifo_base_inst/gen_cdc_pntr.wr_pntr_cdc_dc_inst 
  This will add unnecessary latency to the design. Please check the design for the following: 
 1) Manually instantiated XPM_CDC modules: AMD recommends that you remove these modules. 
 2) AMD IP that contains XPM_CDC modules: Verify the connections to the IP to determine whether you can safely ignore this message.
 [/home/Xilinx/2025.1/Vivado/data/ip/xpm/xpm_cdc/tcl/xpm_cdc_gray.tcl:16]
WARNING: [Vivado_Tcl 4-935] Waiver ID 'CDC-6' is a duplicate and will not be added again. [/home/Xilinx/2025.1/Vivado/data/ip/xpm/xpm_cdc/tcl/xpm_cdc_gray.tcl:23]
WARNING: [XPM_CDC_GRAY: TCL-1000] The source and destination clocks are the same. 
     Instance: level0_i/blp/blp_i/ss_hif/inst/flash_programmer/U0/NO_DUAL_QUAD_MODE.QSPI_NORMAL/QSPI_LEGACY_MD_GEN.QSPI_CORE_INTERFACE_I/FIFO_EXISTS.TX_FIFO_II/xpm_fifo_instance.xpm_fifo_async_inst/gnuram_async_fifo.xpm_fifo_base_inst/gen_cdc_pntr.rd_pntr_cdc_dc_inst 
  This will add unnecessary latency to the design. Please check the design for the following: 
 1) Manually instantiated XPM_CDC modules: AMD recommends that you remove these modules. 
 2) AMD IP that contains XPM_CDC modules: Verify the connections to the IP to determine whether you can safely ignore this message.
 [/home/Xilinx/2025.1/Vivado/data/ip/xpm/xpm_cdc/tcl/xpm_cdc_gray.tcl:16]
WARNING: [Vivado_Tcl 4-935] Waiver ID 'CDC-6' is a duplicate and will not be added again. [/home/Xilinx/2025.1/Vivado/data/ip/xpm/xpm_cdc/tcl/xpm_cdc_gray.tcl:23]
WARNING: [Vivado_Tcl 4-935] Waiver ID 'CDC-6' is a duplicate and will not be added again. [/home/Xilinx/2025.1/Vivado/data/ip/xpm/xpm_cdc/tcl/xpm_cdc_gray.tcl:23]
WARNING: [Vivado_Tcl 4-935] Waiver ID 'CDC-6' is a duplicate and will not be added again. [/home/Xilinx/2025.1/Vivado/data/ip/xpm/xpm_cdc/tcl/xpm_cdc_gray.tcl:23]
WARNING: [Vivado_Tcl 4-935] Waiver ID 'CDC-6' is a duplicate and will not be added again. [/home/Xilinx/2025.1/Vivado/data/ip/xpm/xpm_cdc/tcl/xpm_cdc_gray.tcl:23]
WARNING: [Vivado_Tcl 4-935] Waiver ID 'CDC-6' is a duplicate and will not be added again. [/home/Xilinx/2025.1/Vivado/data/ip/xpm/xpm_cdc/tcl/xpm_cdc_gray.tcl:23]
WARNING: [Vivado_Tcl 4-935] Waiver ID 'CDC-6' is a duplicate and will not be added again. [/home/Xilinx/2025.1/Vivado/data/ip/xpm/xpm_cdc/tcl/xpm_cdc_gray.tcl:23]
WARNING: [Vivado_Tcl 4-935] Waiver ID 'CDC-6' is a duplicate and will not be added again. [/home/Xilinx/2025.1/Vivado/data/ip/xpm/xpm_cdc/tcl/xpm_cdc_gray.tcl:23]
WARNING: [Vivado_Tcl 4-935] Waiver ID 'CDC-6' is a duplicate and will not be added again. [/home/Xilinx/2025.1/Vivado/data/ip/xpm/xpm_cdc/tcl/xpm_cdc_gray.tcl:23]
WARNING: [Vivado_Tcl 4-935] Waiver ID 'CDC-6' is a duplicate and will not be added again. [/home/Xilinx/2025.1/Vivado/data/ip/xpm/xpm_cdc/tcl/xpm_cdc_gray.tcl:23]
WARNING: [Vivado_Tcl 4-935] Waiver ID 'CDC-6' is a duplicate and will not be added again. [/home/Xilinx/2025.1/Vivado/data/ip/xpm/xpm_cdc/tcl/xpm_cdc_gray.tcl:23]
WARNING: [Vivado_Tcl 4-935] Waiver ID 'CDC-6' is a duplicate and will not be added again. [/home/Xilinx/2025.1/Vivado/data/ip/xpm/xpm_cdc/tcl/xpm_cdc_gray.tcl:23]
WARNING: [Vivado_Tcl 4-935] Waiver ID 'CDC-6' is a duplicate and will not be added again. [/home/Xilinx/2025.1/Vivado/data/ip/xpm/xpm_cdc/tcl/xpm_cdc_gray.tcl:23]
WARNING: [Vivado_Tcl 4-935] Waiver ID 'CDC-6' is a duplicate and will not be added again. [/home/Xilinx/2025.1/Vivado/data/ip/xpm/xpm_cdc/tcl/xpm_cdc_gray.tcl:23]
WARNING: [Vivado_Tcl 4-935] Waiver ID 'CDC-6' is a duplicate and will not be added again. [/home/Xilinx/2025.1/Vivado/data/ip/xpm/xpm_cdc/tcl/xpm_cdc_gray.tcl:23]
WARNING: [Vivado_Tcl 4-935] Waiver ID 'CDC-6' is a duplicate and will not be added again. [/home/Xilinx/2025.1/Vivado/data/ip/xpm/xpm_cdc/tcl/xpm_cdc_gray.tcl:23]
WARNING: [Vivado_Tcl 4-935] Waiver ID 'CDC-6' is a duplicate and will not be added again. [/home/Xilinx/2025.1/Vivado/data/ip/xpm/xpm_cdc/tcl/xpm_cdc_gray.tcl:23]
WARNING: [Vivado_Tcl 4-935] Waiver ID 'CDC-6' is a duplicate and will not be added again. [/home/Xilinx/2025.1/Vivado/data/ip/xpm/xpm_cdc/tcl/xpm_cdc_gray.tcl:23]
WARNING: [Vivado_Tcl 4-935] Waiver ID 'CDC-15' is a duplicate and will not be added again. [/home/Xilinx/2025.1/Vivado/data/ip/xpm/xpm_cdc/tcl/xpm_cdc_handshake.tcl:30]
WARNING: [Vivado_Tcl 4-935] Waiver ID 'CDC-15' is a duplicate and will not be added again. [/home/Xilinx/2025.1/Vivado/data/ip/xpm/xpm_cdc/tcl/xpm_cdc_handshake.tcl:30]
WARNING: [Vivado_Tcl 4-935] Waiver ID 'CDC-15' is a duplicate and will not be added again. [/home/Xilinx/2025.1/Vivado/data/ip/xpm/xpm_cdc/tcl/xpm_cdc_handshake.tcl:30]
WARNING: [Vivado_Tcl 4-935] Waiver ID 'CDC-15' is a duplicate and will not be added again. [/home/Xilinx/2025.1/Vivado/data/ip/xpm/xpm_cdc/tcl/xpm_cdc_handshake.tcl:30]
WARNING: [Vivado_Tcl 4-935] Waiver ID 'CDC-15' is a duplicate and will not be added again. [/home/Xilinx/2025.1/Vivado/data/ip/xpm/xpm_cdc/tcl/xpm_cdc_handshake.tcl:30]
WARNING: [Vivado_Tcl 4-935] Waiver ID 'CDC-15' is a duplicate and will not be added again. [/home/Xilinx/2025.1/Vivado/data/ip/xpm/xpm_cdc/tcl/xpm_cdc_handshake.tcl:30]
WARNING: [Vivado_Tcl 4-935] Waiver ID 'CDC-15' is a duplicate and will not be added again. [/home/Xilinx/2025.1/Vivado/data/ip/xpm/xpm_cdc/tcl/xpm_cdc_handshake.tcl:30]
WARNING: [Vivado_Tcl 4-935] Waiver ID 'CDC-15' is a duplicate and will not be added again. [/home/Xilinx/2025.1/Vivado/data/ip/xpm/xpm_cdc/tcl/xpm_cdc_handshake.tcl:30]
WARNING: [Vivado_Tcl 4-935] Waiver ID 'CDC-15' is a duplicate and will not be added again. [/home/Xilinx/2025.1/Vivado/data/ip/xpm/xpm_cdc/tcl/xpm_cdc_handshake.tcl:30]
WARNING: [Vivado_Tcl 4-935] Waiver ID 'CDC-15' is a duplicate and will not be added again. [/home/Xilinx/2025.1/Vivado/data/ip/xpm/xpm_cdc/tcl/xpm_cdc_handshake.tcl:30]
WARNING: [Vivado_Tcl 4-935] Waiver ID 'CDC-15' is a duplicate and will not be added again. [/home/Xilinx/2025.1/Vivado/data/ip/xpm/xpm_cdc/tcl/xpm_cdc_handshake.tcl:30]
WARNING: [Vivado_Tcl 4-935] Waiver ID 'CDC-15' is a duplicate and will not be added again. [/home/Xilinx/2025.1/Vivado/data/ip/xpm/xpm_cdc/tcl/xpm_cdc_handshake.tcl:30]
WARNING: [Vivado_Tcl 4-935] Waiver ID 'CDC-15' is a duplicate and will not be added again. [/home/Xilinx/2025.1/Vivado/data/ip/xpm/xpm_cdc/tcl/xpm_cdc_handshake.tcl:30]
WARNING: [Vivado_Tcl 4-935] Waiver ID 'CDC-15' is a duplicate and will not be added again. [/home/Xilinx/2025.1/Vivado/data/ip/xpm/xpm_cdc/tcl/xpm_cdc_handshake.tcl:30]
WARNING: [Vivado_Tcl 4-935] Waiver ID 'CDC-15' is a duplicate and will not be added again. [/home/Xilinx/2025.1/Vivado/data/ip/xpm/xpm_cdc/tcl/xpm_cdc_handshake.tcl:30]
WARNING: [Vivado_Tcl 4-935] Waiver ID 'CDC-15' is a duplicate and will not be added again. [/home/Xilinx/2025.1/Vivado/data/ip/xpm/xpm_cdc/tcl/xpm_cdc_handshake.tcl:30]
WARNING: [Vivado_Tcl 4-935] Waiver ID 'CDC-15' is a duplicate and will not be added again. [/home/Xilinx/2025.1/Vivado/data/ip/xpm/xpm_cdc/tcl/xpm_cdc_handshake.tcl:30]
WARNING: [Vivado_Tcl 4-935] Waiver ID 'CDC-15' is a duplicate and will not be added again. [/home/Xilinx/2025.1/Vivado/data/ip/xpm/xpm_cdc/tcl/xpm_cdc_handshake.tcl:30]
WARNING: [Vivado_Tcl 4-935] Waiver ID 'CDC-15' is a duplicate and will not be added again. [/home/Xilinx/2025.1/Vivado/data/ip/xpm/xpm_cdc/tcl/xpm_cdc_handshake.tcl:30]
WARNING: [Vivado_Tcl 4-935] Waiver ID 'CDC-15' is a duplicate and will not be added again. [/home/Xilinx/2025.1/Vivado/data/ip/xpm/xpm_cdc/tcl/xpm_cdc_handshake.tcl:30]
WARNING: [Vivado_Tcl 4-935] Waiver ID 'CDC-15' is a duplicate and will not be added again. [/home/Xilinx/2025.1/Vivado/data/ip/xpm/xpm_cdc/tcl/xpm_cdc_handshake.tcl:30]
WARNING: [Vivado_Tcl 4-935] Waiver ID 'CDC-15' is a duplicate and will not be added again. [/home/Xilinx/2025.1/Vivado/data/ip/xpm/xpm_cdc/tcl/xpm_cdc_handshake.tcl:30]
WARNING: [Vivado_Tcl 4-935] Waiver ID 'CDC-15' is a duplicate and will not be added again. [/home/Xilinx/2025.1/Vivado/data/ip/xpm/xpm_cdc/tcl/xpm_cdc_handshake.tcl:30]
WARNING: [Vivado_Tcl 4-935] Waiver ID 'CDC-15' is a duplicate and will not be added again. [/home/Xilinx/2025.1/Vivado/data/ip/xpm/xpm_cdc/tcl/xpm_cdc_handshake.tcl:30]
WARNING: [Vivado_Tcl 4-935] Waiver ID 'CDC-15' is a duplicate and will not be added again. [/home/Xilinx/2025.1/Vivado/data/ip/xpm/xpm_cdc/tcl/xpm_cdc_handshake.tcl:30]
WARNING: [Vivado_Tcl 4-935] Waiver ID 'CDC-15' is a duplicate and will not be added again. [/home/Xilinx/2025.1/Vivado/data/ip/xpm/xpm_cdc/tcl/xpm_cdc_handshake.tcl:30]
WARNING: [Vivado_Tcl 4-935] Waiver ID 'CDC-15' is a duplicate and will not be added again. [/home/Xilinx/2025.1/Vivado/data/ip/xpm/xpm_cdc/tcl/xpm_cdc_handshake.tcl:30]
WARNING: [Vivado_Tcl 4-935] Waiver ID 'CDC-15' is a duplicate and will not be added again. [/home/Xilinx/2025.1/Vivado/data/ip/xpm/xpm_cdc/tcl/xpm_cdc_handshake.tcl:30]
WARNING: [Vivado_Tcl 4-935] Waiver ID 'CDC-15' is a duplicate and will not be added again. [/home/Xilinx/2025.1/Vivado/data/ip/xpm/xpm_cdc/tcl/xpm_cdc_handshake.tcl:30]
WARNING: [Vivado_Tcl 4-935] Waiver ID 'CDC-15' is a duplicate and will not be added again. [/home/Xilinx/2025.1/Vivado/data/ip/xpm/xpm_cdc/tcl/xpm_cdc_handshake.tcl:30]
WARNING: [Vivado_Tcl 4-935] Waiver ID 'CDC-15' is a duplicate and will not be added again. [/home/Xilinx/2025.1/Vivado/data/ip/xpm/xpm_cdc/tcl/xpm_cdc_handshake.tcl:30]
WARNING: [Vivado_Tcl 4-935] Waiver ID 'CDC-15' is a duplicate and will not be added again. [/home/Xilinx/2025.1/Vivado/data/ip/xpm/xpm_cdc/tcl/xpm_cdc_handshake.tcl:30]
WARNING: [Vivado_Tcl 4-935] Waiver ID 'CDC-15' is a duplicate and will not be added again. [/home/Xilinx/2025.1/Vivado/data/ip/xpm/xpm_cdc/tcl/xpm_cdc_handshake.tcl:30]
WARNING: [Vivado_Tcl 4-935] Waiver ID 'CDC-15' is a duplicate and will not be added again. [/home/Xilinx/2025.1/Vivado/data/ip/xpm/xpm_cdc/tcl/xpm_cdc_handshake.tcl:30]
WARNING: [Vivado_Tcl 4-935] Waiver ID 'CDC-15' is a duplicate and will not be added again. [/home/Xilinx/2025.1/Vivado/data/ip/xpm/xpm_cdc/tcl/xpm_cdc_handshake.tcl:30]
WARNING: [Vivado_Tcl 4-935] Waiver ID 'CDC-15' is a duplicate and will not be added again. [/home/Xilinx/2025.1/Vivado/data/ip/xpm/xpm_cdc/tcl/xpm_cdc_handshake.tcl:30]
WARNING: [Vivado_Tcl 4-935] Waiver ID 'CDC-15' is a duplicate and will not be added again. [/home/Xilinx/2025.1/Vivado/data/ip/xpm/xpm_cdc/tcl/xpm_cdc_handshake.tcl:30]
WARNING: [Vivado_Tcl 4-935] Waiver ID 'CDC-15' is a duplicate and will not be added again. [/home/Xilinx/2025.1/Vivado/data/ip/xpm/xpm_cdc/tcl/xpm_cdc_handshake.tcl:30]
WARNING: [Vivado_Tcl 4-935] Waiver ID 'CDC-15' is a duplicate and will not be added again. [/home/Xilinx/2025.1/Vivado/data/ip/xpm/xpm_cdc/tcl/xpm_cdc_handshake.tcl:30]
WARNING: [Vivado_Tcl 4-935] Waiver ID 'CDC-15' is a duplicate and will not be added again. [/home/Xilinx/2025.1/Vivado/data/ip/xpm/xpm_cdc/tcl/xpm_cdc_handshake.tcl:30]
INFO: [Project 1-1714] 495 XPM XDC files have been applied to the design.
INFO: [Opt 31-138] Pushed 0 inverter(s) to 0 load pin(s).
INFO: [Project 1-1687] 480 scoped IP constraints or related sub-commands were skipped due to synthesis logic optimizations usually triggered by constant connectivity or unconnected output pins. To review the skipped constraints and messages, run the command 'set_param netlist.IPMsgFiltering false' before opening the design.
Netlist sorting complete. Time (s): cpu = 00:00:00.11 ; elapsed = 00:00:00.11 . Memory (MB): peak = 7636.973 ; gain = 0.000 ; free physical = 158242 ; free virtual = 461637
INFO: [Project 1-111] Unisim Transformation Summary:
  A total of 1396 instances were transformed.
  DSP48E1 => DSP48E2 (DSP_ALU, DSP_A_B_DATA, DSP_C_DATA, DSP_MULTIPLIER, DSP_M_DATA, DSP_OUTPUT, DSP_PREADD, DSP_PREADD_DATA): 9 instances
  DSP48E2 => DSP48E2 (DSP_ALU, DSP_A_B_DATA, DSP_C_DATA, DSP_MULTIPLIER, DSP_M_DATA, DSP_OUTPUT, DSP_PREADD, DSP_PREADD_DATA): 3 instances
  HBM_ONE_STACK_INTF => HBM_ONE_STACK_INTF (HBM_REF_CLK, HBM_SNGLBLI_INTF_APB, HBM_SNGLBLI_INTF_AXI(x16)): 1 instance 
  IBUF => IBUF (IBUFCTRL, INBUF): 5 instances
  IBUFDS => IBUFDS (DIFFINBUF, IBUFCTRL): 1 instance 
  LUT6_2 => LUT6_2 (LUT5, LUT6): 158 instances
  RAM128X1D => RAM128X1D (MUXF7(x2), RAMD64E(x4)): 1 instance 
  RAM16X1D => RAM32X1D (RAMD32(x2)): 329 instances
  RAM16X1S => RAM32X1S (RAMS32): 46 instances
  RAM256X1S => RAM256X1S (MUXF7(x2), MUXF8, RAMS64E(x4)): 10 instances
  RAM32M => RAM32M (RAMD32(x6), RAMS32(x2)): 45 instances
  RAM32M16 => RAM32M16 (RAMD32(x14), RAMS32(x2)): 595 instances
  RAM32X1D => RAM32X1D (RAMD32(x2)): 121 instances
  RAM64M => RAM64M (RAMD64E(x4)): 1 instance 
  RAM64M8 => RAM64M8 (RAMD64E(x8)): 63 instances
  RAM64X1D => RAM64X1D (RAMD64E(x2)): 8 instances

WARNING: [Constraints 18-5685] Specifying child pblock pblock_dynamic_SLR1 before parent pblock pblock_dynamic_region may result in the contents of the child being reassigned to parent after a "add_cells_to_pblock -pblock <parent>". If this is not intended, please read the parent pblock constraints first followed by its children pblock constraints. If using link_design flow, please use the PROCESSING_ORDER property for XDC files to make sure parent pblocks are processed before children pblocks. Refer UG912 to know more about PROCESSING_ORDER property of XDC files.
WARNING: [Constraints 18-5685] Specifying child pblock pblock_dynamic_SLR0 before parent pblock pblock_dynamic_region may result in the contents of the child being reassigned to parent after a "add_cells_to_pblock -pblock <parent>". If this is not intended, please read the parent pblock constraints first followed by its children pblock constraints. If using link_design flow, please use the PROCESSING_ORDER property for XDC files to make sure parent pblocks are processed before children pblocks. Refer UG912 to know more about PROCESSING_ORDER property of XDC files.
273 Infos, 312 Warnings, 0 Critical Warnings and 0 Errors encountered.
link_design completed successfully
link_design: Time (s): cpu = 00:06:33 ; elapsed = 00:04:27 . Memory (MB): peak = 7637.008 ; gain = 5668.512 ; free physical = 158241 ; free virtual = 461635
source /home/cs2401.03/mini1-gemm/build/hw/_x/link/vivado/vpl/scripts/impl_1/_full_init_post.tcl
Parsing XDC File [/home/cs2401.03/mini1-gemm/build/hw/_x/link/vivado/vpl/output/_user_impl_clk.xdc]
Finished Parsing XDC File [/home/cs2401.03/mini1-gemm/build/hw/_x/link/vivado/vpl/output/_user_impl_clk.xdc]
source /home/cs2401.03/mini1-gemm/build/hw/_x/link/vivado/vpl/scripts/impl_1/_full_opt_pre.tcl
Post-synthesis utilization DRC check...
available resources:
   luts      : 705520
   registers : 1411040
   brams     : 1116
   dsps      : 4920
required resources:
   luts      : 23306
   registers : 37676
   brams     : 3
   dsps      : 8
report_accelerator_utilization: Time (s): cpu = 00:00:07 ; elapsed = 00:00:08 . Memory (MB): peak = 7637.008 ; gain = 0.000 ; free physical = 158238 ; free virtual = 461633
report_utilization: Time (s): cpu = 00:00:13 ; elapsed = 00:00:13 . Memory (MB): peak = 7637.008 ; gain = 0.000 ; free physical = 158238 ; free virtual = 461633
INFO: System Diagram: Run step: synthed

INFO: [Timing 38-35] Done setting XDC timing constraints.
create_generated_clock: Time (s): cpu = 00:00:19 ; elapsed = 00:00:07 . Memory (MB): peak = 7637.008 ; gain = 0.000 ; free physical = 158224 ; free virtual = 461619
Command: opt_design
Attempting to get a license for feature 'Implementation' and/or device 'xcu50'
INFO: [Common 17-349] Got license for feature 'Implementation' and/or device 'xcu50'
Running DRC as a precondition to command opt_design

Starting DRC Task
INFO: [DRC 23-27] Running DRC with 8 threads
INFO: [Project 1-461] DRC finished with 0 Errors
INFO: [Project 1-462] Please refer to the DRC report (report_drc) for more information.

Time (s): cpu = 00:00:25 ; elapsed = 00:00:06 . Memory (MB): peak = 7637.008 ; gain = 0.000 ; free physical = 158222 ; free virtual = 461617

Starting Cache Timing Information Task
Ending Cache Timing Information Task | Checksum: 2719e6659

Time (s): cpu = 00:00:04 ; elapsed = 00:00:00.83 . Memory (MB): peak = 7637.008 ; gain = 0.000 ; free physical = 158222 ; free virtual = 461616

Starting Logic Optimization Task

Phase 1 Initialization

Phase 1.1 Core Generation And Design Setup
Phase 1.1 Core Generation And Design Setup | Checksum: 2719e6659

Time (s): cpu = 00:00:11 ; elapsed = 00:00:09 . Memory (MB): peak = 7791.871 ; gain = 0.000 ; free physical = 158059 ; free virtual = 461455

Phase 1.2 Setup Constraints And Sort Netlist
Phase 1.2 Setup Constraints And Sort Netlist | Checksum: 2719e6659

Time (s): cpu = 00:00:13 ; elapsed = 00:00:10 . Memory (MB): peak = 7791.871 ; gain = 0.000 ; free physical = 158059 ; free virtual = 461455
Phase 1 Initialization | Checksum: 2719e6659

Time (s): cpu = 00:00:15 ; elapsed = 00:00:10 . Memory (MB): peak = 7791.871 ; gain = 0.000 ; free physical = 158065 ; free virtual = 461460

Phase 2 Timer Update And Timing Data Collection

Phase 2.1 Timer Update
Phase 2.1 Timer Update | Checksum: 2719e6659

Time (s): cpu = 00:00:32 ; elapsed = 00:00:14 . Memory (MB): peak = 7807.809 ; gain = 15.938 ; free physical = 158037 ; free virtual = 461432

Phase 2.2 Timing Data Collection
Phase 2.2 Timing Data Collection | Checksum: 2719e6659

Time (s): cpu = 00:00:34 ; elapsed = 00:00:15 . Memory (MB): peak = 8047.809 ; gain = 255.938 ; free physical = 157857 ; free virtual = 461253
Phase 2 Timer Update And Timing Data Collection | Checksum: 2719e6659

Time (s): cpu = 00:00:36 ; elapsed = 00:00:16 . Memory (MB): peak = 8047.809 ; gain = 255.938 ; free physical = 157858 ; free virtual = 461253

Phase 3 Retarget
INFO: [Opt 31-1851] Number of loadless carry chains removed were: 0
INFO: [Opt 31-1834] Total Chains To Be Transformed Were: 0 AND Number of Transformed insts Created are: 0
INFO: [Opt 31-1566] Pulled 2 inverters resulting in an inversion of 8 pins
INFO: [Opt 31-138] Pushed 146 inverter(s) to 1615 load pin(s).
INFO: [Opt 31-49] Retargeted 0 cell(s).
Phase 3 Retarget | Checksum: 25aac7912

Time (s): cpu = 00:00:46 ; elapsed = 00:00:24 . Memory (MB): peak = 8047.809 ; gain = 255.938 ; free physical = 157858 ; free virtual = 461253
Retarget | Checksum: 25aac7912
INFO: [Opt 31-389] Phase Retarget created 801 cells and removed 1075 cells
INFO: [Opt 31-1021] In phase Retarget, 9407 netlist objects are constrained preventing optimization. Please run opt_design with -debug_log to get more detail. 

Phase 4 Constant propagation
INFO: [Opt 31-138] Pushed 1 inverter(s) to 2 load pin(s).
Phase 4 Constant propagation | Checksum: 27496c071

Time (s): cpu = 00:00:56 ; elapsed = 00:00:31 . Memory (MB): peak = 8047.809 ; gain = 255.938 ; free physical = 157855 ; free virtual = 461250
Constant propagation | Checksum: 27496c071
INFO: [Opt 31-389] Phase Constant propagation created 110 cells and removed 13569 cells
INFO: [Opt 31-1021] In phase Constant propagation, 2197 netlist objects are constrained preventing optimization. Please run opt_design with -debug_log to get more detail. 

Phase 5 Sweep
INFO: [Constraints 18-11670] Building netlist checker database with flags, 0x8
Done building netlist checker database: Time (s): cpu = 00:00:00.11 ; elapsed = 00:00:00.11 . Memory (MB): peak = 8047.809 ; gain = 0.000 ; free physical = 157854 ; free virtual = 461250
INFO: [Constraints 18-11670] Building netlist checker database with flags, 0x8
Done building netlist checker database: Time (s): cpu = 00:00:00.09 ; elapsed = 00:00:00.08 . Memory (MB): peak = 8047.809 ; gain = 0.000 ; free physical = 157851 ; free virtual = 461247
Phase 5 Sweep | Checksum: 2ee8f1ddf

Time (s): cpu = 00:01:15 ; elapsed = 00:00:47 . Memory (MB): peak = 8047.809 ; gain = 255.938 ; free physical = 157853 ; free virtual = 461249
Sweep | Checksum: 2ee8f1ddf
INFO: [Opt 31-389] Phase Sweep created 0 cells and removed 7115 cells
INFO: [Opt 31-1021] In phase Sweep, 1464705 netlist objects are constrained preventing optimization. Please run opt_design with -debug_log to get more detail. 

Phase 6 BUFG optimization
INFO: [Opt 31-1077] Phase BUFG optimization inserted 0 global clock buffer(s) for CLOCK_LOW_FANOUT.
Phase 6 BUFG optimization | Checksum: 2ee8f1ddf

Time (s): cpu = 00:01:23 ; elapsed = 00:00:50 . Memory (MB): peak = 8047.809 ; gain = 255.938 ; free physical = 157853 ; free virtual = 461249
BUFG optimization | Checksum: 2ee8f1ddf
INFO: [Opt 31-662] Phase BUFG optimization created 0 cells of which 0 are BUFGs and removed 0 cells.
INFO: [Opt 31-1021] In phase BUFG optimization, 12 netlist objects are constrained preventing optimization. Please run opt_design with -debug_log to get more detail. 

Phase 7 Shift Register Optimization
INFO: [Opt 31-1064] SRL Remap converted 0 SRLs to 0 registers and converted 0 registers of register chains to 0 SRLs
Phase 7 Shift Register Optimization | Checksum: 2ee8f1ddf

Time (s): cpu = 00:01:27 ; elapsed = 00:00:51 . Memory (MB): peak = 8047.809 ; gain = 255.938 ; free physical = 157853 ; free virtual = 461249
Shift Register Optimization | Checksum: 2ee8f1ddf
INFO: [Opt 31-389] Phase Shift Register Optimization created 0 cells and removed 0 cells

Phase 8 Post Processing Netlist
Phase 8 Post Processing Netlist | Checksum: 28f221450

Time (s): cpu = 00:01:33 ; elapsed = 00:00:54 . Memory (MB): peak = 8047.809 ; gain = 255.938 ; free physical = 157853 ; free virtual = 461249
Post Processing Netlist | Checksum: 28f221450
INFO: [Opt 31-389] Phase Post Processing Netlist created 0 cells and removed 0 cells
INFO: [Opt 31-1021] In phase Post Processing Netlist, 1309 netlist objects are constrained preventing optimization. Please run opt_design with -debug_log to get more detail. 

Phase 9 Finalization

Phase 9.1 Finalizing Design Cores and Updating Shapes
Phase 9.1 Finalizing Design Cores and Updating Shapes | Checksum: 319675abc

Time (s): cpu = 00:01:39 ; elapsed = 00:00:57 . Memory (MB): peak = 8047.809 ; gain = 255.938 ; free physical = 157853 ; free virtual = 461249

Phase 9.2 Verifying Netlist Connectivity

Starting Connectivity Check Task

Time (s): cpu = 00:00:00.37 ; elapsed = 00:00:00.39 . Memory (MB): peak = 8047.809 ; gain = 0.000 ; free physical = 157853 ; free virtual = 461249
Phase 9.2 Verifying Netlist Connectivity | Checksum: 319675abc

Time (s): cpu = 00:01:42 ; elapsed = 00:00:58 . Memory (MB): peak = 8047.809 ; gain = 255.938 ; free physical = 157854 ; free virtual = 461250
Phase 9 Finalization | Checksum: 319675abc

Time (s): cpu = 00:01:43 ; elapsed = 00:00:59 . Memory (MB): peak = 8047.809 ; gain = 255.938 ; free physical = 157854 ; free virtual = 461250
Opt_design Change Summary
=========================


-------------------------------------------------------------------------------------------------------------------------
|  Phase                        |  #Cells created  |  #Cells Removed  |  #Constrained objects preventing optimizations  |
-------------------------------------------------------------------------------------------------------------------------
|  Retarget                     |             801  |            1075  |                                           9407  |
|  Constant propagation         |             110  |           13569  |                                           2197  |
|  Sweep                        |               0  |            7115  |                                        1464705  |
|  BUFG optimization            |               0  |               0  |                                             12  |
|  Shift Register Optimization  |               0  |               0  |                                              0  |
|  Post Processing Netlist      |               0  |               0  |                                           1309  |
-------------------------------------------------------------------------------------------------------------------------


Ending Logic Optimization Task | Checksum: 319675abc

Time (s): cpu = 00:01:45 ; elapsed = 00:00:59 . Memory (MB): peak = 8047.809 ; gain = 255.938 ; free physical = 157854 ; free virtual = 461250

Starting Power Optimization Task
INFO: [Pwropt 34-132] Skipping clock gating for clocks with a period < 2.00 ns.
INFO: [Pwropt 34-232] Skipping BRAM gating because all BRAMs are in high frequency (i.e. period < 3.12 ns) clock domains.
INFO: [Pwropt 34-162] WRITE_MODE attribute of 0 BRAM(s) out of a total of 186 has been updated to save power. Run report_power_opt to get a complete listing of the BRAMs updated.
Ending Power Optimization Task | Checksum: 319675abc

Time (s): cpu = 00:00:06 ; elapsed = 00:00:05 . Memory (MB): peak = 8303.809 ; gain = 256.000 ; free physical = 157625 ; free virtual = 461021

Starting Final Cleanup Task
Ending Final Cleanup Task | Checksum: 319675abc

Time (s): cpu = 00:00:02 ; elapsed = 00:00:00.37 . Memory (MB): peak = 8303.809 ; gain = 0.000 ; free physical = 157625 ; free virtual = 461021

Starting Netlist Obfuscation Task
Netlist sorting complete. Time (s): cpu = 00:00:00.09 ; elapsed = 00:00:00.09 . Memory (MB): peak = 8303.809 ; gain = 0.000 ; free physical = 157625 ; free virtual = 461021
Ending Netlist Obfuscation Task | Checksum: 319675abc

Time (s): cpu = 00:00:02 ; elapsed = 00:00:00.47 . Memory (MB): peak = 8303.809 ; gain = 0.000 ; free physical = 157625 ; free virtual = 461021
INFO: [Common 17-83] Releasing license: Implementation
303 Infos, 312 Warnings, 0 Critical Warnings and 0 Errors encountered.
opt_design completed successfully
opt_design: Time (s): cpu = 00:02:26 ; elapsed = 00:01:14 . Memory (MB): peak = 8303.809 ; gain = 666.801 ; free physical = 157625 ; free virtual = 461021
source /home/cs2401.03/mini1-gemm/build/hw/_x/link/vivado/vpl/scripts/impl_1/_full_opt_post.tcl
WARNING: [Power 33-711] The follwoing XDC constraint overrides the xilinx.com:au50:1.1 design_power_budget default value of 60.0 : set_operating_conditions -design_power_budget 63 
source /home/cs2401.03/mini1-gemm/build/hw/_x/link/vivado/vpl/scripts/impl_1/_full_place_pre.tcl
CRITICAL WARNING: [Vivado 12-4430] You are lowering the severity from an ERROR. This can potentially lead to board damage or other functionality issues on hardware. If this is not desired, please run 'reset_property SEVERITY [get_drc_checks HDPR-5]' to undo this change.
INFO: [Chipscope 16-240] Debug cores have already been implemented
Command: place_design
Attempting to get a license for feature 'Implementation' and/or device 'xcu50'
INFO: [Common 17-349] Got license for feature 'Implementation' and/or device 'xcu50'
INFO: [Common 17-83] Releasing license: Implementation
INFO: [DRC 23-27] Running DRC with 8 threads
INFO: [Vivado_Tcl 4-198] DRC finished with 0 Errors
INFO: [Vivado_Tcl 4-199] Please refer to the DRC report (report_drc) for more information.
Running DRC as a precondition to command place_design
INFO: [DRC 23-27] Running DRC with 8 threads
INFO: [Vivado_Tcl 4-198] DRC finished with 0 Errors
INFO: [Vivado_Tcl 4-199] Please refer to the DRC report (report_drc) for more information.
INFO: [Place 30-611] Multithreading enabled for place_design using a maximum of 8 CPUs

Starting Placer Task

Phase 1 Placer Initialization

Phase 1.1 Placer Initialization Netlist Sorting
Netlist sorting complete. Time (s): cpu = 00:00:00.09 ; elapsed = 00:00:00.09 . Memory (MB): peak = 8303.809 ; gain = 0.000 ; free physical = 157619 ; free virtual = 461015
Phase 1.1 Placer Initialization Netlist Sorting | Checksum: 27315d8b4

Time (s): cpu = 00:00:03 ; elapsed = 00:00:01 . Memory (MB): peak = 8303.809 ; gain = 0.000 ; free physical = 157618 ; free virtual = 461015
Netlist sorting complete. Time (s): cpu = 00:00:00.08 ; elapsed = 00:00:00.09 . Memory (MB): peak = 8303.809 ; gain = 0.000 ; free physical = 157618 ; free virtual = 461014

Phase 1.2 IO Placement/ Clock Placement/ Build Placer Device
INFO: [Timing 38-35] Done setting XDC timing constraints.
Phase 1.2 IO Placement/ Clock Placement/ Build Placer Device | Checksum: 1a684918e

Time (s): cpu = 00:03:40 ; elapsed = 00:02:48 . Memory (MB): peak = 8878.949 ; gain = 575.141 ; free physical = 156924 ; free virtual = 460323

Phase 1.3 Build Placer Netlist Model
INFO: [Place 30-1040]   HIGH_PRIORITY Clock: GTYE4_CHANNEL_TXOUTCLK[3]_7
INFO: [Place 30-1040]   HIGH_PRIORITY Clock: dma_ip_axi_aclk_1
INFO: [Place 30-1040]   HIGH_PRIORITY Clock: io_clk_freerun_00
INFO: [Place 30-1040]   HIGH_PRIORITY Clock: clk_out1_bd_39ab_clkwiz_level0_periph_0_1
INFO: [Place 30-1040]   HIGH_PRIORITY Clock: clk_out2_bd_39ab_clkwiz_level0_periph_0_1
INFO: [Place 30-1040]   HIGH_PRIORITY Clock: clk_out2_bd_39ab_clkwiz_level0_periph_0_1
Phase 1.3 Build Placer Netlist Model | Checksum: 202830078

Time (s): cpu = 00:06:29 ; elapsed = 00:03:48 . Memory (MB): peak = 9804.344 ; gain = 1500.535 ; free physical = 156031 ; free virtual = 459434

Phase 1.4 Constrain Clocks/Macros
Phase 1.4 Constrain Clocks/Macros | Checksum: 202830078

Time (s): cpu = 00:06:32 ; elapsed = 00:03:49 . Memory (MB): peak = 9804.344 ; gain = 1500.535 ; free physical = 156030 ; free virtual = 459433
Phase 1 Placer Initialization | Checksum: 202830078

Time (s): cpu = 00:06:40 ; elapsed = 00:03:55 . Memory (MB): peak = 9804.344 ; gain = 1500.535 ; free physical = 156031 ; free virtual = 459435

Phase 2 Global Placement

Phase 2.1 Floorplanning
INFO: [Place 30-2086] Applied CLOCK_LOW_FANOUT constraint to clock net level0_i/ulp/ulp_ucs/inst/aclk_kernel_00_hierarchy/clock_throttling_aclk_kernel_00/U0/Clk_Int_Cont and placed all loads in clock region(s) X4Y3
INFO: [Place 30-2086] Applied CLOCK_LOW_FANOUT constraint to clock net level0_i/ulp/ulp_ucs/inst/aclk_kernel_01_hierarchy/clock_throttling_aclk_kernel_01/U0/Clk_Int_Cont and placed all loads in clock region(s) X4Y2

Phase 2.1.1 Partition Driven Placement

Phase 2.1.1.1 PBP: Partition Driven Placement
Phase 2.1.1.1 PBP: Partition Driven Placement | Checksum: 2809bb0d0

Time (s): cpu = 00:08:15 ; elapsed = 00:04:23 . Memory (MB): peak = 9804.344 ; gain = 1500.535 ; free physical = 156014 ; free virtual = 459422

Phase 2.1.1.2 PBP: Clock Region Placement
Phase 2.1.1.2 PBP: Clock Region Placement | Checksum: 284ec24b9

Time (s): cpu = 00:08:32 ; elapsed = 00:04:39 . Memory (MB): peak = 10188.359 ; gain = 1884.551 ; free physical = 155734 ; free virtual = 459142

Phase 2.1.1.3 PBP: Compute Congestion
Phase 2.1.1.3 PBP: Compute Congestion | Checksum: 284ec24b9

Time (s): cpu = 00:09:09 ; elapsed = 00:04:49 . Memory (MB): peak = 10262.359 ; gain = 1958.551 ; free physical = 155650 ; free virtual = 459058

Phase 2.1.1.4 PBP: UpdateTiming
Phase 2.1.1.4 PBP: UpdateTiming | Checksum: 1ef7c19a1

Time (s): cpu = 00:10:21 ; elapsed = 00:05:03 . Memory (MB): peak = 10262.359 ; gain = 1958.551 ; free physical = 155642 ; free virtual = 459052

Phase 2.1.1.5 PBP: Add part constraints
Phase 2.1.1.5 PBP: Add part constraints | Checksum: 1ef7c19a1

Time (s): cpu = 00:10:24 ; elapsed = 00:05:04 . Memory (MB): peak = 10262.359 ; gain = 1958.551 ; free physical = 155642 ; free virtual = 459052
Phase 2.1.1 Partition Driven Placement | Checksum: 1ef7c19a1

Time (s): cpu = 00:10:26 ; elapsed = 00:05:05 . Memory (MB): peak = 10262.359 ; gain = 1958.551 ; free physical = 155640 ; free virtual = 459050
Phase 2.1 Floorplanning | Checksum: 1ef7c19a1

Time (s): cpu = 00:10:28 ; elapsed = 00:05:05 . Memory (MB): peak = 10262.359 ; gain = 1958.551 ; free physical = 155640 ; free virtual = 459050

Phase 2.2 Physical Synthesis After Floorplan
INFO: [Physopt 32-46] Identified 2 candidate nets for critical-cell optimization.
INFO: [Physopt 32-775] End 1 Pass. Optimized 0 net or cell. Created 0 new cell, deleted 0 existing cell and moved 0 existing cell
Netlist sorting complete. Time (s): cpu = 00:00:00.09 ; elapsed = 00:00:00.1 . Memory (MB): peak = 10262.359 ; gain = 0.000 ; free physical = 155639 ; free virtual = 459050

Summary of Physical Synthesis Optimizations
============================================


-----------------------------------------------------------------------------------------------------------------------------------------------
|  Optimization                         |  Added Cells  |  Removed Cells  |  Optimized Cells/Nets  |  Dont Touch  |  Iterations  |  Elapsed   |
-----------------------------------------------------------------------------------------------------------------------------------------------
|  PSIP Post Floorplan SLR Replication  |            0  |              0  |                     0  |           0  |           1  |  00:00:01  |
|  Total                                |            0  |              0  |                     0  |           0  |           1  |  00:00:01  |
-----------------------------------------------------------------------------------------------------------------------------------------------


Phase 2.2 Physical Synthesis After Floorplan | Checksum: 1ef7c19a1

Time (s): cpu = 00:10:31 ; elapsed = 00:05:07 . Memory (MB): peak = 10262.359 ; gain = 1958.551 ; free physical = 155639 ; free virtual = 459050

Phase 2.3 Update Timing before SLR Path Opt
Phase 2.3 Update Timing before SLR Path Opt | Checksum: 21591f5e7

Time (s): cpu = 00:10:38 ; elapsed = 00:05:09 . Memory (MB): peak = 10262.359 ; gain = 1958.551 ; free physical = 155639 ; free virtual = 459050

Phase 2.4 Post-Processing in Floorplanning
Phase 2.4 Post-Processing in Floorplanning | Checksum: 2a709561e

Time (s): cpu = 00:10:41 ; elapsed = 00:05:11 . Memory (MB): peak = 10262.359 ; gain = 1958.551 ; free physical = 155640 ; free virtual = 459051

Phase 2.5 Global Place Phase1
Phase 2.5 Global Place Phase1 | Checksum: 221a7b285

Time (s): cpu = 00:22:05 ; elapsed = 00:08:56 . Memory (MB): peak = 10899.430 ; gain = 2595.621 ; free physical = 154949 ; free virtual = 458394

Phase 2.6 Global Place Phase2

Phase 2.6.1 UpdateTiming Before Physical Synthesis
Phase 2.6.1 UpdateTiming Before Physical Synthesis | Checksum: 22a3c03a4

Time (s): cpu = 00:23:17 ; elapsed = 00:09:10 . Memory (MB): peak = 10899.430 ; gain = 2595.621 ; free physical = 154945 ; free virtual = 458390

Phase 2.6.2 Physical Synthesis In Placer
INFO: [Physopt 32-1035] Found 9 LUTNM shape to break, 803 LUT instances to create LUTNM shape
INFO: [Physopt 32-1044] Break lutnm for timing: one critical 8, two critical 1, total 9, new lutff created 0
INFO: [Physopt 32-1138] End 1 Pass. Optimized 342 nets or LUTs. Breaked 9 LUTs, combined 333 existing LUTs and moved 0 existing LUT
INFO: [Physopt 32-1030] Pass 1. Identified 10 candidate driver sets for equivalent driver rewiring.
INFO: [Physopt 32-661] Optimized 10 nets.  Re-placed 21 instances.
INFO: [Physopt 32-775] End 1 Pass. Optimized 10 nets or cells. Created 0 new cell, deleted 0 existing cell and moved 21 existing cells
Netlist sorting complete. Time (s): cpu = 00:00:00.13 ; elapsed = 00:00:00.14 . Memory (MB): peak = 10899.430 ; gain = 0.000 ; free physical = 154943 ; free virtual = 458391
INFO: [Physopt 32-1408] Pass 1. Identified 2 candidate nets for high-fanout optimization.
INFO: [Physopt 32-81] Processed net level0_i/ulp/gemm_1/inst/ap_rst_n_inv. Replicated 13 times.
INFO: [Physopt 32-81] Processed net level0_i/ulp/axi_regslice/inst/r.r_pipe/S_READY. Replicated 7 times.
INFO: [Physopt 32-232] Optimized 2 nets. Created 20 new instances.
INFO: [Physopt 32-775] End 1 Pass. Optimized 2 nets or cells. Created 20 new cells, deleted 0 existing cell and moved 0 existing cell
Netlist sorting complete. Time (s): cpu = 00:00:00.26 ; elapsed = 00:00:00.26 . Memory (MB): peak = 10899.430 ; gain = 0.000 ; free physical = 154945 ; free virtual = 458392
INFO: [Physopt 32-896] DSP level0_i/blp/blp_i/ss_cmc/inst/microblaze_cmc/U0/MicroBlaze_Core_I/Performance.Core/Data_Flow_I/MUL_Unit_I/Use_HW_MUL.Using_DSP48_Architectures.Doing_mul64.Virtex_MUL64.dsp_module_I2/Using_DSP48E1.DSP48E1_I1/Using_FPGA.DSP48E1_I1 is not considered for optimization due to don't touch constraint
INFO: [Physopt 32-896] DSP level0_i/blp/blp_i/ss_cmc/inst/microblaze_cmc/U0/MicroBlaze_Core_I/Performance.Core/Data_Flow_I/MUL_Unit_I/Use_HW_MUL.Using_DSP48_Architectures.Doing_mul64.Virtex_MUL64.dsp_module_I3/Using_DSP48E1.DSP48E1_I1/Using_FPGA.DSP48E1_I1 is not considered for optimization due to don't touch constraint
INFO: [Physopt 32-896] DSP level0_i/blp/blp_i/ss_cmc/inst/microblaze_cmc/U0/MicroBlaze_Core_I/Performance.Core/Data_Flow_I/MUL_Unit_I/Use_HW_MUL.Using_DSP48_Architectures.Doing_mul64.Virtex_MUL64.dsp_module_I4/Using_DSP48E1.DSP48E1_I1/Using_FPGA.DSP48E1_I1 is not considered for optimization due to don't touch constraint
INFO: [Physopt 32-896] DSP level0_i/blp/blp_i/ss_cmc/inst/microblaze_cmc/U0/MicroBlaze_Core_I/Performance.Core/Data_Flow_I/MUL_Unit_I/Use_HW_MUL.Using_DSP48_Architectures.dsp_module_I1/Using_DSP48E1.DSP48E1_I1/Using_FPGA.DSP48E1_I1 is not considered for optimization due to don't touch constraint
INFO: [Physopt 32-456] No candidate cells for DSP register optimization found in the design.
INFO: [Physopt 32-775] End 2 Pass. Optimized 0 net or cell. Created 0 new cell, deleted 0 existing cell and moved 0 existing cell
INFO: [Physopt 32-1123] No candidate cells found for Shift Register to Pipeline optimization
INFO: [Physopt 32-775] End 2 Pass. Optimized 0 net or cell. Created 0 new cell, deleted 0 existing cell and moved 0 existing cell
INFO: [Physopt 32-1402] Pass 1: Identified 5 candidate cells for Shift Register optimization.
INFO: [Physopt 32-775] End 1 Pass. Optimized 3 nets or cells. Created 21 new cells, deleted 0 existing cell and moved 0 existing cell
Netlist sorting complete. Time (s): cpu = 00:00:00.14 ; elapsed = 00:00:00.13 . Memory (MB): peak = 10899.430 ; gain = 0.000 ; free physical = 154945 ; free virtual = 458392
INFO: [Physopt 32-526] No candidate cells for BRAM register optimization found in the design
INFO: [Physopt 32-775] End 1 Pass. Optimized 0 net or cell. Created 0 new cell, deleted 0 existing cell and moved 0 existing cell
INFO: [Physopt 32-862] URAM cell level0_i/blp/blp_i/PLP/ss_ert/inst/ert_peripherals/cq_ram/U0/inst_blk_mem_gen/gnuram_with_32bit_addr.uram_tdp.xpm_memory_tdpram_inst/xpm_memory_base_inst/gen_wr_a.gen_byte_narrow.for_mem_cols[1].mem_reg_uram_0 has DONT_TOUCH property as true. Do not optimize.
INFO: [Physopt 32-862] URAM cell level0_i/blp/blp_i/PLP/ss_ert/inst/ert_peripherals/cq_ram/U0/inst_blk_mem_gen/gnuram_with_32bit_addr.uram_tdp.xpm_memory_tdpram_inst/xpm_memory_base_inst/gen_wr_a.gen_byte_narrow.for_mem_cols[1].mem_reg_uram_1 has DONT_TOUCH property as true. Do not optimize.
INFO: [Physopt 32-862] URAM cell level0_i/blp/blp_i/PLP/ss_ert/inst/ert_peripherals/cq_ram/U0/inst_blk_mem_gen/gnuram_with_32bit_addr.uram_tdp.xpm_memory_tdpram_inst/xpm_memory_base_inst/gen_wr_a.gen_byte_narrow.for_mem_cols[1].mem_reg_uram_2 has DONT_TOUCH property as true. Do not optimize.
INFO: [Physopt 32-862] URAM cell level0_i/blp/blp_i/PLP/ss_ert/inst/ert_peripherals/cq_ram/U0/inst_blk_mem_gen/gnuram_with_32bit_addr.uram_tdp.xpm_memory_tdpram_inst/xpm_memory_base_inst/gen_wr_a.gen_byte_narrow.for_mem_cols[1].mem_reg_uram_3 has DONT_TOUCH property as true. Do not optimize.
INFO: [Physopt 32-862] URAM cell level0_i/blp/blp_i/PLP/ss_ert/inst/ert_peripherals/cq_ram/U0/inst_blk_mem_gen/gnuram_with_32bit_addr.uram_tdp.xpm_memory_tdpram_inst/xpm_memory_base_inst/gen_wr_a.gen_byte_narrow.for_mem_cols[1].mem_reg_uram_0 has DONT_TOUCH property as true. Do not optimize.
INFO: [Physopt 32-862] URAM cell level0_i/blp/blp_i/PLP/ss_ert/inst/ert_peripherals/cq_ram/U0/inst_blk_mem_gen/gnuram_with_32bit_addr.uram_tdp.xpm_memory_tdpram_inst/xpm_memory_base_inst/gen_wr_a.gen_byte_narrow.for_mem_cols[1].mem_reg_uram_1 has DONT_TOUCH property as true. Do not optimize.
INFO: [Physopt 32-862] URAM cell level0_i/blp/blp_i/PLP/ss_ert/inst/ert_peripherals/cq_ram/U0/inst_blk_mem_gen/gnuram_with_32bit_addr.uram_tdp.xpm_memory_tdpram_inst/xpm_memory_base_inst/gen_wr_a.gen_byte_narrow.for_mem_cols[1].mem_reg_uram_2 has DONT_TOUCH property as true. Do not optimize.
INFO: [Physopt 32-862] URAM cell level0_i/blp/blp_i/PLP/ss_ert/inst/ert_peripherals/cq_ram/U0/inst_blk_mem_gen/gnuram_with_32bit_addr.uram_tdp.xpm_memory_tdpram_inst/xpm_memory_base_inst/gen_wr_a.gen_byte_narrow.for_mem_cols[1].mem_reg_uram_3 has DONT_TOUCH property as true. Do not optimize.
INFO: [Physopt 32-846] No candidate cells for URAM register optimization found in the design
INFO: [Physopt 32-775] End 1 Pass. Optimized 0 net or cell. Created 0 new cell, deleted 0 existing cell and moved 0 existing cell
INFO: [Physopt 32-862] URAM cell level0_i/blp/blp_i/PLP/ss_ert/inst/ert_peripherals/cq_ram/U0/inst_blk_mem_gen/gnuram_with_32bit_addr.uram_tdp.xpm_memory_tdpram_inst/xpm_memory_base_inst/gen_wr_a.gen_byte_narrow.for_mem_cols[1].mem_reg_uram_0 has DONT_TOUCH property as true. Do not optimize.
INFO: [Physopt 32-862] URAM cell level0_i/blp/blp_i/PLP/ss_ert/inst/ert_peripherals/cq_ram/U0/inst_blk_mem_gen/gnuram_with_32bit_addr.uram_tdp.xpm_memory_tdpram_inst/xpm_memory_base_inst/gen_wr_a.gen_byte_narrow.for_mem_cols[1].mem_reg_uram_1 has DONT_TOUCH property as true. Do not optimize.
INFO: [Physopt 32-862] URAM cell level0_i/blp/blp_i/PLP/ss_ert/inst/ert_peripherals/cq_ram/U0/inst_blk_mem_gen/gnuram_with_32bit_addr.uram_tdp.xpm_memory_tdpram_inst/xpm_memory_base_inst/gen_wr_a.gen_byte_narrow.for_mem_cols[1].mem_reg_uram_2 has DONT_TOUCH property as true. Do not optimize.
INFO: [Physopt 32-862] URAM cell level0_i/blp/blp_i/PLP/ss_ert/inst/ert_peripherals/cq_ram/U0/inst_blk_mem_gen/gnuram_with_32bit_addr.uram_tdp.xpm_memory_tdpram_inst/xpm_memory_base_inst/gen_wr_a.gen_byte_narrow.for_mem_cols[1].mem_reg_uram_3 has DONT_TOUCH property as true. Do not optimize.
INFO: [Physopt 32-862] URAM cell level0_i/blp/blp_i/PLP/ss_ert/inst/ert_peripherals/cq_ram/U0/inst_blk_mem_gen/gnuram_with_32bit_addr.uram_tdp.xpm_memory_tdpram_inst/xpm_memory_base_inst/gen_wr_a.gen_byte_narrow.for_mem_cols[1].mem_reg_uram_0 has DONT_TOUCH property as true. Do not optimize.
INFO: [Physopt 32-862] URAM cell level0_i/blp/blp_i/PLP/ss_ert/inst/ert_peripherals/cq_ram/U0/inst_blk_mem_gen/gnuram_with_32bit_addr.uram_tdp.xpm_memory_tdpram_inst/xpm_memory_base_inst/gen_wr_a.gen_byte_narrow.for_mem_cols[1].mem_reg_uram_1 has DONT_TOUCH property as true. Do not optimize.
INFO: [Physopt 32-862] URAM cell level0_i/blp/blp_i/PLP/ss_ert/inst/ert_peripherals/cq_ram/U0/inst_blk_mem_gen/gnuram_with_32bit_addr.uram_tdp.xpm_memory_tdpram_inst/xpm_memory_base_inst/gen_wr_a.gen_byte_narrow.for_mem_cols[1].mem_reg_uram_2 has DONT_TOUCH property as true. Do not optimize.
INFO: [Physopt 32-862] URAM cell level0_i/blp/blp_i/PLP/ss_ert/inst/ert_peripherals/cq_ram/U0/inst_blk_mem_gen/gnuram_with_32bit_addr.uram_tdp.xpm_memory_tdpram_inst/xpm_memory_base_inst/gen_wr_a.gen_byte_narrow.for_mem_cols[1].mem_reg_uram_3 has DONT_TOUCH property as true. Do not optimize.
INFO: [Physopt 32-846] No candidate cells for URAM register optimization found in the design
INFO: [Physopt 32-775] End 1 Pass. Optimized 0 net or cell. Created 0 new cell, deleted 0 existing cell and moved 0 existing cell
INFO: [Physopt 32-949] No candidate nets found for dynamic/static region interface net replication
INFO: [Physopt 32-775] End 1 Pass. Optimized 0 net or cell. Created 0 new cell, deleted 0 existing cell and moved 0 existing cell
Netlist sorting complete. Time (s): cpu = 00:00:00.09 ; elapsed = 00:00:00.09 . Memory (MB): peak = 10899.430 ; gain = 0.000 ; free physical = 154945 ; free virtual = 458392

Summary of Physical Synthesis Optimizations
============================================


-----------------------------------------------------------------------------------------------------------------------------------------------------------
|  Optimization                                     |  Added Cells  |  Removed Cells  |  Optimized Cells/Nets  |  Dont Touch  |  Iterations  |  Elapsed   |
-----------------------------------------------------------------------------------------------------------------------------------------------------------
|  LUT Combining                                    |            9  |            333  |                   342  |           0  |           1  |  00:00:01  |
|  Retime                                           |            0  |              0  |                     0  |           0  |           1  |  00:00:00  |
|  Equivalent Driver Rewiring                       |            0  |              0  |                    10  |           1  |           1  |  00:00:03  |
|  Very High Fanout                                 |           20  |              0  |                     2  |           0  |           1  |  00:00:03  |
|  DSP Register                                     |            0  |              0  |                     0  |           4  |           1  |  00:00:00  |
|  Shift Register to Pipeline                       |            0  |              0  |                     0  |           0  |           1  |  00:00:00  |
|  Shift Register                                   |           21  |              0  |                     3  |           0  |           1  |  00:00:00  |
|  BRAM Register                                    |            0  |              0  |                     0  |         182  |           1  |  00:00:00  |
|  URAM Register                                    |            0  |              0  |                     0  |          16  |           1  |  00:00:00  |
|  Dynamic/Static Region Interface Net Replication  |            0  |              0  |                     0  |           0  |           1  |  00:00:00  |
|  Total                                            |           50  |            333  |                   357  |         203  |          10  |  00:00:08  |
-----------------------------------------------------------------------------------------------------------------------------------------------------------


Phase 2.6.2 Physical Synthesis In Placer | Checksum: 235e01b10

Time (s): cpu = 00:24:43 ; elapsed = 00:09:39 . Memory (MB): peak = 10899.430 ; gain = 2595.621 ; free physical = 154937 ; free virtual = 458386
Phase 2.6 Global Place Phase2 | Checksum: 15d53d426

Time (s): cpu = 00:26:21 ; elapsed = 00:10:12 . Memory (MB): peak = 10899.430 ; gain = 2595.621 ; free physical = 154934 ; free virtual = 458384
Phase 2 Global Placement | Checksum: 15d53d426

Time (s): cpu = 00:26:23 ; elapsed = 00:10:12 . Memory (MB): peak = 10899.430 ; gain = 2595.621 ; free physical = 154934 ; free virtual = 458384

Phase 3 Detail Placement

Phase 3.1 Commit Multi Column Macros
Phase 3.1 Commit Multi Column Macros | Checksum: 13bb4491a

Time (s): cpu = 00:27:39 ; elapsed = 00:10:33 . Memory (MB): peak = 10899.430 ; gain = 2595.621 ; free physical = 154927 ; free virtual = 458377

Phase 3.2 Commit Most Macros & LUTRAMs
Phase 3.2 Commit Most Macros & LUTRAMs | Checksum: 1220d51b5

Time (s): cpu = 00:27:59 ; elapsed = 00:10:42 . Memory (MB): peak = 10899.430 ; gain = 2595.621 ; free physical = 154929 ; free virtual = 458379

Phase 3.3 Small Shape DP

Phase 3.3.1 Small Shape Clustering
Phase 3.3.1 Small Shape Clustering | Checksum: 27371f9c4

Time (s): cpu = 00:31:09 ; elapsed = 00:11:29 . Memory (MB): peak = 10899.430 ; gain = 2595.621 ; free physical = 154845 ; free virtual = 458298

Phase 3.3.2 Slice Area Swap

Phase 3.3.2.1 Slice Area Swap Initial
Phase 3.3.2.1 Slice Area Swap Initial | Checksum: 201648e3c

Time (s): cpu = 00:31:19 ; elapsed = 00:11:35 . Memory (MB): peak = 10899.430 ; gain = 2595.621 ; free physical = 154846 ; free virtual = 458299
Phase 3.3.2 Slice Area Swap | Checksum: 1a81017b9

Time (s): cpu = 00:31:25 ; elapsed = 00:11:40 . Memory (MB): peak = 10899.430 ; gain = 2595.621 ; free physical = 154845 ; free virtual = 458298
Phase 3.3 Small Shape DP | Checksum: 18cd0bca6

Time (s): cpu = 00:31:36 ; elapsed = 00:11:44 . Memory (MB): peak = 10899.430 ; gain = 2595.621 ; free physical = 154845 ; free virtual = 458298

Phase 3.4 Place Remaining
Phase 3.4 Place Remaining | Checksum: 18cd0bca6

Time (s): cpu = 00:31:39 ; elapsed = 00:11:45 . Memory (MB): peak = 10899.430 ; gain = 2595.621 ; free physical = 154845 ; free virtual = 458298

Phase 3.5 Re-assign LUT pins
Phase 3.5 Re-assign LUT pins | Checksum: 122b34b0b

Time (s): cpu = 00:32:20 ; elapsed = 00:11:57 . Memory (MB): peak = 10899.430 ; gain = 2595.621 ; free physical = 154872 ; free virtual = 458327

Phase 3.6 Pipeline Register Optimization
Phase 3.6 Pipeline Register Optimization | Checksum: 122b34b0b

Time (s): cpu = 00:32:24 ; elapsed = 00:11:59 . Memory (MB): peak = 10899.430 ; gain = 2595.621 ; free physical = 154873 ; free virtual = 458328

Phase 3.7 Fast Optimization
Phase 3.7 Fast Optimization | Checksum: 13c4cb900

Time (s): cpu = 00:34:55 ; elapsed = 00:12:26 . Memory (MB): peak = 10899.430 ; gain = 2595.621 ; free physical = 154881 ; free virtual = 458336
Phase 3 Detail Placement | Checksum: 13c4cb900

Time (s): cpu = 00:34:57 ; elapsed = 00:12:26 . Memory (MB): peak = 10899.430 ; gain = 2595.621 ; free physical = 154882 ; free virtual = 458337

Phase 4 Post Placement Optimization and Clean-Up

Phase 4.1 Post Commit Optimization
INFO: [Timing 38-35] Done setting XDC timing constraints.

Phase 4.1.1 Post Placement Optimization

Phase 4.1.1.1 BUFG Replication
INFO: [Place 46-63] BUFG replication identified 0 candidate nets: Replicated nets: 0, Replicated BUFGs: 0, Replicated BUFG Driver: 0, moved BUFGs: 0, Skipped due to Placement / Routing Conflict: 0, Skipped due to Timing: 0, Skipped due to constraints: 0
Phase 4.1.1.1 BUFG Replication | Checksum: 2032ce1b6

Time (s): cpu = 00:38:09 ; elapsed = 00:13:23 . Memory (MB): peak = 10899.430 ; gain = 2595.621 ; free physical = 154817 ; free virtual = 458273

Phase 4.1.1.2 Post Placement Timing Optimization
INFO: [Place 30-746] Post Placement Timing Summary WNS=0.035. For the most accurate timing information please run report_timing.
Phase 4.1.1.2 Post Placement Timing Optimization | Checksum: 25b67ebe9

Time (s): cpu = 00:38:50 ; elapsed = 00:14:02 . Memory (MB): peak = 10899.430 ; gain = 2595.621 ; free physical = 154744 ; free virtual = 458200

Phase 4.1.1.3 Replication
INFO: [Place 46-19] Post Replication Timing Summary WNS=0.035. For the most accurate timing information please run report_timing.
Phase 4.1.1.3 Replication | Checksum: 25b67ebe9

Time (s): cpu = 00:38:54 ; elapsed = 00:14:04 . Memory (MB): peak = 10899.430 ; gain = 2595.621 ; free physical = 154743 ; free virtual = 458200

Time (s): cpu = 00:38:54 ; elapsed = 00:14:04 . Memory (MB): peak = 10899.430 ; gain = 2595.621 ; free physical = 154743 ; free virtual = 458200
Phase 4.1 Post Commit Optimization | Checksum: 25b67ebe9

Time (s): cpu = 00:38:56 ; elapsed = 00:14:05 . Memory (MB): peak = 10899.430 ; gain = 2595.621 ; free physical = 154744 ; free virtual = 458200
Netlist sorting complete. Time (s): cpu = 00:00:00.09 ; elapsed = 00:00:00.09 . Memory (MB): peak = 10907.430 ; gain = 0.000 ; free physical = 154737 ; free virtual = 458194

Phase 4.2 Post Placement Cleanup
Phase 4.2 Post Placement Cleanup | Checksum: 1fbf11c10

Time (s): cpu = 00:40:11 ; elapsed = 00:14:37 . Memory (MB): peak = 10907.430 ; gain = 2603.621 ; free physical = 154737 ; free virtual = 458194

Phase 4.3 Placer Reporting

Phase 4.3.1 Print Estimated Congestion
INFO: [Place 30-612] Post-Placement Estimated Congestion 
 ________________________________________________________________________
|           | Global Congestion | Long Congestion   | Short Congestion  |
| Direction | Region Size       | Region Size       | Region Size       |
|___________|___________________|___________________|___________________|
|      North|              16x16|              16x16|              16x16|
|___________|___________________|___________________|___________________|
|      South|              16x16|              16x16|              16x16|
|___________|___________________|___________________|___________________|
|       East|                4x4|                1x1|              16x16|
|___________|___________________|___________________|___________________|
|       West|                2x2|                1x1|              32x32|
|___________|___________________|___________________|___________________|

SLR0:
 ________________________________________________________________________
|           | Global Congestion | Long Congestion   | Short Congestion  |
| Direction | Region Size       | Region Size       | Region Size       |
|___________|___________________|___________________|___________________|
|      North|              16x16|              16x16|              16x16|
|___________|___________________|___________________|___________________|
|      South|              16x16|              16x16|              16x16|
|___________|___________________|___________________|___________________|
|       East|                4x4|                1x1|              16x16|
|___________|___________________|___________________|___________________|
|       West|                2x2|                1x1|              32x32|
|___________|___________________|___________________|___________________|

SLR1:
 ________________________________________________________________________
|           | Global Congestion | Long Congestion   | Short Congestion  |
| Direction | Region Size       | Region Size       | Region Size       |
|___________|___________________|___________________|___________________|
|      North|                2x2|                2x2|                4x4|
|___________|___________________|___________________|___________________|
|      South|                2x2|                1x1|                4x4|
|___________|___________________|___________________|___________________|
|       East|                1x1|                1x1|                4x4|
|___________|___________________|___________________|___________________|
|       West|                1x1|                1x1|                8x8|
|___________|___________________|___________________|___________________|

Phase 4.3.1 Print Estimated Congestion | Checksum: 1fbf11c10

Time (s): cpu = 00:40:14 ; elapsed = 00:14:37 . Memory (MB): peak = 10907.430 ; gain = 2603.621 ; free physical = 154737 ; free virtual = 458194
Phase 4.3 Placer Reporting | Checksum: 1fbf11c10

Time (s): cpu = 00:40:16 ; elapsed = 00:14:38 . Memory (MB): peak = 10907.430 ; gain = 2603.621 ; free physical = 154737 ; free virtual = 458194

Phase 4.4 Final Placement Cleanup
Netlist sorting complete. Time (s): cpu = 00:00:00.09 ; elapsed = 00:00:00.09 . Memory (MB): peak = 10907.430 ; gain = 0.000 ; free physical = 154737 ; free virtual = 458194

Time (s): cpu = 00:40:16 ; elapsed = 00:14:38 . Memory (MB): peak = 10907.430 ; gain = 2603.621 ; free physical = 154737 ; free virtual = 458194
Phase 4 Post Placement Optimization and Clean-Up | Checksum: 21d1e4a35

Time (s): cpu = 00:40:19 ; elapsed = 00:14:39 . Memory (MB): peak = 10907.430 ; gain = 2603.621 ; free physical = 154736 ; free virtual = 458193
Ending Placer Task | Checksum: 1cc7f133e

Time (s): cpu = 00:40:21 ; elapsed = 00:14:39 . Memory (MB): peak = 10907.430 ; gain = 2603.621 ; free physical = 154736 ; free virtual = 458193
374 Infos, 313 Warnings, 1 Critical Warnings and 0 Errors encountered.
place_design completed successfully
place_design: Time (s): cpu = 00:41:43 ; elapsed = 00:15:03 . Memory (MB): peak = 10907.430 ; gain = 2603.621 ; free physical = 154738 ; free virtual = 458195
source /home/cs2401.03/mini1-gemm/build/hw/_x/link/vivado/vpl/scripts/impl_1/_full_place_post.tcl
report_accelerator_utilization: Time (s): cpu = 00:00:09 ; elapsed = 00:00:09 . Memory (MB): peak = 10907.430 ; gain = 0.000 ; free physical = 154736 ; free virtual = 458193
INFO: System Diagram: Run step: placed

report_utilization: Time (s): cpu = 00:00:24 ; elapsed = 00:00:24 . Memory (MB): peak = 10907.430 ; gain = 0.000 ; free physical = 154742 ; free virtual = 458200
report_utilization: Time (s): cpu = 00:00:16 ; elapsed = 00:00:16 . Memory (MB): peak = 10907.430 ; gain = 0.000 ; free physical = 154746 ; free virtual = 458203
Command: phys_opt_design
Attempting to get a license for feature 'Implementation' and/or device 'xcu50'
INFO: [Common 17-349] Got license for feature 'Implementation' and/or device 'xcu50'

Starting Initial Update Timing Task
WARNING: [Timing 38-172] LUT was found on clock network. Both rising/falling clock edges are propagated from LUT output pin. Use set_clock_sense to specify if that clock should be inverted or not. e.g. set_clock_sense -positive/-negative level0_i/blp/blp_i/ss_cmp/inst/mgmt_debug_bridge/inst/bs_mux/inst/update_INST_0/O

Time (s): cpu = 00:02:10 ; elapsed = 00:00:25 . Memory (MB): peak = 10907.430 ; gain = 0.000 ; free physical = 154758 ; free virtual = 458216
INFO: [Vivado_Tcl 4-2279] Estimated Timing Summary | WNS= 0.055 | TNS= 0.000 | 
INFO: [Vivado_Tcl 4-383] Design worst setup slack (WNS) is greater than or equal to 0.000 ns. All physical synthesis setup optimizations will be skipped.
INFO: [Vivado_Tcl 4-232] No setup violation found. The netlist was not modified.
INFO: [Common 17-83] Releasing license: Implementation
379 Infos, 314 Warnings, 1 Critical Warnings and 0 Errors encountered.
phys_opt_design completed successfully
phys_opt_design: Time (s): cpu = 00:02:26 ; elapsed = 00:00:31 . Memory (MB): peak = 10907.430 ; gain = 0.000 ; free physical = 154758 ; free virtual = 458216
Command: route_design
Attempting to get a license for feature 'Implementation' and/or device 'xcu50'
INFO: [Common 17-349] Got license for feature 'Implementation' and/or device 'xcu50'


Starting Routing Task
INFO: [Route 35-254] Multithreading enabled for route_design using a maximum of 8 CPUs

Phase 1 Build RT Design
Checksum: PlaceDB: bdbf0f47 ConstDB: 0 ShapeSum: bbf3a87e RouteDB: 52cc5b79
Nodegraph reading from file.  Time (s): cpu = 00:00:01 ; elapsed = 00:00:01 . Memory (MB): peak = 10907.430 ; gain = 0.000 ; free physical = 154710 ; free virtual = 458169
Post Restoration Checksum: NetGraph: ddc7e15f | NumContArr: 79bbb336 | Constraints: caa53cf3 | Timing: c2a8fa9d
Phase 1 Build RT Design | Checksum: 2e4d1cc25

Time (s): cpu = 00:03:19 ; elapsed = 00:00:47 . Memory (MB): peak = 10907.430 ; gain = 0.000 ; free physical = 154722 ; free virtual = 458181

Phase 2 Router Initialization

Phase 2.1 Fix Topology Constraints
Phase 2.1 Fix Topology Constraints | Checksum: 2e4d1cc25

Time (s): cpu = 00:03:24 ; elapsed = 00:00:48 . Memory (MB): peak = 10907.430 ; gain = 0.000 ; free physical = 154722 ; free virtual = 458181

Phase 2.2 Pre Route Cleanup
Phase 2.2 Pre Route Cleanup | Checksum: 2e4d1cc25

Time (s): cpu = 00:03:28 ; elapsed = 00:00:49 . Memory (MB): peak = 10907.430 ; gain = 0.000 ; free physical = 154722 ; free virtual = 458181

Phase 2.3 Global Clock Net Routing
 Number of Nodes with overlaps = 0
Phase 2.3 Global Clock Net Routing | Checksum: 263129ec6

Time (s): cpu = 00:03:53 ; elapsed = 00:01:00 . Memory (MB): peak = 10952.289 ; gain = 44.859 ; free physical = 154640 ; free virtual = 458099

Phase 2.4 Update Timing
Phase 2.4 Update Timing | Checksum: 18387ee72

Time (s): cpu = 00:05:20 ; elapsed = 00:01:19 . Memory (MB): peak = 10952.289 ; gain = 44.859 ; free physical = 154587 ; free virtual = 458047
INFO: [Route 35-416] Intermediate Timing Summary | WNS=0.054  | TNS=0.000  | WHS=-0.059 | THS=-7.938 |


Phase 2.5 Update Timing for Bus Skew

Phase 2.5.1 Update Timing
Phase 2.5.1 Update Timing | Checksum: 1dda423fa

Time (s): cpu = 00:08:31 ; elapsed = 00:02:04 . Memory (MB): peak = 10952.289 ; gain = 44.859 ; free physical = 154370 ; free virtual = 457830
INFO: [Route 35-416] Intermediate Timing Summary | WNS=0.054  | TNS=0.000  | WHS=-0.105 | THS=-7.482 |

Phase 2.5 Update Timing for Bus Skew | Checksum: 16d359113

Time (s): cpu = 00:08:36 ; elapsed = 00:02:07 . Memory (MB): peak = 10952.289 ; gain = 44.859 ; free physical = 154375 ; free virtual = 457835

Phase 2.6 Soft Constraint Pins - Fast Budgeting
Phase 2.6 Soft Constraint Pins - Fast Budgeting | Checksum: 16d359113

Time (s): cpu = 00:08:41 ; elapsed = 00:02:09 . Memory (MB): peak = 10952.289 ; gain = 44.859 ; free physical = 154381 ; free virtual = 457841

Router Utilization Summary
  Global Vertical Routing Utilization    = 0.000577985 %
  Global Horizontal Routing Utilization  = 0.000224175 %
  Routable Net Status*
  *Does not include unroutable nets such as driverless and loadless.
  Run report_route_status for detailed report.
  Number of Failed Nets               = 40609
    (Failed Nets is the sum of unrouted and partially routed nets)
  Number of Unrouted Nets             = 35611
  Number of Partially Routed Nets     = 4998
  Number of Node Overlaps             = 0

Phase 2 Router Initialization | Checksum: 154d181d5

Time (s): cpu = 00:08:58 ; elapsed = 00:02:13 . Memory (MB): peak = 11019.578 ; gain = 112.148 ; free physical = 154305 ; free virtual = 457765

Phase 3 Global Routing
Phase 3 Global Routing | Checksum: 154d181d5

Time (s): cpu = 00:09:01 ; elapsed = 00:02:14 . Memory (MB): peak = 11019.578 ; gain = 112.148 ; free physical = 154305 ; free virtual = 457765

Phase 4 Initial Routing

Phase 4.1 Initial Net Routing Pass
Phase 4.1 Initial Net Routing Pass | Checksum: 24e213c7d

Time (s): cpu = 00:09:39 ; elapsed = 00:02:25 . Memory (MB): peak = 11019.578 ; gain = 112.148 ; free physical = 154302 ; free virtual = 457762
Phase 4 Initial Routing | Checksum: 25440b9e3

Time (s): cpu = 00:09:47 ; elapsed = 00:02:26 . Memory (MB): peak = 11019.578 ; gain = 112.148 ; free physical = 154302 ; free virtual = 457762
INFO: [Route 35-580] Design has 1 pins with tight setup and hold constraints.

The top 5 pins with tight setup and hold constraints:

+====================+===================+=================================================================================================================================================================================================================+
| Launch Setup Clock | Launch Hold Clock | Pin                                                                                                                                                                                                             |
+====================+===================+=================================================================================================================================================================================================================+
| dma_ip_axi_aclk_1  | dma_ip_axi_aclk_1 | level0_i/blp/blp_i/ss_hif/inst/pcie/inst/bd_39ab_pcie_0_pcie_4_0_pipe_inst/pcie4_0_512b_intfc_mod/pcie_4_0_512b_intfc_int_mod/pcie_4_0_512b_cc_intfc_mod/pcie_4_0_512b_async_fifo_blk/write_data_reg_reg[108]/D |
+--------------------+-------------------+-----------------------------------------------------------------------------------------------------------------------------------------------------------------------------------------------------------------+

File with complete list of pins: tight_setup_hold_pins.txt


Phase 5 Rip-up And Reroute

Phase 5.1 Global Iteration 0
 Number of Nodes with overlaps = 4017
 Number of Nodes with overlaps = 233
 Number of Nodes with overlaps = 23
 Number of Nodes with overlaps = 7
 Number of Nodes with overlaps = 4
 Number of Nodes with overlaps = 3
 Number of Nodes with overlaps = 2
 Number of Nodes with overlaps = 1
 Number of Nodes with overlaps = 0
INFO: [Route 35-416] Intermediate Timing Summary | WNS=0.054  | TNS=0.000  | WHS=-0.019 | THS=-0.082 |

Phase 5.1 Global Iteration 0 | Checksum: 26541fab4

Time (s): cpu = 00:13:48 ; elapsed = 00:04:25 . Memory (MB): peak = 11019.578 ; gain = 112.148 ; free physical = 154259 ; free virtual = 457721

Phase 5.2 Global Iteration 1
 Number of Nodes with overlaps = 1
 Number of Nodes with overlaps = 0
INFO: [Route 35-416] Intermediate Timing Summary | WNS=0.054  | TNS=0.000  | WHS=N/A    | THS=N/A    |

Phase 5.2 Global Iteration 1 | Checksum: 21cbf7041

Time (s): cpu = 00:14:39 ; elapsed = 00:04:35 . Memory (MB): peak = 11019.578 ; gain = 112.148 ; free physical = 154203 ; free virtual = 457665
Phase 5 Rip-up And Reroute | Checksum: 21cbf7041

Time (s): cpu = 00:14:42 ; elapsed = 00:04:36 . Memory (MB): peak = 11019.578 ; gain = 112.148 ; free physical = 154139 ; free virtual = 457601

Phase 6 Delay and Skew Optimization

Phase 6.1 Delay CleanUp
INFO: [Route 35-416] Intermediate Timing Summary | WNS=0.054  | TNS=0.000  | WHS=-0.015 | THS=-0.015 |

INFO: [Route 35-416] Intermediate Timing Summary | WNS=0.054  | TNS=0.000  | WHS=-0.015 | THS=-0.015 |

Phase 6.1 Delay CleanUp | Checksum: 1fcc821e1

Time (s): cpu = 00:16:08 ; elapsed = 00:04:51 . Memory (MB): peak = 11019.578 ; gain = 112.148 ; free physical = 153578 ; free virtual = 457040

Phase 6.2 Clock Skew Optimization
Phase 6.2 Clock Skew Optimization | Checksum: 1fcc821e1

Time (s): cpu = 00:16:11 ; elapsed = 00:04:52 . Memory (MB): peak = 11019.578 ; gain = 112.148 ; free physical = 153578 ; free virtual = 457040
Phase 6 Delay and Skew Optimization | Checksum: 1fcc821e1

Time (s): cpu = 00:16:14 ; elapsed = 00:04:53 . Memory (MB): peak = 11019.578 ; gain = 112.148 ; free physical = 153578 ; free virtual = 457040

Phase 7 Post Hold Fix

Phase 7.1 Hold Fix Iter
INFO: [Route 35-416] Intermediate Timing Summary | WNS=0.054  | TNS=0.000  | WHS=-0.015 | THS=-0.015 |

Phase 7.1 Hold Fix Iter | Checksum: 22db151d7

Time (s): cpu = 00:17:26 ; elapsed = 00:05:09 . Memory (MB): peak = 11019.578 ; gain = 112.148 ; free physical = 153577 ; free virtual = 457039

Phase 7.2 Non Free Resource Hold Fix Iter
Phase 7.2 Non Free Resource Hold Fix Iter | Checksum: 1ca699162

Time (s): cpu = 00:17:29 ; elapsed = 00:05:10 . Memory (MB): peak = 11019.578 ; gain = 112.148 ; free physical = 153577 ; free virtual = 457039
Phase 7 Post Hold Fix | Checksum: 1ca699162

Time (s): cpu = 00:17:32 ; elapsed = 00:05:11 . Memory (MB): peak = 11019.578 ; gain = 112.148 ; free physical = 153577 ; free virtual = 457039

Phase 8 Leaf Clock Prog Delay Opt
Phase 8 Leaf Clock Prog Delay Opt | Checksum: 1f8bfdfa3

Time (s): cpu = 00:18:40 ; elapsed = 00:05:24 . Memory (MB): peak = 11019.578 ; gain = 112.148 ; free physical = 153579 ; free virtual = 457041

Phase 9 Route finalize

Router Utilization Summary
  Global Vertical Routing Utilization    = 1.02864 %
  Global Horizontal Routing Utilization  = 1.40386 %
  Routable Net Status*
  *Does not include unroutable nets such as driverless and loadless.
  Run report_route_status for detailed report.
  Number of Failed Nets               = 0
    (Failed Nets is the sum of unrouted and partially routed nets)
  Number of Unrouted Nets             = 0
  Number of Partially Routed Nets     = 0
  Number of Node Overlaps             = 0

Phase 9 Route finalize | Checksum: 1f8bfdfa3

Time (s): cpu = 00:18:49 ; elapsed = 00:05:26 . Memory (MB): peak = 11019.578 ; gain = 112.148 ; free physical = 153578 ; free virtual = 457041

Phase 10 Verifying routed nets

 Verification completed successfully
Phase 10 Verifying routed nets | Checksum: 1f8bfdfa3

Time (s): cpu = 00:18:52 ; elapsed = 00:05:27 . Memory (MB): peak = 11019.578 ; gain = 112.148 ; free physical = 153578 ; free virtual = 457040

Phase 11 Depositing Routes
Phase 11 Depositing Routes | Checksum: 1f8bfdfa3

Time (s): cpu = 00:19:21 ; elapsed = 00:05:38 . Memory (MB): peak = 11019.578 ; gain = 112.148 ; free physical = 153578 ; free virtual = 457040

Phase 12 Resolve XTalk
Phase 12 Resolve XTalk | Checksum: 1f8bfdfa3

Time (s): cpu = 00:19:24 ; elapsed = 00:05:40 . Memory (MB): peak = 11019.578 ; gain = 112.148 ; free physical = 153578 ; free virtual = 457040

Phase 13 Post Process Routing
WARNING: [Route 35-426]  Router was unable to fix hold violation on pins with fixed or dedicated routing. The router cannot add routing detours to improve hold time because the pins fall under one or more of the listed categories: partition pins, fixed routes and intra-site connections.
Resolution: Run report_timing_summary to analyze the hold violations.
Phase 13 Post Process Routing | Checksum: 18b80bcc8

Time (s): cpu = 00:19:29 ; elapsed = 00:05:41 . Memory (MB): peak = 11019.578 ; gain = 112.148 ; free physical = 153578 ; free virtual = 457041

Phase 14 Post Router Timing

Phase 14.1 Update Timing
Phase 14.1 Update Timing | Checksum: 18b80bcc8

Time (s): cpu = 00:20:22 ; elapsed = 00:05:52 . Memory (MB): peak = 11019.578 ; gain = 112.148 ; free physical = 153578 ; free virtual = 457041
INFO: [Route 35-57] Estimated Timing Summary | WNS=0.054  | TNS=0.000  | WHS=-0.015 | THS=-0.015 |

WARNING: [Route 35-328] Router estimated timing not met.
Resolution: For a complete and accurate timing signoff, report_timing_summary must be run after route_design. Alternatively, route_design can be run with the -timing_summary option to enable a complete timing signoff at the end of route_design.
Phase 14 Post Router Timing | Checksum: 18b80bcc8

Time (s): cpu = 00:20:25 ; elapsed = 00:05:53 . Memory (MB): peak = 11019.578 ; gain = 112.148 ; free physical = 153578 ; free virtual = 457041
Skip laguna hold fix in PhysOpt in Router as non-negative WHS value: 9.1942e-12 .
Time taken to check if laguna hold fix is required (in secs): 0
Skip PhysOpt in Router because non-negative WNS value: 5.51432e-11 .
Total Elapsed time in route_design: 374.61 secs

Phase 15 Post-Route Event Processing
INFO: [Constraints 18-12546] INFO: Running DFX DRC before completing route_design
INFO: [Constraints 18-12545] INFO: DFX DRC finished with 0 Errors
Phase 15 Post-Route Event Processing | Checksum: 2222bd56b

Time (s): cpu = 00:23:02 ; elapsed = 00:06:28 . Memory (MB): peak = 11019.578 ; gain = 112.148 ; free physical = 153389 ; free virtual = 456852
INFO: [Route 35-16] Router Completed Successfully
Ending Routing Task | Checksum: 2222bd56b

Time (s): cpu = 00:23:06 ; elapsed = 00:06:28 . Memory (MB): peak = 11019.578 ; gain = 112.148 ; free physical = 153389 ; free virtual = 456852

Routing Is Done.
INFO: [Common 17-83] Releasing license: Implementation
394 Infos, 316 Warnings, 1 Critical Warnings and 0 Errors encountered.
route_design completed successfully
route_design: Time (s): cpu = 00:23:25 ; elapsed = 00:06:47 . Memory (MB): peak = 11019.578 ; gain = 112.148 ; free physical = 153382 ; free virtual = 456845
INFO: [Vivado 12-24828] Executing command : report_timing_summary -max_paths 10 -file hw_bb_locked_timing_summary_routed.rpt -pb hw_bb_locked_timing_summary_routed.pb -rpx hw_bb_locked_timing_summary_routed.rpx -warn_on_violation 
INFO: [Timing 38-91] UpdateTimingParams: Speed grade: -2, Temperature grade: E, Delay Type: min_max.
INFO: [Timing 38-191] Multithreading enabled for timing update using a maximum of 8 CPUs
WARNING: [Timing 38-436] There are set_bus_skew constraint(s) in this design. Please run report_bus_skew to ensure that bus skew requirements are met.
report_timing_summary: Time (s): cpu = 00:00:57 ; elapsed = 00:00:14 . Memory (MB): peak = 11019.578 ; gain = 0.000 ; free physical = 153324 ; free virtual = 456816
generate_parallel_reports: Time (s): cpu = 00:00:57 ; elapsed = 00:00:14 . Memory (MB): peak = 11019.578 ; gain = 0.000 ; free physical = 153324 ; free virtual = 456816
source /home/cs2401.03/mini1-gemm/build/hw/_x/link/vivado/vpl/scripts/impl_1/_full_route_post.tcl
report_accelerator_utilization: Time (s): cpu = 00:00:10 ; elapsed = 00:00:10 . Memory (MB): peak = 11019.578 ; gain = 0.000 ; free physical = 153215 ; free virtual = 456707
INFO: System Diagram: Run step: routed

report_utilization: Time (s): cpu = 00:00:24 ; elapsed = 00:00:25 . Memory (MB): peak = 11019.578 ; gain = 0.000 ; free physical = 153214 ; free virtual = 456706
report_utilization: Time (s): cpu = 00:00:16 ; elapsed = 00:00:16 . Memory (MB): peak = 11019.578 ; gain = 0.000 ; free physical = 153212 ; free virtual = 456704
get_utilization: Time (s): cpu = 00:00:15 ; elapsed = 00:00:15 . Memory (MB): peak = 11019.578 ; gain = 0.000 ; free physical = 152874 ; free virtual = 456367
WARNING: Unable to find metadata file: /home/cs2401.03/mini1-gemm/build/hw/_x/link/int/debug_ip_layout.rtd
Command: report_power
Running Vector-less Activity Propagation...

Finished Running Vector-less Activity Propagation
WARNING: [Power 33-404] DATARATE_xx properties have zero value for HBM Instance level0_i/ulp/hmss_0/inst/hbm_inst/inst/ONE_STACK.u_hbm_top/ONE_STACK_HBM.hbm_one_stack_intf. Please ensure correct values are entered for DATARATE to do an accurate power analysis.
WARNING: [Power 33-332] Found switching activity that implies high-fanout reset nets being asserted for excessive periods of time which may result in inaccurate power analysis.
Resolution: To review and fix problems, please run Power Constraints Advisor in the GUI from Tools > Power Constraints Advisor or run report_power with the -advisory option to generate a text report.
Copyright 1986-2022 Xilinx, Inc. All Rights Reserved. Copyright 2022-2025 Advanced Micro Devices, Inc. All Rights Reserved.
-------------------------------------------------------------------------------------------------------------------------------------------------
| Tool Version     : Vivado v.2025.1 (lin64) Build 6140274 Wed May 21 22:58:25 MDT 2025
| Date             : Thu Oct  1 03:49:50 2026
| Host             : node06.local running 64-bit Rocky Linux release 8.9 (Green Obsidian)
| Command          : report_power
| Design           : level0_wrapper
| Device           : xcu50-fsvh2104-2-e
| Design State     : routed
| Grade            : extended
| Process          : typical
| Characterization : Production
-------------------------------------------------------------------------------------------------------------------------------------------------

Power Report

Table of Contents
-----------------
1. Summary
1.1 On-Chip Components
1.2 Power Supply Summary
1.3 Confidence Level
2. Settings
2.1 Environment
2.2 Clock Constraints
3. Detailed Reports
3.1 By Hierarchy

1. Summary
----------

+--------------------------+--------------+
| Total On-Chip Power (W)  | 15.253       |
|   FPGA Power (W)         | 14.278       |
|   HBM Power (W)          | 0.976        |
| Design Power Budget (W)  | 63.000       |
| Power Budget Margin (W)  | 47.747 (MET) |
| Dynamic (W)              | 10.466       |
| Device Static (W)        | 4.787        |
| Effective TJA (C/W)      | 0.8          |
| Max Ambient (C)          | 88.6         |
| Junction Temperature (C) | 66.4         |
| Confidence Level         | Medium       |
| Setting File             | ---          |
| Simulation Activity File | ---          |
| Design Nets Matched      | NA           |
+--------------------------+--------------+


1.1 On-Chip Components
----------------------

+--------------------------+-----------+----------+-----------+-----------------+
| On-Chip                  | Power (W) | Used     | Available | Utilization (%) |
+--------------------------+-----------+----------+-----------+-----------------+
| Clocks                   |     1.173 |       69 |       --- |             --- |
| CLB Logic                |     0.981 |   347127 |       --- |             --- |
|   LUT as Logic           |     0.592 |   119240 |    870720 |           13.69 |
|   LUT as Distributed RAM |     0.242 |     5900 |    402720 |            1.47 |
|   Register               |     0.083 |   169392 |   1741440 |            9.73 |
|   LUT as Shift Register  |     0.057 |     4647 |    402720 |            1.15 |
|   CARRY8                 |     0.006 |     1236 |    108840 |            1.14 |
|   Others                 |    <0.001 |     6952 |       --- |             --- |
|   F7/F8 Muxes            |     0.000 |     3002 |    870720 |            0.34 |
| Signals                  |     1.290 |   267982 |       --- |             --- |
| Block RAM                |     0.851 |    182.5 |      1344 |           13.58 |
| URAM                     |     0.012 |        4 |       640 |            0.63 |
| HBM                      |     1.183 |        1 |         2 |           50.00 |
| MMCM                     |     0.003 |        0 |       --- |             --- |
| PLL                      |     0.054 |        1 |       --- |             --- |
| DSPs                     |     0.007 |       12 |      5952 |            0.20 |
| I/O                      |     0.006 |       10 |       416 |            2.40 |
| GTY                      |     4.360 |       16 |        20 |           80.00 |
| Hard IPs                 |     0.538 |        1 |       --- |             --- |
|   PCIE                   |     0.538 |        1 |       --- |             --- |
| Static Power             |     4.787 |          |           |                 |
|   HBM Static             |     0.391 |          |           |                 |
|   Device Static          |     4.396 |          |           |                 |
| Total                    |    15.246 |          |           |                 |
+--------------------------+-----------+----------+-----------+-----------------+


1.2 Power Supply Summary
------------------------

+------------------------+-------------+-----------+-------------+------------+-------------+-------------+--------------+
| Source                 | Voltage (V) | Total (A) | Dynamic (A) | Static (A) | Powerup (A) | Budget (A)  | Margin (A)   |
+------------------------+-------------+-----------+-------------+------------+-------------+-------------+--------------+
| 12V_PEX                |      12.000 |     1.180 |       0.814 |      0.366 |       NA    |       5.500 | 4.320 (MET)  |
|    BOARD_VCCINT        |       0.850 |     9.723 |       6.355 |      3.368 |       NA    |      60.000 | 50.277 (MET) |
|       Vccint           |       0.850 |     9.723 |       6.355 |      3.368 |       NA    | Grouped     | NA           |
|    VCCINT_BRAM         |       0.850 |     1.136 |       0.527 |      0.609 |       NA    |      60.000 | 58.864 (MET) |
|       Vccint_io        |       0.850 |     0.944 |       0.426 |      0.519 |       NA    | Grouped     | NA           |
|       Vccbram          |       0.850 |     0.192 |       0.101 |      0.091 |       NA    | Grouped     | NA           |
|    MGT0V9AVCC          |       0.900 |     0.666 |       0.616 |      0.050 |       NA    |       4.000 | 3.334 (MET)  |
|       VMGTAVCC (GTY)   |       0.900 |     0.666 |       0.616 |      0.050 |       NA    | Grouped     | NA           |
|    MGTAVTT             |       1.200 |     2.551 |       2.536 |      0.015 |       NA    |       4.000 | 1.449 (MET)  |
|       VMGTAVTT (GTY)   |       1.200 |     2.551 |       2.536 |      0.015 |       NA    | Grouped     | NA           |
|    VCC1V8              |       1.800 |     0.704 |       0.175 |      0.529 |       NA    |       4.000 | 3.296 (MET)  |
|       Vccaux           |       1.800 |     0.566 |       0.079 |      0.488 |       NA    | Grouped     | NA           |
|       Vccaux_io        |       1.800 |     0.027 |       0.003 |      0.024 |       NA    | Grouped     | NA           |
|       VMGTVCCAUX (GTY) |       1.800 |     0.095 |       0.093 |      0.001 |       NA    | Grouped     | NA           |
|       Vcco18           |       1.800 |     0.000 |       0.000 |      0.000 |       NA    | Grouped     | NA           |
|       Vccadc           |       1.800 |     0.016 |       0.000 |      0.016 |       NA    | Grouped     | NA           |
| 3V3_PEX                |       3.300 |     0.332 |       0.213 |      0.119 |       NA    |       3.000 | 2.668 (MET)  |
|    2V5_VPP             |       2.500 |     0.030 |       0.006 |      0.024 |       NA    |       0.250 | 0.220 (MET)  |
|       VCCAUX_HBM       |       2.500 |     0.030 |       0.006 |      0.024 |       NA    | Grouped     | NA           |
|    1V2_HBM             |       1.200 |     0.851 |       0.574 |      0.277 |       NA    |      10.000 | 9.149 (MET)  |
|       VCC_HBM          |       1.200 |     0.447 |       0.297 |      0.150 |       NA    | Grouped     | NA           |
|       VCC_IO_HBM       |       1.200 |     0.404 |       0.277 |      0.127 |       NA    | Grouped     | NA           |
| Vcco33                 |       3.300 |     0.000 |       0.000 |      0.000 |       NA    | Unspecified | NA           |
| Vcco25                 |       2.500 |     0.000 |       0.000 |      0.000 |       NA    | Unspecified | NA           |
| Vcco15                 |       1.500 |     0.000 |       0.000 |      0.000 |       NA    | Unspecified | NA           |
| Vcco135                |       1.350 |     0.000 |       0.000 |      0.000 |       NA    | Unspecified | NA           |
| Vcco12                 |       1.200 |     0.000 |       0.000 |      0.000 |       NA    | Unspecified | NA           |
| Vcco10                 |       1.000 |     0.000 |       0.000 |      0.000 |       NA    | Unspecified | NA           |
+------------------------+-------------+-----------+-------------+------------+-------------+-------------+--------------+


1.3 Confidence Level
--------------------

+-----------------------------+------------+-------------------------------------------------------+------------------------------------------------------------------------------------------------------------+
| User Input Data             | Confidence | Details                                               | Action                                                                                                     |
+-----------------------------+------------+-------------------------------------------------------+------------------------------------------------------------------------------------------------------------+
| Design implementation state | High       | Design is routed                                      |                                                                                                            |
| Clock nodes activity        | High       | User specified more than 95% of clocks                |                                                                                                            |
| I/O nodes activity          | Medium     | More than 5% of inputs are missing user specification | Provide missing input activity with simulation results or by editing the "By Resource Type -> I/Os" view   |
| Internal nodes activity     | Medium     | User specified less than 25% of internal nodes        | Provide missing internal nodes activity with simulation results or by editing the "By Resource Type" views |
| Device models               | High       | Device models are Production                          |                                                                                                            |
|                             |            |                                                       |                                                                                                            |
| Overall confidence level    | Medium     |                                                       |                                                                                                            |
+-----------------------------+------------+-------------------------------------------------------+------------------------------------------------------------------------------------------------------------+


2. Settings
-----------

2.1 Environment
---------------

+-----------------------+--------------------------+
| Ambient Temp (C)      | 55.0                     |
| ThetaJA (C/W)         | 0.8                      |
| Airflow (LFM)         | 250                      |
| Heat Sink             | medium (Medium Profile)  |
| ThetaSA (C/W)         | 0.7                      |
| Board Selection       | medium (10"x10")         |
| # of Board Layers     | 12to15 (12 to 15 Layers) |
| Board Temperature (C) | 25.0                     |
+-----------------------+--------------------------+


2.2 Clock Constraints
---------------------

+--------------------------------------------------------------------------------------------------------------------------------------------------------------------------------------------------------------------------------------------------------------------------------------------------------------------------------------------------------------------------------------------------------------------------+-----------------------------------------------------------------------------------------------------------------------------------------------------------------------------------------------------------------------------------------------------------------------------------------------------------------------------------------------------------------------------------------------------------+-----------------+
| Clock                                                                                                                                                                                                                                                                                                                                                                                                                    | Domain                                                                                                                                                                                                                                                                                                                                                                                                    | Constraint (ns) |
+--------------------------------------------------------------------------------------------------------------------------------------------------------------------------------------------------------------------------------------------------------------------------------------------------------------------------------------------------------------------------------------------------------------------------+-----------------------------------------------------------------------------------------------------------------------------------------------------------------------------------------------------------------------------------------------------------------------------------------------------------------------------------------------------------------------------------------------------------+-----------------+
| GTYE4_CHANNEL_QPLL0CLK[0]_4                                                                                                                                                                                                                                                                                                                                                                                              | level0_i/blp/blp_i/ss_hif/inst/pcie/inst/bd_39ab_pcie_0_gt_top_i/diablo_gt.diablo_gt_phy_wrapper/gt_wizard.gtwizard_top_i/bd_39ab_pcie_0_gt_i/inst/gen_gtwizard_gtye4_top.bd_39ab_pcie_0_gt_gtwizard_gtye4_inst/gen_gtwizard_gtye4.gen_common.gen_common_container[24].gen_enabled_common.gtye4_common_wrapper_inst/common_inst/GTYE4_CHANNEL_QPLL0CLK[0]                                                 |             0.2 |
| GTYE4_CHANNEL_QPLL0CLK[0]_5                                                                                                                                                                                                                                                                                                                                                                                              | level0_i/blp/blp_i/ss_hif/inst/pcie/inst/bd_39ab_pcie_0_gt_top_i/diablo_gt.diablo_gt_phy_wrapper/gt_wizard.gtwizard_top_i/bd_39ab_pcie_0_gt_i/inst/gen_gtwizard_gtye4_top.bd_39ab_pcie_0_gt_gtwizard_gtye4_inst/gen_gtwizard_gtye4.gen_common.gen_common_container[25].gen_enabled_common.gtye4_common_wrapper_inst/common_inst/GTYE4_CHANNEL_QPLL0CLK[0]                                                 |             0.2 |
| GTYE4_CHANNEL_QPLL0CLK[0]_6                                                                                                                                                                                                                                                                                                                                                                                              | level0_i/blp/blp_i/ss_hif/inst/pcie/inst/bd_39ab_pcie_0_gt_top_i/diablo_gt.diablo_gt_phy_wrapper/gt_wizard.gtwizard_top_i/bd_39ab_pcie_0_gt_i/inst/gen_gtwizard_gtye4_top.bd_39ab_pcie_0_gt_gtwizard_gtye4_inst/gen_gtwizard_gtye4.gen_common.gen_common_container[26].gen_enabled_common.gtye4_common_wrapper_inst/common_inst/GTYE4_CHANNEL_QPLL0CLK[0]                                                 |             0.2 |
| GTYE4_CHANNEL_QPLL0CLK[0]_7                                                                                                                                                                                                                                                                                                                                                                                              | level0_i/blp/blp_i/ss_hif/inst/pcie/inst/bd_39ab_pcie_0_gt_top_i/diablo_gt.diablo_gt_phy_wrapper/gt_wizard.gtwizard_top_i/bd_39ab_pcie_0_gt_i/inst/gen_gtwizard_gtye4_top.bd_39ab_pcie_0_gt_gtwizard_gtye4_inst/gen_gtwizard_gtye4.gen_common.gen_common_container[27].gen_enabled_common.gtye4_common_wrapper_inst/common_inst/GTYE4_CHANNEL_QPLL0CLK[0]                                                 |             0.2 |
| GTYE4_CHANNEL_QPLL0REFCLK[0]_4                                                                                                                                                                                                                                                                                                                                                                                           | level0_i/blp/blp_i/ss_hif/inst/pcie/inst/bd_39ab_pcie_0_gt_top_i/diablo_gt.diablo_gt_phy_wrapper/gt_wizard.gtwizard_top_i/bd_39ab_pcie_0_gt_i/inst/gen_gtwizard_gtye4_top.bd_39ab_pcie_0_gt_gtwizard_gtye4_inst/gen_gtwizard_gtye4.gen_common.gen_common_container[24].gen_enabled_common.gtye4_common_wrapper_inst/common_inst/GTYE4_CHANNEL_QPLL0REFCLK[0]                                              |            10.0 |
| GTYE4_CHANNEL_QPLL0REFCLK[0]_5                                                                                                                                                                                                                                                                                                                                                                                           | level0_i/blp/blp_i/ss_hif/inst/pcie/inst/bd_39ab_pcie_0_gt_top_i/diablo_gt.diablo_gt_phy_wrapper/gt_wizard.gtwizard_top_i/bd_39ab_pcie_0_gt_i/inst/gen_gtwizard_gtye4_top.bd_39ab_pcie_0_gt_gtwizard_gtye4_inst/gen_gtwizard_gtye4.gen_common.gen_common_container[25].gen_enabled_common.gtye4_common_wrapper_inst/common_inst/GTYE4_CHANNEL_QPLL0REFCLK[0]                                              |            10.0 |
| GTYE4_CHANNEL_QPLL0REFCLK[0]_6                                                                                                                                                                                                                                                                                                                                                                                           | level0_i/blp/blp_i/ss_hif/inst/pcie/inst/bd_39ab_pcie_0_gt_top_i/diablo_gt.diablo_gt_phy_wrapper/gt_wizard.gtwizard_top_i/bd_39ab_pcie_0_gt_i/inst/gen_gtwizard_gtye4_top.bd_39ab_pcie_0_gt_gtwizard_gtye4_inst/gen_gtwizard_gtye4.gen_common.gen_common_container[26].gen_enabled_common.gtye4_common_wrapper_inst/common_inst/GTYE4_CHANNEL_QPLL0REFCLK[0]                                              |            10.0 |
| GTYE4_CHANNEL_QPLL0REFCLK[0]_7                                                                                                                                                                                                                                                                                                                                                                                           | level0_i/blp/blp_i/ss_hif/inst/pcie/inst/bd_39ab_pcie_0_gt_top_i/diablo_gt.diablo_gt_phy_wrapper/gt_wizard.gtwizard_top_i/bd_39ab_pcie_0_gt_i/inst/gen_gtwizard_gtye4_top.bd_39ab_pcie_0_gt_gtwizard_gtye4_inst/gen_gtwizard_gtye4.gen_common.gen_common_container[27].gen_enabled_common.gtye4_common_wrapper_inst/common_inst/GTYE4_CHANNEL_QPLL0REFCLK[0]                                              |            10.0 |
| GTYE4_CHANNEL_QPLL1CLK[0]_4                                                                                                                                                                                                                                                                                                                                                                                              | level0_i/blp/blp_i/ss_hif/inst/pcie/inst/bd_39ab_pcie_0_gt_top_i/diablo_gt.diablo_gt_phy_wrapper/gt_wizard.gtwizard_top_i/bd_39ab_pcie_0_gt_i/inst/gen_gtwizard_gtye4_top.bd_39ab_pcie_0_gt_gtwizard_gtye4_inst/gen_gtwizard_gtye4.gen_common.gen_common_container[24].gen_enabled_common.gtye4_common_wrapper_inst/common_inst/GTYE4_CHANNEL_QPLL1CLK[0]                                                 |             0.2 |
| GTYE4_CHANNEL_QPLL1CLK[0]_5                                                                                                                                                                                                                                                                                                                                                                                              | level0_i/blp/blp_i/ss_hif/inst/pcie/inst/bd_39ab_pcie_0_gt_top_i/diablo_gt.diablo_gt_phy_wrapper/gt_wizard.gtwizard_top_i/bd_39ab_pcie_0_gt_i/inst/gen_gtwizard_gtye4_top.bd_39ab_pcie_0_gt_gtwizard_gtye4_inst/gen_gtwizard_gtye4.gen_common.gen_common_container[25].gen_enabled_common.gtye4_common_wrapper_inst/common_inst/GTYE4_CHANNEL_QPLL1CLK[0]                                                 |             0.2 |
| GTYE4_CHANNEL_QPLL1CLK[0]_6                                                                                                                                                                                                                                                                                                                                                                                              | level0_i/blp/blp_i/ss_hif/inst/pcie/inst/bd_39ab_pcie_0_gt_top_i/diablo_gt.diablo_gt_phy_wrapper/gt_wizard.gtwizard_top_i/bd_39ab_pcie_0_gt_i/inst/gen_gtwizard_gtye4_top.bd_39ab_pcie_0_gt_gtwizard_gtye4_inst/gen_gtwizard_gtye4.gen_common.gen_common_container[26].gen_enabled_common.gtye4_common_wrapper_inst/common_inst/GTYE4_CHANNEL_QPLL1CLK[0]                                                 |             0.2 |
| GTYE4_CHANNEL_QPLL1CLK[0]_7                                                                                                                                                                                                                                                                                                                                                                                              | level0_i/blp/blp_i/ss_hif/inst/pcie/inst/bd_39ab_pcie_0_gt_top_i/diablo_gt.diablo_gt_phy_wrapper/gt_wizard.gtwizard_top_i/bd_39ab_pcie_0_gt_i/inst/gen_gtwizard_gtye4_top.bd_39ab_pcie_0_gt_gtwizard_gtye4_inst/gen_gtwizard_gtye4.gen_common.gen_common_container[27].gen_enabled_common.gtye4_common_wrapper_inst/common_inst/GTYE4_CHANNEL_QPLL1CLK[0]                                                 |             0.2 |
| GTYE4_CHANNEL_QPLL1REFCLK[0]_4                                                                                                                                                                                                                                                                                                                                                                                           | level0_i/blp/blp_i/ss_hif/inst/pcie/inst/bd_39ab_pcie_0_gt_top_i/diablo_gt.diablo_gt_phy_wrapper/gt_wizard.gtwizard_top_i/bd_39ab_pcie_0_gt_i/inst/gen_gtwizard_gtye4_top.bd_39ab_pcie_0_gt_gtwizard_gtye4_inst/gen_gtwizard_gtye4.gen_common.gen_common_container[24].gen_enabled_common.gtye4_common_wrapper_inst/common_inst/GTYE4_CHANNEL_QPLL1REFCLK[0]                                              |            10.0 |
| GTYE4_CHANNEL_QPLL1REFCLK[0]_5                                                                                                                                                                                                                                                                                                                                                                                           | level0_i/blp/blp_i/ss_hif/inst/pcie/inst/bd_39ab_pcie_0_gt_top_i/diablo_gt.diablo_gt_phy_wrapper/gt_wizard.gtwizard_top_i/bd_39ab_pcie_0_gt_i/inst/gen_gtwizard_gtye4_top.bd_39ab_pcie_0_gt_gtwizard_gtye4_inst/gen_gtwizard_gtye4.gen_common.gen_common_container[25].gen_enabled_common.gtye4_common_wrapper_inst/common_inst/GTYE4_CHANNEL_QPLL1REFCLK[0]                                              |            10.0 |
| GTYE4_CHANNEL_QPLL1REFCLK[0]_6                                                                                                                                                                                                                                                                                                                                                                                           | level0_i/blp/blp_i/ss_hif/inst/pcie/inst/bd_39ab_pcie_0_gt_top_i/diablo_gt.diablo_gt_phy_wrapper/gt_wizard.gtwizard_top_i/bd_39ab_pcie_0_gt_i/inst/gen_gtwizard_gtye4_top.bd_39ab_pcie_0_gt_gtwizard_gtye4_inst/gen_gtwizard_gtye4.gen_common.gen_common_container[26].gen_enabled_common.gtye4_common_wrapper_inst/common_inst/GTYE4_CHANNEL_QPLL1REFCLK[0]                                              |            10.0 |
| GTYE4_CHANNEL_QPLL1REFCLK[0]_7                                                                                                                                                                                                                                                                                                                                                                                           | level0_i/blp/blp_i/ss_hif/inst/pcie/inst/bd_39ab_pcie_0_gt_top_i/diablo_gt.diablo_gt_phy_wrapper/gt_wizard.gtwizard_top_i/bd_39ab_pcie_0_gt_i/inst/gen_gtwizard_gtye4_top.bd_39ab_pcie_0_gt_gtwizard_gtye4_inst/gen_gtwizard_gtye4.gen_common.gen_common_container[27].gen_enabled_common.gtye4_common_wrapper_inst/common_inst/GTYE4_CHANNEL_QPLL1REFCLK[0]                                              |            10.0 |
| GTYE4_CHANNEL_TXOUTCLK[0]_4                                                                                                                                                                                                                                                                                                                                                                                              | level0_i/blp/blp_i/ss_hif/inst/pcie/inst/bd_39ab_pcie_0_gt_top_i/diablo_gt.diablo_gt_phy_wrapper/gt_wizard.gtwizard_top_i/bd_39ab_pcie_0_gt_i/inst/gen_gtwizard_gtye4_top.bd_39ab_pcie_0_gt_gtwizard_gtye4_inst/gen_gtwizard_gtye4.gen_channel_container[24].gen_enabled_channel.gtye4_channel_wrapper_inst/channel_inst/GTYE4_CHANNEL_TXOUTCLK[0]                                                        |             2.0 |
| GTYE4_CHANNEL_TXOUTCLK[0]_5                                                                                                                                                                                                                                                                                                                                                                                              | level0_i/blp/blp_i/ss_hif/inst/pcie/inst/bd_39ab_pcie_0_gt_top_i/diablo_gt.diablo_gt_phy_wrapper/gt_wizard.gtwizard_top_i/bd_39ab_pcie_0_gt_i/inst/gen_gtwizard_gtye4_top.bd_39ab_pcie_0_gt_gtwizard_gtye4_inst/gen_gtwizard_gtye4.gen_channel_container[25].gen_enabled_channel.gtye4_channel_wrapper_inst/channel_inst/GTYE4_CHANNEL_TXOUTCLK[0]                                                        |             2.0 |
| GTYE4_CHANNEL_TXOUTCLK[0]_6                                                                                                                                                                                                                                                                                                                                                                                              | level0_i/blp/blp_i/ss_hif/inst/pcie/inst/bd_39ab_pcie_0_gt_top_i/diablo_gt.diablo_gt_phy_wrapper/gt_wizard.gtwizard_top_i/bd_39ab_pcie_0_gt_i/inst/gen_gtwizard_gtye4_top.bd_39ab_pcie_0_gt_gtwizard_gtye4_inst/gen_gtwizard_gtye4.gen_channel_container[26].gen_enabled_channel.gtye4_channel_wrapper_inst/channel_inst/GTYE4_CHANNEL_TXOUTCLK[0]                                                        |             2.0 |
| GTYE4_CHANNEL_TXOUTCLK[0]_7                                                                                                                                                                                                                                                                                                                                                                                              | level0_i/blp/blp_i/ss_hif/inst/pcie/inst/bd_39ab_pcie_0_gt_top_i/diablo_gt.diablo_gt_phy_wrapper/gt_wizard.gtwizard_top_i/bd_39ab_pcie_0_gt_i/inst/gen_gtwizard_gtye4_top.bd_39ab_pcie_0_gt_gtwizard_gtye4_inst/gen_gtwizard_gtye4.gen_channel_container[27].gen_enabled_channel.gtye4_channel_wrapper_inst/channel_inst/GTYE4_CHANNEL_TXOUTCLK[0]                                                        |             2.0 |
| GTYE4_CHANNEL_TXOUTCLK[1]_4                                                                                                                                                                                                                                                                                                                                                                                              | level0_i/blp/blp_i/ss_hif/inst/pcie/inst/bd_39ab_pcie_0_gt_top_i/diablo_gt.diablo_gt_phy_wrapper/gt_wizard.gtwizard_top_i/bd_39ab_pcie_0_gt_i/inst/gen_gtwizard_gtye4_top.bd_39ab_pcie_0_gt_gtwizard_gtye4_inst/gen_gtwizard_gtye4.gen_channel_container[24].gen_enabled_channel.gtye4_channel_wrapper_inst/channel_inst/GTYE4_CHANNEL_TXOUTCLK[1]                                                        |             2.0 |
| GTYE4_CHANNEL_TXOUTCLK[1]_5                                                                                                                                                                                                                                                                                                                                                                                              | level0_i/blp/blp_i/ss_hif/inst/pcie/inst/bd_39ab_pcie_0_gt_top_i/diablo_gt.diablo_gt_phy_wrapper/gt_wizard.gtwizard_top_i/bd_39ab_pcie_0_gt_i/inst/gen_gtwizard_gtye4_top.bd_39ab_pcie_0_gt_gtwizard_gtye4_inst/gen_gtwizard_gtye4.gen_channel_container[25].gen_enabled_channel.gtye4_channel_wrapper_inst/channel_inst/GTYE4_CHANNEL_TXOUTCLK[1]                                                        |             2.0 |
| GTYE4_CHANNEL_TXOUTCLK[1]_6                                                                                                                                                                                                                                                                                                                                                                                              | level0_i/blp/blp_i/ss_hif/inst/pcie/inst/bd_39ab_pcie_0_gt_top_i/diablo_gt.diablo_gt_phy_wrapper/gt_wizard.gtwizard_top_i/bd_39ab_pcie_0_gt_i/inst/gen_gtwizard_gtye4_top.bd_39ab_pcie_0_gt_gtwizard_gtye4_inst/gen_gtwizard_gtye4.gen_channel_container[26].gen_enabled_channel.gtye4_channel_wrapper_inst/channel_inst/GTYE4_CHANNEL_TXOUTCLK[1]                                                        |             2.0 |
| GTYE4_CHANNEL_TXOUTCLK[1]_7                                                                                                                                                                                                                                                                                                                                                                                              | level0_i/blp/blp_i/ss_hif/inst/pcie/inst/bd_39ab_pcie_0_gt_top_i/diablo_gt.diablo_gt_phy_wrapper/gt_wizard.gtwizard_top_i/bd_39ab_pcie_0_gt_i/inst/gen_gtwizard_gtye4_top.bd_39ab_pcie_0_gt_gtwizard_gtye4_inst/gen_gtwizard_gtye4.gen_channel_container[27].gen_enabled_channel.gtye4_channel_wrapper_inst/channel_inst/GTYE4_CHANNEL_TXOUTCLK[1]                                                        |             2.0 |
| GTYE4_CHANNEL_TXOUTCLK[2]_4                                                                                                                                                                                                                                                                                                                                                                                              | level0_i/blp/blp_i/ss_hif/inst/pcie/inst/bd_39ab_pcie_0_gt_top_i/diablo_gt.diablo_gt_phy_wrapper/gt_wizard.gtwizard_top_i/bd_39ab_pcie_0_gt_i/inst/gen_gtwizard_gtye4_top.bd_39ab_pcie_0_gt_gtwizard_gtye4_inst/gen_gtwizard_gtye4.gen_channel_container[24].gen_enabled_channel.gtye4_channel_wrapper_inst/channel_inst/GTYE4_CHANNEL_TXOUTCLK[2]                                                        |             2.0 |
| GTYE4_CHANNEL_TXOUTCLK[2]_5                                                                                                                                                                                                                                                                                                                                                                                              | level0_i/blp/blp_i/ss_hif/inst/pcie/inst/bd_39ab_pcie_0_gt_top_i/diablo_gt.diablo_gt_phy_wrapper/gt_wizard.gtwizard_top_i/bd_39ab_pcie_0_gt_i/inst/gen_gtwizard_gtye4_top.bd_39ab_pcie_0_gt_gtwizard_gtye4_inst/gen_gtwizard_gtye4.gen_channel_container[25].gen_enabled_channel.gtye4_channel_wrapper_inst/channel_inst/GTYE4_CHANNEL_TXOUTCLK[2]                                                        |             2.0 |
| GTYE4_CHANNEL_TXOUTCLK[2]_6                                                                                                                                                                                                                                                                                                                                                                                              | level0_i/blp/blp_i/ss_hif/inst/pcie/inst/bd_39ab_pcie_0_gt_top_i/diablo_gt.diablo_gt_phy_wrapper/gt_wizard.gtwizard_top_i/bd_39ab_pcie_0_gt_i/inst/gen_gtwizard_gtye4_top.bd_39ab_pcie_0_gt_gtwizard_gtye4_inst/gen_gtwizard_gtye4.gen_channel_container[26].gen_enabled_channel.gtye4_channel_wrapper_inst/channel_inst/GTYE4_CHANNEL_TXOUTCLK[2]                                                        |             2.0 |
| GTYE4_CHANNEL_TXOUTCLK[2]_7                                                                                                                                                                                                                                                                                                                                                                                              | level0_i/blp/blp_i/ss_hif/inst/pcie/inst/bd_39ab_pcie_0_gt_top_i/diablo_gt.diablo_gt_phy_wrapper/gt_wizard.gtwizard_top_i/bd_39ab_pcie_0_gt_i/inst/gen_gtwizard_gtye4_top.bd_39ab_pcie_0_gt_gtwizard_gtye4_inst/gen_gtwizard_gtye4.gen_channel_container[27].gen_enabled_channel.gtye4_channel_wrapper_inst/channel_inst/GTYE4_CHANNEL_TXOUTCLK[2]                                                        |             2.0 |
| GTYE4_CHANNEL_TXOUTCLK[3]_4                                                                                                                                                                                                                                                                                                                                                                                              | level0_i/blp/blp_i/ss_hif/inst/pcie/inst/bd_39ab_pcie_0_gt_top_i/diablo_gt.diablo_gt_phy_wrapper/gt_wizard.gtwizard_top_i/bd_39ab_pcie_0_gt_i/inst/gen_gtwizard_gtye4_top.bd_39ab_pcie_0_gt_gtwizard_gtye4_inst/gen_gtwizard_gtye4.gen_channel_container[24].gen_enabled_channel.gtye4_channel_wrapper_inst/channel_inst/GTYE4_CHANNEL_TXOUTCLK[3]                                                        |             2.0 |
| GTYE4_CHANNEL_TXOUTCLK[3]_5                                                                                                                                                                                                                                                                                                                                                                                              | level0_i/blp/blp_i/ss_hif/inst/pcie/inst/bd_39ab_pcie_0_gt_top_i/diablo_gt.diablo_gt_phy_wrapper/gt_wizard.gtwizard_top_i/bd_39ab_pcie_0_gt_i/inst/gen_gtwizard_gtye4_top.bd_39ab_pcie_0_gt_gtwizard_gtye4_inst/gen_gtwizard_gtye4.gen_channel_container[25].gen_enabled_channel.gtye4_channel_wrapper_inst/channel_inst/GTYE4_CHANNEL_TXOUTCLK[3]                                                        |             2.0 |
| GTYE4_CHANNEL_TXOUTCLK[3]_6                                                                                                                                                                                                                                                                                                                                                                                              | level0_i/blp/blp_i/ss_hif/inst/pcie/inst/bd_39ab_pcie_0_gt_top_i/diablo_gt.diablo_gt_phy_wrapper/gt_wizard.gtwizard_top_i/bd_39ab_pcie_0_gt_i/inst/gen_gtwizard_gtye4_top.bd_39ab_pcie_0_gt_gtwizard_gtye4_inst/gen_gtwizard_gtye4.gen_channel_container[26].gen_enabled_channel.gtye4_channel_wrapper_inst/channel_inst/GTYE4_CHANNEL_TXOUTCLK[3]                                                        |             2.0 |
| GTYE4_CHANNEL_TXOUTCLK[3]_7                                                                                                                                                                                                                                                                                                                                                                                              | level0_i/blp/blp_i/ss_hif/inst/pcie/inst/bd_39ab_pcie_0_gt_top_i/diablo_gt.diablo_gt_phy_wrapper/gt_wizard.gtwizard_top_i/bd_39ab_pcie_0_gt_i/inst/gen_gtwizard_gtye4_top.bd_39ab_pcie_0_gt_gtwizard_gtye4_inst/gen_gtwizard_gtye4.gen_channel_container[27].gen_enabled_channel.gtye4_channel_wrapper_inst/channel_inst/GTYE4_CHANNEL_TXOUTCLK[3]                                                        |             2.0 |
| clk_kernel_00_unbuffered_net                                                                                                                                                                                                                                                                                                                                                                                             | level0_i/ulp/ulp_ucs/inst/aclk_kernel_00_hierarchy/clkwiz_aclk_kernel_00/inst/CLK_CORE_DRP_I/clk_inst/clk_out1                                                                                                                                                                                                                                                                                            |             3.3 |
| clk_kernel_01_unbuffered_net                                                                                                                                                                                                                                                                                                                                                                                             | level0_i/ulp/ulp_ucs/inst/aclk_kernel_01_hierarchy/clkwiz_aclk_kernel_01/inst/CLK_CORE_DRP_I/clk_inst/clk_out1                                                                                                                                                                                                                                                                                            |             2.0 |
| clk_out1_bd_39ab_clkwiz_level0_periph_0_1                                                                                                                                                                                                                                                                                                                                                                                | level0_i/blp/blp_i/ss_hif/inst/clkwiz_level0_periph/inst/clk_out1_bd_39ab_clkwiz_level0_periph_0                                                                                                                                                                                                                                                                                                          |            10.0 |
| clk_out2_bd_39ab_clkwiz_level0_periph_0_1                                                                                                                                                                                                                                                                                                                                                                                | level0_i/blp/blp_i/ss_hif/inst/clkwiz_level0_periph/inst/clk_out2_bd_39ab_clkwiz_level0_periph_0                                                                                                                                                                                                                                                                                                          |            20.0 |
| dma_ip_axi_aclk_1                                                                                                                                                                                                                                                                                                                                                                                                        | level0_i/blp/blp_i/ss_hif/inst/pcie/inst/bd_39ab_pcie_0_gt_top_i/diablo_gt.diablo_gt_phy_wrapper/phy_clk_i/CLK_USERCLK                                                                                                                                                                                                                                                                                    |             4.0 |
| hbm_aclk                                                                                                                                                                                                                                                                                                                                                                                                                 | level0_i/ulp/ulp_ucs/inst/aclk_hbm_hierarchy/clkwiz_hbm/inst/CLK_CORE_DRP_I/clk_inst/clk_out1_bd_22c0_clkwiz_hbm_0                                                                                                                                                                                                                                                                                        |             2.2 |
| io_clk_freerun_00                                                                                                                                                                                                                                                                                                                                                                                                        | io_clk_freerun_00_clk_p                                                                                                                                                                                                                                                                                                                                                                                   |            10.0 |
| io_clk_pcie_user_00                                                                                                                                                                                                                                                                                                                                                                                                      | io_clk_pcie_00_clk_p                                                                                                                                                                                                                                                                                                                                                                                      |            10.0 |
| level0_i/blp/blp_i/ss_cmp/inst/jtag_fallback/inst/bs_switch/inst/BSCAN_SWITCH.N_EXT_BSCAN.bscan_inst/SERIES7_BSCAN.bscan_inst/INTERNAL_TCK                                                                                                                                                                                                                                                                               | level0_i/blp/blp_i/ss_cmp/inst/jtag_fallback/inst/bs_switch/inst/BSCAN_SWITCH.N_EXT_BSCAN.bscan_inst/BSCAN_SWITCH.N_EXT_BSCAN.tck_bs                                                                                                                                                                                                                                                                      |            50.0 |
| level0_i/blp/blp_i/ss_cmp/inst/mdm_board_control/U0/No_Dbg_Reg_Access.BUFG_DRCK/Using_FPGA.Native/O                                                                                                                                                                                                                                                                                                                      | level0_i/blp/blp_i/ss_cmp/inst/mdm_board_control/U0/No_Dbg_Reg_Access.BUFG_DRCK/Dbg_Clk_0                                                                                                                                                                                                                                                                                                                 |           160.0 |
| level0_i/blp/blp_i/ss_cmp/inst/mdm_board_control/U0/Use_External.Use_BSCANID.No_Dbg_Reg_Access.BUFG_UPDATE/Using_FPGA.Native/O                                                                                                                                                                                                                                                                                           | level0_i/blp/blp_i/ss_cmp/inst/mdm_board_control/U0/Use_External.Use_BSCANID.No_Dbg_Reg_Access.BUFG_UPDATE/Dbg_Update_0                                                                                                                                                                                                                                                                                   |           100.0 |
| level0_i/blp/blp_i/ss_cmp/inst/mgmt_debug_bridge/inst/axi_jtag/inst/u_jtag_proc/tck_i_reg/Q                                                                                                                                                                                                                                                                                                                              | level0_i/blp/blp_i/ss_cmp/inst/mgmt_debug_bridge/inst/axi_jtag/inst/u_jtag_proc/tck                                                                                                                                                                                                                                                                                                                       |           160.0 |
| level0_i/blp/blp_i/ss_cmp/inst/mgmt_debug_bridge/inst/bsip/inst/USE_SOFTBSCAN.U_BSCAN_TAP/U_BASETAP/U_TAP/UPDATEDR_O_reg/Q                                                                                                                                                                                                                                                                                               | level0_i/blp/blp_i/ss_cmp/inst/mgmt_debug_bridge/inst/bsip/inst/USE_SOFTBSCAN.U_BSCAN_TAP/U_BASETAP/U_TAP/UPDATEDR_O                                                                                                                                                                                                                                                                                      |           160.0 |
| level0_i/blp/blp_i/ss_hif/inst/pcie/inst/bd_39ab_pcie_0_gt_top_i/diablo_gt.diablo_gt_phy_wrapper/gt_wizard.gtwizard_top_i/bd_39ab_pcie_0_gt_i/inst/gen_gtwizard_gtye4_top.bd_39ab_pcie_0_gt_gtwizard_gtye4_inst/gen_gtwizard_gtye4.gen_cpll_cal_gtye4.gen_cpll_cal_inst[0].gen_inst_cpll_cal.gtwizard_ultrascale_v1_7_12_gtye4_cpll_cal_inst/gtwizard_ultrascale_v1_7_12_gtye4_cpll_cal_tx_i/bufg_gt_txoutclkmon_inst/O  | level0_i/blp/blp_i/ss_hif/inst/pcie/inst/bd_39ab_pcie_0_gt_top_i/diablo_gt.diablo_gt_phy_wrapper/gt_wizard.gtwizard_top_i/bd_39ab_pcie_0_gt_i/inst/gen_gtwizard_gtye4_top.bd_39ab_pcie_0_gt_gtwizard_gtye4_inst/gen_gtwizard_gtye4.gen_cpll_cal_gtye4.gen_cpll_cal_inst[0].gen_inst_cpll_cal.gtwizard_ultrascale_v1_7_12_gtye4_cpll_cal_inst/gtwizard_ultrascale_v1_7_12_gtye4_cpll_cal_tx_i/txoutclkmon  |             8.0 |
| level0_i/blp/blp_i/ss_hif/inst/pcie/inst/bd_39ab_pcie_0_gt_top_i/diablo_gt.diablo_gt_phy_wrapper/gt_wizard.gtwizard_top_i/bd_39ab_pcie_0_gt_i/inst/gen_gtwizard_gtye4_top.bd_39ab_pcie_0_gt_gtwizard_gtye4_inst/gen_gtwizard_gtye4.gen_cpll_cal_gtye4.gen_cpll_cal_inst[10].gen_inst_cpll_cal.gtwizard_ultrascale_v1_7_12_gtye4_cpll_cal_inst/gtwizard_ultrascale_v1_7_12_gtye4_cpll_cal_tx_i/bufg_gt_txoutclkmon_inst/O | level0_i/blp/blp_i/ss_hif/inst/pcie/inst/bd_39ab_pcie_0_gt_top_i/diablo_gt.diablo_gt_phy_wrapper/gt_wizard.gtwizard_top_i/bd_39ab_pcie_0_gt_i/inst/gen_gtwizard_gtye4_top.bd_39ab_pcie_0_gt_gtwizard_gtye4_inst/gen_gtwizard_gtye4.gen_cpll_cal_gtye4.gen_cpll_cal_inst[10].gen_inst_cpll_cal.gtwizard_ultrascale_v1_7_12_gtye4_cpll_cal_inst/gtwizard_ultrascale_v1_7_12_gtye4_cpll_cal_tx_i/txoutclkmon |             8.0 |
| level0_i/blp/blp_i/ss_hif/inst/pcie/inst/bd_39ab_pcie_0_gt_top_i/diablo_gt.diablo_gt_phy_wrapper/gt_wizard.gtwizard_top_i/bd_39ab_pcie_0_gt_i/inst/gen_gtwizard_gtye4_top.bd_39ab_pcie_0_gt_gtwizard_gtye4_inst/gen_gtwizard_gtye4.gen_cpll_cal_gtye4.gen_cpll_cal_inst[11].gen_inst_cpll_cal.gtwizard_ultrascale_v1_7_12_gtye4_cpll_cal_inst/gtwizard_ultrascale_v1_7_12_gtye4_cpll_cal_tx_i/bufg_gt_txoutclkmon_inst/O | level0_i/blp/blp_i/ss_hif/inst/pcie/inst/bd_39ab_pcie_0_gt_top_i/diablo_gt.diablo_gt_phy_wrapper/gt_wizard.gtwizard_top_i/bd_39ab_pcie_0_gt_i/inst/gen_gtwizard_gtye4_top.bd_39ab_pcie_0_gt_gtwizard_gtye4_inst/gen_gtwizard_gtye4.gen_cpll_cal_gtye4.gen_cpll_cal_inst[11].gen_inst_cpll_cal.gtwizard_ultrascale_v1_7_12_gtye4_cpll_cal_inst/gtwizard_ultrascale_v1_7_12_gtye4_cpll_cal_tx_i/txoutclkmon |             8.0 |
| level0_i/blp/blp_i/ss_hif/inst/pcie/inst/bd_39ab_pcie_0_gt_top_i/diablo_gt.diablo_gt_phy_wrapper/gt_wizard.gtwizard_top_i/bd_39ab_pcie_0_gt_i/inst/gen_gtwizard_gtye4_top.bd_39ab_pcie_0_gt_gtwizard_gtye4_inst/gen_gtwizard_gtye4.gen_cpll_cal_gtye4.gen_cpll_cal_inst[12].gen_inst_cpll_cal.gtwizard_ultrascale_v1_7_12_gtye4_cpll_cal_inst/gtwizard_ultrascale_v1_7_12_gtye4_cpll_cal_tx_i/bufg_gt_txoutclkmon_inst/O | level0_i/blp/blp_i/ss_hif/inst/pcie/inst/bd_39ab_pcie_0_gt_top_i/diablo_gt.diablo_gt_phy_wrapper/gt_wizard.gtwizard_top_i/bd_39ab_pcie_0_gt_i/inst/gen_gtwizard_gtye4_top.bd_39ab_pcie_0_gt_gtwizard_gtye4_inst/gen_gtwizard_gtye4.gen_cpll_cal_gtye4.gen_cpll_cal_inst[12].gen_inst_cpll_cal.gtwizard_ultrascale_v1_7_12_gtye4_cpll_cal_inst/gtwizard_ultrascale_v1_7_12_gtye4_cpll_cal_tx_i/txoutclkmon |             8.0 |
| level0_i/blp/blp_i/ss_hif/inst/pcie/inst/bd_39ab_pcie_0_gt_top_i/diablo_gt.diablo_gt_phy_wrapper/gt_wizard.gtwizard_top_i/bd_39ab_pcie_0_gt_i/inst/gen_gtwizard_gtye4_top.bd_39ab_pcie_0_gt_gtwizard_gtye4_inst/gen_gtwizard_gtye4.gen_cpll_cal_gtye4.gen_cpll_cal_inst[13].gen_inst_cpll_cal.gtwizard_ultrascale_v1_7_12_gtye4_cpll_cal_inst/gtwizard_ultrascale_v1_7_12_gtye4_cpll_cal_tx_i/bufg_gt_txoutclkmon_inst/O | level0_i/blp/blp_i/ss_hif/inst/pcie/inst/bd_39ab_pcie_0_gt_top_i/diablo_gt.diablo_gt_phy_wrapper/gt_wizard.gtwizard_top_i/bd_39ab_pcie_0_gt_i/inst/gen_gtwizard_gtye4_top.bd_39ab_pcie_0_gt_gtwizard_gtye4_inst/gen_gtwizard_gtye4.gen_cpll_cal_gtye4.gen_cpll_cal_inst[13].gen_inst_cpll_cal.gtwizard_ultrascale_v1_7_12_gtye4_cpll_cal_inst/gtwizard_ultrascale_v1_7_12_gtye4_cpll_cal_tx_i/txoutclkmon |             8.0 |
| level0_i/blp/blp_i/ss_hif/inst/pcie/inst/bd_39ab_pcie_0_gt_top_i/diablo_gt.diablo_gt_phy_wrapper/gt_wizard.gtwizard_top_i/bd_39ab_pcie_0_gt_i/inst/gen_gtwizard_gtye4_top.bd_39ab_pcie_0_gt_gtwizard_gtye4_inst/gen_gtwizard_gtye4.gen_cpll_cal_gtye4.gen_cpll_cal_inst[14].gen_inst_cpll_cal.gtwizard_ultrascale_v1_7_12_gtye4_cpll_cal_inst/gtwizard_ultrascale_v1_7_12_gtye4_cpll_cal_tx_i/bufg_gt_txoutclkmon_inst/O | level0_i/blp/blp_i/ss_hif/inst/pcie/inst/bd_39ab_pcie_0_gt_top_i/diablo_gt.diablo_gt_phy_wrapper/gt_wizard.gtwizard_top_i/bd_39ab_pcie_0_gt_i/inst/gen_gtwizard_gtye4_top.bd_39ab_pcie_0_gt_gtwizard_gtye4_inst/gen_gtwizard_gtye4.gen_cpll_cal_gtye4.gen_cpll_cal_inst[14].gen_inst_cpll_cal.gtwizard_ultrascale_v1_7_12_gtye4_cpll_cal_inst/gtwizard_ultrascale_v1_7_12_gtye4_cpll_cal_tx_i/txoutclkmon |             8.0 |
| level0_i/blp/blp_i/ss_hif/inst/pcie/inst/bd_39ab_pcie_0_gt_top_i/diablo_gt.diablo_gt_phy_wrapper/gt_wizard.gtwizard_top_i/bd_39ab_pcie_0_gt_i/inst/gen_gtwizard_gtye4_top.bd_39ab_pcie_0_gt_gtwizard_gtye4_inst/gen_gtwizard_gtye4.gen_cpll_cal_gtye4.gen_cpll_cal_inst[15].gen_inst_cpll_cal.gtwizard_ultrascale_v1_7_12_gtye4_cpll_cal_inst/gtwizard_ultrascale_v1_7_12_gtye4_cpll_cal_tx_i/bufg_gt_txoutclkmon_inst/O | level0_i/blp/blp_i/ss_hif/inst/pcie/inst/bd_39ab_pcie_0_gt_top_i/diablo_gt.diablo_gt_phy_wrapper/gt_wizard.gtwizard_top_i/bd_39ab_pcie_0_gt_i/inst/gen_gtwizard_gtye4_top.bd_39ab_pcie_0_gt_gtwizard_gtye4_inst/gen_gtwizard_gtye4.gen_cpll_cal_gtye4.gen_cpll_cal_inst[15].gen_inst_cpll_cal.gtwizard_ultrascale_v1_7_12_gtye4_cpll_cal_inst/gtwizard_ultrascale_v1_7_12_gtye4_cpll_cal_tx_i/txoutclkmon |             8.0 |
| level0_i/blp/blp_i/ss_hif/inst/pcie/inst/bd_39ab_pcie_0_gt_top_i/diablo_gt.diablo_gt_phy_wrapper/gt_wizard.gtwizard_top_i/bd_39ab_pcie_0_gt_i/inst/gen_gtwizard_gtye4_top.bd_39ab_pcie_0_gt_gtwizard_gtye4_inst/gen_gtwizard_gtye4.gen_cpll_cal_gtye4.gen_cpll_cal_inst[1].gen_inst_cpll_cal.gtwizard_ultrascale_v1_7_12_gtye4_cpll_cal_inst/gtwizard_ultrascale_v1_7_12_gtye4_cpll_cal_tx_i/bufg_gt_txoutclkmon_inst/O  | level0_i/blp/blp_i/ss_hif/inst/pcie/inst/bd_39ab_pcie_0_gt_top_i/diablo_gt.diablo_gt_phy_wrapper/gt_wizard.gtwizard_top_i/bd_39ab_pcie_0_gt_i/inst/gen_gtwizard_gtye4_top.bd_39ab_pcie_0_gt_gtwizard_gtye4_inst/gen_gtwizard_gtye4.gen_cpll_cal_gtye4.gen_cpll_cal_inst[1].gen_inst_cpll_cal.gtwizard_ultrascale_v1_7_12_gtye4_cpll_cal_inst/gtwizard_ultrascale_v1_7_12_gtye4_cpll_cal_tx_i/txoutclkmon  |             8.0 |
| level0_i/blp/blp_i/ss_hif/inst/pcie/inst/bd_39ab_pcie_0_gt_top_i/diablo_gt.diablo_gt_phy_wrapper/gt_wizard.gtwizard_top_i/bd_39ab_pcie_0_gt_i/inst/gen_gtwizard_gtye4_top.bd_39ab_pcie_0_gt_gtwizard_gtye4_inst/gen_gtwizard_gtye4.gen_cpll_cal_gtye4.gen_cpll_cal_inst[2].gen_inst_cpll_cal.gtwizard_ultrascale_v1_7_12_gtye4_cpll_cal_inst/gtwizard_ultrascale_v1_7_12_gtye4_cpll_cal_tx_i/bufg_gt_txoutclkmon_inst/O  | level0_i/blp/blp_i/ss_hif/inst/pcie/inst/bd_39ab_pcie_0_gt_top_i/diablo_gt.diablo_gt_phy_wrapper/gt_wizard.gtwizard_top_i/bd_39ab_pcie_0_gt_i/inst/gen_gtwizard_gtye4_top.bd_39ab_pcie_0_gt_gtwizard_gtye4_inst/gen_gtwizard_gtye4.gen_cpll_cal_gtye4.gen_cpll_cal_inst[2].gen_inst_cpll_cal.gtwizard_ultrascale_v1_7_12_gtye4_cpll_cal_inst/gtwizard_ultrascale_v1_7_12_gtye4_cpll_cal_tx_i/txoutclkmon  |             8.0 |
| level0_i/blp/blp_i/ss_hif/inst/pcie/inst/bd_39ab_pcie_0_gt_top_i/diablo_gt.diablo_gt_phy_wrapper/gt_wizard.gtwizard_top_i/bd_39ab_pcie_0_gt_i/inst/gen_gtwizard_gtye4_top.bd_39ab_pcie_0_gt_gtwizard_gtye4_inst/gen_gtwizard_gtye4.gen_cpll_cal_gtye4.gen_cpll_cal_inst[3].gen_inst_cpll_cal.gtwizard_ultrascale_v1_7_12_gtye4_cpll_cal_inst/gtwizard_ultrascale_v1_7_12_gtye4_cpll_cal_tx_i/bufg_gt_txoutclkmon_inst/O  | level0_i/blp/blp_i/ss_hif/inst/pcie/inst/bd_39ab_pcie_0_gt_top_i/diablo_gt.diablo_gt_phy_wrapper/gt_wizard.gtwizard_top_i/bd_39ab_pcie_0_gt_i/inst/gen_gtwizard_gtye4_top.bd_39ab_pcie_0_gt_gtwizard_gtye4_inst/gen_gtwizard_gtye4.gen_cpll_cal_gtye4.gen_cpll_cal_inst[3].gen_inst_cpll_cal.gtwizard_ultrascale_v1_7_12_gtye4_cpll_cal_inst/gtwizard_ultrascale_v1_7_12_gtye4_cpll_cal_tx_i/txoutclkmon  |             8.0 |
| level0_i/blp/blp_i/ss_hif/inst/pcie/inst/bd_39ab_pcie_0_gt_top_i/diablo_gt.diablo_gt_phy_wrapper/gt_wizard.gtwizard_top_i/bd_39ab_pcie_0_gt_i/inst/gen_gtwizard_gtye4_top.bd_39ab_pcie_0_gt_gtwizard_gtye4_inst/gen_gtwizard_gtye4.gen_cpll_cal_gtye4.gen_cpll_cal_inst[4].gen_inst_cpll_cal.gtwizard_ultrascale_v1_7_12_gtye4_cpll_cal_inst/gtwizard_ultrascale_v1_7_12_gtye4_cpll_cal_tx_i/bufg_gt_txoutclkmon_inst/O  | level0_i/blp/blp_i/ss_hif/inst/pcie/inst/bd_39ab_pcie_0_gt_top_i/diablo_gt.diablo_gt_phy_wrapper/gt_wizard.gtwizard_top_i/bd_39ab_pcie_0_gt_i/inst/gen_gtwizard_gtye4_top.bd_39ab_pcie_0_gt_gtwizard_gtye4_inst/gen_gtwizard_gtye4.gen_cpll_cal_gtye4.gen_cpll_cal_inst[4].gen_inst_cpll_cal.gtwizard_ultrascale_v1_7_12_gtye4_cpll_cal_inst/gtwizard_ultrascale_v1_7_12_gtye4_cpll_cal_tx_i/txoutclkmon  |             8.0 |
| level0_i/blp/blp_i/ss_hif/inst/pcie/inst/bd_39ab_pcie_0_gt_top_i/diablo_gt.diablo_gt_phy_wrapper/gt_wizard.gtwizard_top_i/bd_39ab_pcie_0_gt_i/inst/gen_gtwizard_gtye4_top.bd_39ab_pcie_0_gt_gtwizard_gtye4_inst/gen_gtwizard_gtye4.gen_cpll_cal_gtye4.gen_cpll_cal_inst[5].gen_inst_cpll_cal.gtwizard_ultrascale_v1_7_12_gtye4_cpll_cal_inst/gtwizard_ultrascale_v1_7_12_gtye4_cpll_cal_tx_i/bufg_gt_txoutclkmon_inst/O  | level0_i/blp/blp_i/ss_hif/inst/pcie/inst/bd_39ab_pcie_0_gt_top_i/diablo_gt.diablo_gt_phy_wrapper/gt_wizard.gtwizard_top_i/bd_39ab_pcie_0_gt_i/inst/gen_gtwizard_gtye4_top.bd_39ab_pcie_0_gt_gtwizard_gtye4_inst/gen_gtwizard_gtye4.gen_cpll_cal_gtye4.gen_cpll_cal_inst[5].gen_inst_cpll_cal.gtwizard_ultrascale_v1_7_12_gtye4_cpll_cal_inst/gtwizard_ultrascale_v1_7_12_gtye4_cpll_cal_tx_i/txoutclkmon  |             8.0 |
| level0_i/blp/blp_i/ss_hif/inst/pcie/inst/bd_39ab_pcie_0_gt_top_i/diablo_gt.diablo_gt_phy_wrapper/gt_wizard.gtwizard_top_i/bd_39ab_pcie_0_gt_i/inst/gen_gtwizard_gtye4_top.bd_39ab_pcie_0_gt_gtwizard_gtye4_inst/gen_gtwizard_gtye4.gen_cpll_cal_gtye4.gen_cpll_cal_inst[6].gen_inst_cpll_cal.gtwizard_ultrascale_v1_7_12_gtye4_cpll_cal_inst/gtwizard_ultrascale_v1_7_12_gtye4_cpll_cal_tx_i/bufg_gt_txoutclkmon_inst/O  | level0_i/blp/blp_i/ss_hif/inst/pcie/inst/bd_39ab_pcie_0_gt_top_i/diablo_gt.diablo_gt_phy_wrapper/gt_wizard.gtwizard_top_i/bd_39ab_pcie_0_gt_i/inst/gen_gtwizard_gtye4_top.bd_39ab_pcie_0_gt_gtwizard_gtye4_inst/gen_gtwizard_gtye4.gen_cpll_cal_gtye4.gen_cpll_cal_inst[6].gen_inst_cpll_cal.gtwizard_ultrascale_v1_7_12_gtye4_cpll_cal_inst/gtwizard_ultrascale_v1_7_12_gtye4_cpll_cal_tx_i/txoutclkmon  |             8.0 |
| level0_i/blp/blp_i/ss_hif/inst/pcie/inst/bd_39ab_pcie_0_gt_top_i/diablo_gt.diablo_gt_phy_wrapper/gt_wizard.gtwizard_top_i/bd_39ab_pcie_0_gt_i/inst/gen_gtwizard_gtye4_top.bd_39ab_pcie_0_gt_gtwizard_gtye4_inst/gen_gtwizard_gtye4.gen_cpll_cal_gtye4.gen_cpll_cal_inst[7].gen_inst_cpll_cal.gtwizard_ultrascale_v1_7_12_gtye4_cpll_cal_inst/gtwizard_ultrascale_v1_7_12_gtye4_cpll_cal_tx_i/bufg_gt_txoutclkmon_inst/O  | level0_i/blp/blp_i/ss_hif/inst/pcie/inst/bd_39ab_pcie_0_gt_top_i/diablo_gt.diablo_gt_phy_wrapper/gt_wizard.gtwizard_top_i/bd_39ab_pcie_0_gt_i/inst/gen_gtwizard_gtye4_top.bd_39ab_pcie_0_gt_gtwizard_gtye4_inst/gen_gtwizard_gtye4.gen_cpll_cal_gtye4.gen_cpll_cal_inst[7].gen_inst_cpll_cal.gtwizard_ultrascale_v1_7_12_gtye4_cpll_cal_inst/gtwizard_ultrascale_v1_7_12_gtye4_cpll_cal_tx_i/txoutclkmon  |             8.0 |
| level0_i/blp/blp_i/ss_hif/inst/pcie/inst/bd_39ab_pcie_0_gt_top_i/diablo_gt.diablo_gt_phy_wrapper/gt_wizard.gtwizard_top_i/bd_39ab_pcie_0_gt_i/inst/gen_gtwizard_gtye4_top.bd_39ab_pcie_0_gt_gtwizard_gtye4_inst/gen_gtwizard_gtye4.gen_cpll_cal_gtye4.gen_cpll_cal_inst[8].gen_inst_cpll_cal.gtwizard_ultrascale_v1_7_12_gtye4_cpll_cal_inst/gtwizard_ultrascale_v1_7_12_gtye4_cpll_cal_tx_i/bufg_gt_txoutclkmon_inst/O  | level0_i/blp/blp_i/ss_hif/inst/pcie/inst/bd_39ab_pcie_0_gt_top_i/diablo_gt.diablo_gt_phy_wrapper/gt_wizard.gtwizard_top_i/bd_39ab_pcie_0_gt_i/inst/gen_gtwizard_gtye4_top.bd_39ab_pcie_0_gt_gtwizard_gtye4_inst/gen_gtwizard_gtye4.gen_cpll_cal_gtye4.gen_cpll_cal_inst[8].gen_inst_cpll_cal.gtwizard_ultrascale_v1_7_12_gtye4_cpll_cal_inst/gtwizard_ultrascale_v1_7_12_gtye4_cpll_cal_tx_i/txoutclkmon  |             8.0 |
| level0_i/blp/blp_i/ss_hif/inst/pcie/inst/bd_39ab_pcie_0_gt_top_i/diablo_gt.diablo_gt_phy_wrapper/gt_wizard.gtwizard_top_i/bd_39ab_pcie_0_gt_i/inst/gen_gtwizard_gtye4_top.bd_39ab_pcie_0_gt_gtwizard_gtye4_inst/gen_gtwizard_gtye4.gen_cpll_cal_gtye4.gen_cpll_cal_inst[9].gen_inst_cpll_cal.gtwizard_ultrascale_v1_7_12_gtye4_cpll_cal_inst/gtwizard_ultrascale_v1_7_12_gtye4_cpll_cal_tx_i/bufg_gt_txoutclkmon_inst/O  | level0_i/blp/blp_i/ss_hif/inst/pcie/inst/bd_39ab_pcie_0_gt_top_i/diablo_gt.diablo_gt_phy_wrapper/gt_wizard.gtwizard_top_i/bd_39ab_pcie_0_gt_i/inst/gen_gtwizard_gtye4_top.bd_39ab_pcie_0_gt_gtwizard_gtye4_inst/gen_gtwizard_gtye4.gen_cpll_cal_gtye4.gen_cpll_cal_inst[9].gen_inst_cpll_cal.gtwizard_ultrascale_v1_7_12_gtye4_cpll_cal_inst/gtwizard_ultrascale_v1_7_12_gtye4_cpll_cal_tx_i/txoutclkmon  |             8.0 |
| level0_i/blp/blp_i/ss_hif/inst/pcie/inst/bd_39ab_pcie_0_gt_top_i/diablo_gt.diablo_gt_phy_wrapper/phy_clk_i/bufg_gt_intclk/O                                                                                                                                                                                                                                                                                              | level0_i/blp/blp_i/ss_hif/inst/pcie/inst/bd_39ab_pcie_0_gt_top_i/diablo_gt.diablo_gt_phy_wrapper/phy_clk_i/CLK_INTCLK                                                                                                                                                                                                                                                                                     |          1000.0 |
| level0_i/ulp/ulp_cmp/inst/user_debug_bridge/inst/axi_jtag/inst/u_jtag_proc/tck_i_reg/Q                                                                                                                                                                                                                                                                                                                                   | level0_i/ulp/ulp_cmp/inst/user_debug_bridge/inst/axi_jtag/inst/u_jtag_proc/tck                                                                                                                                                                                                                                                                                                                            |           160.0 |
| level0_i/ulp/ulp_cmp/inst/user_debug_bridge/inst/bsip/inst/USE_SOFTBSCAN.U_BSCAN_TAP/U_BASETAP/U_TAP/UPDATEDR_O_reg/Q                                                                                                                                                                                                                                                                                                    | level0_i/ulp/ulp_cmp/inst/user_debug_bridge/inst/bsip/inst/USE_SOFTBSCAN.U_BSCAN_TAP/U_BASETAP/U_TAP/UPDATEDR_O                                                                                                                                                                                                                                                                                           |           160.0 |
| mcap_clk_1                                                                                                                                                                                                                                                                                                                                                                                                               | level0_i/blp/blp_i/ss_hif/inst/pcie/inst/bd_39ab_pcie_0_gt_top_i/diablo_gt.diablo_gt_phy_wrapper/phy_clk_i/mcap_clk                                                                                                                                                                                                                                                                                       |             8.0 |
| pipe_clk_1                                                                                                                                                                                                                                                                                                                                                                                                               | level0_i/blp/blp_i/ss_hif/inst/pcie/inst/bd_39ab_pcie_0_gt_top_i/diablo_gt.diablo_gt_phy_wrapper/phy_clk_i/CLK_PCLK2_GT                                                                                                                                                                                                                                                                                   |             4.0 |
+--------------------------------------------------------------------------------------------------------------------------------------------------------------------------------------------------------------------------------------------------------------------------------------------------------------------------------------------------------------------------------------------------------------------------+-----------------------------------------------------------------------------------------------------------------------------------------------------------------------------------------------------------------------------------------------------------------------------------------------------------------------------------------------------------------------------------------------------------+-----------------+


3. Detailed Reports
-------------------

3.1 By Hierarchy
----------------

+--------------------+-----------+
| Name               | Power (W) |
+--------------------+-----------+
| level0_wrapper     |    10.459 |
|   level0_i         |    10.458 |
|     blp            |     8.447 |
|       blp_i        |     8.447 |
|     ii_level0_pipe |     0.077 |
|       inst         |     0.077 |
|     ulp            |     1.934 |
|       SLR0         |     0.019 |
|       SLR1         |     0.005 |
|       axi_regslice |     0.102 |
|       gemm_1       |     0.116 |
|       hmss_0       |     1.624 |
|       ulp_cmp      |     0.002 |
|       ulp_ucs      |     0.064 |
+--------------------+-----------+


397 Infos, 319 Warnings, 1 Critical Warnings and 0 Errors encountered.
report_power completed successfully
report_power: Time (s): cpu = 00:01:26 ; elapsed = 00:00:31 . Memory (MB): peak = 11062.703 ; gain = 43.125 ; free physical = 152825 ; free virtual = 456319
INFO: [Timing 38-480] Writing timing data to binary archive.
Write ShapeDB Complete: Time (s): cpu = 00:00:01 ; elapsed = 00:00:00.22 . Memory (MB): peak = 11062.703 ; gain = 0.000 ; free physical = 152797 ; free virtual = 456319
Wrote PlaceDB: Time (s): cpu = 00:00:28 ; elapsed = 00:00:08 . Memory (MB): peak = 11062.703 ; gain = 0.000 ; free physical = 152482 ; free virtual = 456283
Wrote PulsedLatchDB: Time (s): cpu = 00:00:00 ; elapsed = 00:00:00 . Memory (MB): peak = 11062.703 ; gain = 0.000 ; free physical = 152482 ; free virtual = 456288
Writing XDEF routing.
Writing XDEF routing logical nets.
Writing XDEF routing special nets.
Wrote RouteStorage: Time (s): cpu = 00:00:08 ; elapsed = 00:00:02 . Memory (MB): peak = 11062.703 ; gain = 0.000 ; free physical = 152407 ; free virtual = 456287
Wrote Netlist Cache: Time (s): cpu = 00:00:00.44 ; elapsed = 00:00:00.23 . Memory (MB): peak = 11062.703 ; gain = 0.000 ; free physical = 152384 ; free virtual = 456289
Wrote Device Cache: Time (s): cpu = 00:00:00.03 ; elapsed = 00:00:00.02 . Memory (MB): peak = 11062.703 ; gain = 0.000 ; free physical = 152380 ; free virtual = 456287
Write Physdb Complete: Time (s): cpu = 00:00:41 ; elapsed = 00:00:13 . Memory (MB): peak = 11062.703 ; gain = 0.000 ; free physical = 152380 ; free virtual = 456288
INFO: [Common 17-1381] The checkpoint '/home/cs2401.03/mini1-gemm/build/hw/_x/link/vivado/vpl/prj/prj.runs/impl_1/level0_wrapper_routed.dcp' has been generated.
write_checkpoint: Time (s): cpu = 00:01:00 ; elapsed = 00:00:34 . Memory (MB): peak = 11062.703 ; gain = 0.000 ; free physical = 152647 ; free virtual = 456263
source /home/cs2401.03/mini1-gemm/build/hw/_x/link/vivado/vpl/scripts/impl_1/_full_write_bitstream_pre.tcl
Starting auto-frequency scaling ...
kernel clock 'ulp_ucs/aclk_kernel_00':
   clock pin path     : level0_i/ulp/ulp_ucs/aclk_kernel_00
   original frequency : 300.0 MHz
kernel clock 'ulp_ucs/aclk_kernel_01':
   clock pin path     : level0_i/ulp/ulp_ucs/aclk_kernel_01
   original frequency : 500.0 MHz

system clock 'hbm_aclk':
   clock pin path     : level0_i/ulp/ulp_ucs/inst/aclk_hbm_hierarchy/clkwiz_hbm/inst/CLK_CORE_DRP_I/clk_inst/mmcme4_adv_inst/CLKOUT0
   original frequency : 450.0 MHz

WARNING: [Vivado 12-1008] No clocks found for command 'get_clocks -of_objects [get_pins level0_i/ulp/ulp_ucs/aclk_kernel_01]'.
Resolution: Verify the create_clock command was called to create the clock object before it is referenced.
INFO: [Vivado 12-626] No clocks found. Please use 'create_clock' or 'create_generated_clock' command to create clocks.
INFO: Pin level0_i/ulp/ulp_ucs/aclk_kernel_01 has no clock
INFO: [OCL_UTIL] clock is 'hbm_aclk' for pin 'level0_i/ulp/ulp_ucs/inst/aclk_hbm_hierarchy/clkwiz_hbm/inst/CLK_CORE_DRP_I/clk_inst/mmcme4_adv_inst/CLKOUT0'
INFO: [OCL_UTIL] clock is 'clk_kernel_00_unbuffered_net' for pin 'level0_i/ulp/ulp_ucs/aclk_kernel_00'
Auto-frequency scaling completed
kernel clock 'ulp_ucs/aclk_kernel_01':
   original frequency : 500.0 MHz
   scaled frequency   : 500.0 MHz
WARNING: [Vivado 12-1008] No clocks found for command 'get_clocks -of_objects [get_pins level0_i/ulp/ulp_ucs/aclk_kernel_01]'.
Resolution: Verify the create_clock command was called to create the clock object before it is referenced.
INFO: [Vivado 12-626] No clocks found. Please use 'create_clock' or 'create_generated_clock' command to create clocks.
kernel clock 'ulp_ucs/aclk_kernel_00':
   original frequency : 300.0 MHz
   scaled frequency   : 359.3 MHz
WARNING: The auto scaled frequency '359.3 MHz' exceeds the original specified frequency. The compiler will select the original specified frequency of '300.0' MHz.
WARNING: [Timing 38-436] There are set_bus_skew constraint(s) in this design. Please run report_bus_skew to ensure that bus skew requirements are met.
report_timing_summary: Time (s): cpu = 00:00:30 ; elapsed = 00:00:08 . Memory (MB): peak = 11062.703 ; gain = 0.000 ; free physical = 152646 ; free virtual = 456262
system clock 'hbm_aclk':
   original frequency : 450.0 MHz
   scaled frequency   : 480.0 MHz
WARNING: The auto scaled frequency '480.0 MHz' exceeds the original specified frequency. The compiler will select the original specified frequency of '450.0' MHz.
Command: write_bitstream -force -cell level0_i/ulp level0_i_ulp_my_rm_partial.bit
Attempting to get a license for feature 'Implementation' and/or device 'xcu50'
INFO: [Common 17-349] Got license for feature 'Implementation' and/or device 'xcu50'
Running DRC as a precondition to command write_bitstream
INFO: [IP_Flow 19-1839] IP Catalog is up to date.
INFO: [DRC 23-27] Running DRC with 8 threads
INFO: [Vivado 12-3199] DRC finished with 0 Errors
INFO: [Vivado 12-3200] Please refer to the DRC report (report_drc) for more information.
Partition "pblock_dynamic_region" Reconfigurable Module "level0_i/ulp"
INFO: [Vivado 12-4077] No full design bitstream will be created with the use of the -cell option.
Process Partition "pblock_dynamic_region"
INFO: [Designutils 20-2272] Running write_bitstream with 8 threads.
Loading data files...
Loading site data...
Loading route data...
Processing options...
Creating bitmap...
Creating bitstream...
Partial bitstream contains 248188128 bits.
Writing bitstream ./level0_i_ulp_my_rm_partial.bit...
INFO: [Vivado 12-1842] Bitgen Completed Successfully.
INFO: [Common 17-83] Releasing license: Implementation
410 Infos, 322 Warnings, 1 Critical Warnings and 0 Errors encountered.
write_bitstream completed successfully
write_bitstream: Time (s): cpu = 00:14:39 ; elapsed = 00:05:28 . Memory (MB): peak = 12928.703 ; gain = 1866.000 ; free physical = 150746 ; free virtual = 454396
source /home/cs2401.03/mini1-gemm/build/hw/_x/link/vivado/vpl/scripts/impl_1/_full_write_bitstream_post.tcl
INFO: [Common 17-206] Exiting Vivado at Thu Oct  1 03:56:07 2026...
