
*** Running vivado
    with args -log ulp.vds -m64 -product Vivado -mode batch -messageDb vivado.pb -notrace -source ulp.tcl


****** Vivado v2025.1 (64-bit)
  **** SW Build 6140274 on Wed May 21 22:58:25 MDT 2025
  **** IP Build 6138677 on Thu May 22 03:10:11 MDT 2025
  **** SharedData Build 6139179 on Tue May 20 17:58:58 MDT 2025
  **** Start of session at: Thu Oct  1 03:16:45 2026
    ** Copyright 1986-2022 Xilinx, Inc. All Rights Reserved.
    ** Copyright 2022-2025 Advanced Micro Devices, Inc. All Rights Reserved.

source ulp.tcl -notrace
INFO: Dispatch client connection id - 41687
create_project: Time (s): cpu = 00:00:05 ; elapsed = 00:00:06 . Memory (MB): peak = 1768.008 ; gain = 14.891 ; free physical = 169994 ; free virtual = 473294
INFO: [IP_Flow 19-234] Refreshing IP repositories
INFO: [IP_Flow 19-1700] Loaded user IP repository '/home/cs2401.03/mini1-gemm/build/hw/_x/link/int/xo/ip_repo/xilinx_com_hls_gemm_1_0'.
INFO: [IP_Flow 19-1700] Loaded user IP repository '/home/cs2401.03/mini1-gemm/build/hw/_x/link/vivado/vpl/.local/hw_platform/iprepo'.
INFO: [IP_Flow 19-1700] Loaded user IP repository '/home/cs2401.03/mini1-gemm/build/hw/_x/link/vivado/vpl/.local/hw_platform/ipcache'.
INFO: [IP_Flow 19-1700] Loaded user IP repository '/home/Xilinx/2025.1/Vitis/data/vitis/ip'.
INFO: [IP_Flow 19-2313] Loaded Vivado IP repository '/home/Xilinx/2025.1/Vivado/data/ip'.
WARNING: [IP_Flow 19-1663] Duplicate IP found for 'xilinx.com:ip:clk_metadata_adapter:1.0'. The one found in IP location '/home/cs2401.03/mini1-gemm/build/hw/_x/link/vivado/vpl/.local/hw_platform/iprepo/ipdefs/other_ipdefs/clk_metadata_adapter_v1_0' will take precedence over the same IP in location /home/cs2401.03/mini1-gemm/build/hw/_x/link/vivado/vpl/.local/hw_platform/iprepo/ipdefs/ii_infra_ipdefs/clk_metadata_adapter_v1_0
WARNING: [IP_Flow 19-1663] Duplicate IP found for 'xilinx.com:ip:axi_clk_metadata_adapter:1.0'. The one found in IP location '/home/cs2401.03/mini1-gemm/build/hw/_x/link/vivado/vpl/.local/hw_platform/iprepo/ipdefs/other_ipdefs/axi_clk_metadata_adapter_v1_0' will take precedence over the same IP in location /home/cs2401.03/mini1-gemm/build/hw/_x/link/vivado/vpl/.local/hw_platform/iprepo/ipdefs/ii_infra_ipdefs/axi_clk_metadata_adapter_v1_0
WARNING: [IP_Flow 19-1663] Duplicate IP found for 'xilinx.com:ip:axis_clk_metadata_adapter:1.0'. The one found in IP location '/home/cs2401.03/mini1-gemm/build/hw/_x/link/vivado/vpl/.local/hw_platform/iprepo/ipdefs/other_ipdefs/axis_clk_metadata_adapter_v1_0' will take precedence over the same IP in location /home/cs2401.03/mini1-gemm/build/hw/_x/link/vivado/vpl/.local/hw_platform/iprepo/ipdefs/ii_infra_ipdefs/axis_clk_metadata_adapter_v1_0
WARNING: [IP_Flow 19-1663] Duplicate IP found for 'xilinx.com:ip:pipeline_reg:1.0'. The one found in IP location '/home/cs2401.03/mini1-gemm/build/hw/_x/link/vivado/vpl/.local/hw_platform/iprepo/ipdefs/other_ipdefs/pipeline_reg_v1_0' will take precedence over the same IP in location /home/cs2401.03/mini1-gemm/build/hw/_x/link/vivado/vpl/.local/hw_platform/iprepo/ipdefs/ii_infra_ipdefs/pipeline_reg_v1_0
INFO: [Project 1-5698] Found the below utility IPs instantiated in block design /home/cs2401.03/mini1-gemm/build/hw/_x/link/vivado/vpl/prj/prj.srcs/my_rm/bd/ulp/ulp.bd which have equivalent inline hdl with improved performance and reduced diskspace.
It is recommended to migrate these utility IPs to inline hdl  using the command upgrade_project -migrate_to_inline_hdl.  The utility IPs may be deprecated in future releases.
More information on inline hdl is available in UG994.
Utility IP Component Instances:
 ulp_satellite_gpio_slice_1_0
ulp_ii_level0_wire_ulp_s_irq_cu_00_1_interrupt_concat_0
ulp_ii_level0_wire_ulp_s_irq_cu_00_1_interrupt_concat_0_0
ulp_ii_level0_wire_ulp_s_irq_cu_00_1_interrupt_concat_1_0
ulp_ii_level0_wire_ulp_s_irq_cu_00_1_interrupt_concat_2_0
ulp_ii_level0_wire_ulp_s_irq_cu_00_1_interrupt_concat_3_0
ulp_irq_const_tieoff_0
Command: synth_design -top ulp -part xcu50-fsvh2104-2-e -incremental_mode off -mode out_of_context
Starting synth_design
Attempting to get a license for feature 'Synthesis' and/or device 'xcu50'
INFO: [Common 17-349] Got license for feature 'Synthesis' and/or device 'xcu50'
INFO: [Device 21-403] Loading part xcu50-fsvh2104-2-e
INFO: [Synth 8-7079] Multithreading enabled for synth_design using a maximum of 1 processes.
INFO: [Synth 8-7078] Launching helper process for spawning children vivado processes
INFO: [Synth 8-7075] Helper process launched with PID 2299934
---------------------------------------------------------------------------------
Starting RTL Elaboration : Time (s): cpu = 00:00:03 ; elapsed = 00:00:04 . Memory (MB): peak = 3591.188 ; gain = 267.773 ; free physical = 167997 ; free virtual = 471298
---------------------------------------------------------------------------------
INFO: [Synth 8-6157] synthesizing module 'ulp' [/home/cs2401.03/mini1-gemm/build/hw/_x/link/vivado/vpl/prj/prj.gen/my_rm/bd/ulp/synth/ulp.v:1871]
INFO: [Synth 8-6157] synthesizing module 'SLR0_imp_NYMDU0' [/home/cs2401.03/mini1-gemm/build/hw/_x/link/vivado/vpl/prj/prj.gen/my_rm/bd/ulp/synth/ulp.v:13]
INFO: [Synth 8-6157] synthesizing module 'ulp_axi_gpio_null_0' [/home/cs2401.03/mini1-gemm/build/hw/_x/link/vivado/vpl/prj/prj.runs/my_rm_synth_1/.Xil/Vivado-2299819-node06.local/realtime/ulp_axi_gpio_null_0_stub.v:6]
INFO: [Synth 8-6155] done synthesizing module 'ulp_axi_gpio_null_0' (0#1) [/home/cs2401.03/mini1-gemm/build/hw/_x/link/vivado/vpl/prj/prj.runs/my_rm_synth_1/.Xil/Vivado-2299819-node06.local/realtime/ulp_axi_gpio_null_0_stub.v:6]
WARNING: [Synth 8-7071] port 'gpio_io_o' of module 'ulp_axi_gpio_null_0' is unconnected for instance 'axi_gpio_null' [/home/cs2401.03/mini1-gemm/build/hw/_x/link/vivado/vpl/prj/prj.gen/my_rm/bd/ulp/synth/ulp.v:201]
WARNING: [Synth 8-7071] port 'gpio_io_t' of module 'ulp_axi_gpio_null_0' is unconnected for instance 'axi_gpio_null' [/home/cs2401.03/mini1-gemm/build/hw/_x/link/vivado/vpl/prj/prj.gen/my_rm/bd/ulp/synth/ulp.v:201]
WARNING: [Synth 8-7023] instance 'axi_gpio_null' of module 'ulp_axi_gpio_null_0' has 22 connections declared, but only 20 given [/home/cs2401.03/mini1-gemm/build/hw/_x/link/vivado/vpl/prj/prj.gen/my_rm/bd/ulp/synth/ulp.v:201]
INFO: [Synth 8-6157] synthesizing module 'ulp_axi_vip_ctrl_userpf_0' [/home/cs2401.03/mini1-gemm/build/hw/_x/link/vivado/vpl/prj/prj.runs/my_rm_synth_1/.Xil/Vivado-2299819-node06.local/realtime/ulp_axi_vip_ctrl_userpf_0_stub.v:6]
INFO: [Synth 8-6155] done synthesizing module 'ulp_axi_vip_ctrl_userpf_0' (0#1) [/home/cs2401.03/mini1-gemm/build/hw/_x/link/vivado/vpl/prj/prj.runs/my_rm_synth_1/.Xil/Vivado-2299819-node06.local/realtime/ulp_axi_vip_ctrl_userpf_0_stub.v:6]
INFO: [Synth 8-6157] synthesizing module 'ulp_interconnect_axilite_user_0' [/home/cs2401.03/mini1-gemm/build/hw/_x/link/vivado/vpl/prj/prj.gen/my_rm/bd/ulp/synth/ulp.v:4409]
INFO: [Synth 8-6157] synthesizing module 'm00_couplers_imp_G77R79' [/home/cs2401.03/mini1-gemm/build/hw/_x/link/vivado/vpl/prj/prj.gen/my_rm/bd/ulp/synth/ulp.v:781]
INFO: [Synth 8-6157] synthesizing module 'ulp_interconnect_axilite_user_imp_auto_cc_0' [/home/cs2401.03/mini1-gemm/build/hw/_x/link/vivado/vpl/prj/prj.runs/my_rm_synth_1/.Xil/Vivado-2299819-node06.local/realtime/ulp_interconnect_axilite_user_imp_auto_cc_0_stub.v:6]
INFO: [Synth 8-6155] done synthesizing module 'ulp_interconnect_axilite_user_imp_auto_cc_0' (0#1) [/home/cs2401.03/mini1-gemm/build/hw/_x/link/vivado/vpl/prj/prj.runs/my_rm_synth_1/.Xil/Vivado-2299819-node06.local/realtime/ulp_interconnect_axilite_user_imp_auto_cc_0_stub.v:6]
INFO: [Synth 8-6157] synthesizing module 'ulp_interconnect_axilite_user_imp_m00_regslice_0' [/home/cs2401.03/mini1-gemm/build/hw/_x/link/vivado/vpl/prj/prj.runs/my_rm_synth_1/.Xil/Vivado-2299819-node06.local/realtime/ulp_interconnect_axilite_user_imp_m00_regslice_0_stub.v:6]
INFO: [Synth 8-6155] done synthesizing module 'ulp_interconnect_axilite_user_imp_m00_regslice_0' (0#1) [/home/cs2401.03/mini1-gemm/build/hw/_x/link/vivado/vpl/prj/prj.runs/my_rm_synth_1/.Xil/Vivado-2299819-node06.local/realtime/ulp_interconnect_axilite_user_imp_m00_regslice_0_stub.v:6]
WARNING: [Synth 8-7071] port 'm_axi_awprot' of module 'ulp_interconnect_axilite_user_imp_m00_regslice_0' is unconnected for instance 'm00_regslice' [/home/cs2401.03/mini1-gemm/build/hw/_x/link/vivado/vpl/prj/prj.gen/my_rm/bd/ulp/synth/ulp.v:966]
WARNING: [Synth 8-7071] port 'm_axi_arprot' of module 'ulp_interconnect_axilite_user_imp_m00_regslice_0' is unconnected for instance 'm00_regslice' [/home/cs2401.03/mini1-gemm/build/hw/_x/link/vivado/vpl/prj/prj.gen/my_rm/bd/ulp/synth/ulp.v:966]
WARNING: [Synth 8-7023] instance 'm00_regslice' of module 'ulp_interconnect_axilite_user_imp_m00_regslice_0' has 40 connections declared, but only 38 given [/home/cs2401.03/mini1-gemm/build/hw/_x/link/vivado/vpl/prj/prj.gen/my_rm/bd/ulp/synth/ulp.v:966]
INFO: [Synth 8-6155] done synthesizing module 'm00_couplers_imp_G77R79' (0#1) [/home/cs2401.03/mini1-gemm/build/hw/_x/link/vivado/vpl/prj/prj.gen/my_rm/bd/ulp/synth/ulp.v:781]
INFO: [Synth 8-6157] synthesizing module 'm01_couplers_imp_1SCZP4G' [/home/cs2401.03/mini1-gemm/build/hw/_x/link/vivado/vpl/prj/prj.gen/my_rm/bd/ulp/synth/ulp.v:1007]
INFO: [Synth 8-6157] synthesizing module 'ulp_interconnect_axilite_user_imp_auto_cc_1' [/home/cs2401.03/mini1-gemm/build/hw/_x/link/vivado/vpl/prj/prj.runs/my_rm_synth_1/.Xil/Vivado-2299819-node06.local/realtime/ulp_interconnect_axilite_user_imp_auto_cc_1_stub.v:6]
INFO: [Synth 8-6155] done synthesizing module 'ulp_interconnect_axilite_user_imp_auto_cc_1' (0#1) [/home/cs2401.03/mini1-gemm/build/hw/_x/link/vivado/vpl/prj/prj.runs/my_rm_synth_1/.Xil/Vivado-2299819-node06.local/realtime/ulp_interconnect_axilite_user_imp_auto_cc_1_stub.v:6]
INFO: [Synth 8-6157] synthesizing module 'ulp_interconnect_axilite_user_imp_m01_regslice_0' [/home/cs2401.03/mini1-gemm/build/hw/_x/link/vivado/vpl/prj/prj.runs/my_rm_synth_1/.Xil/Vivado-2299819-node06.local/realtime/ulp_interconnect_axilite_user_imp_m01_regslice_0_stub.v:6]
INFO: [Synth 8-6155] done synthesizing module 'ulp_interconnect_axilite_user_imp_m01_regslice_0' (0#1) [/home/cs2401.03/mini1-gemm/build/hw/_x/link/vivado/vpl/prj/prj.runs/my_rm_synth_1/.Xil/Vivado-2299819-node06.local/realtime/ulp_interconnect_axilite_user_imp_m01_regslice_0_stub.v:6]
WARNING: [Synth 8-7071] port 'm_axi_awprot' of module 'ulp_interconnect_axilite_user_imp_m01_regslice_0' is unconnected for instance 'm01_regslice' [/home/cs2401.03/mini1-gemm/build/hw/_x/link/vivado/vpl/prj/prj.gen/my_rm/bd/ulp/synth/ulp.v:1192]
WARNING: [Synth 8-7071] port 'm_axi_arprot' of module 'ulp_interconnect_axilite_user_imp_m01_regslice_0' is unconnected for instance 'm01_regslice' [/home/cs2401.03/mini1-gemm/build/hw/_x/link/vivado/vpl/prj/prj.gen/my_rm/bd/ulp/synth/ulp.v:1192]
WARNING: [Synth 8-7023] instance 'm01_regslice' of module 'ulp_interconnect_axilite_user_imp_m01_regslice_0' has 40 connections declared, but only 38 given [/home/cs2401.03/mini1-gemm/build/hw/_x/link/vivado/vpl/prj/prj.gen/my_rm/bd/ulp/synth/ulp.v:1192]
INFO: [Synth 8-6155] done synthesizing module 'm01_couplers_imp_1SCZP4G' (0#1) [/home/cs2401.03/mini1-gemm/build/hw/_x/link/vivado/vpl/prj/prj.gen/my_rm/bd/ulp/synth/ulp.v:1007]
INFO: [Synth 8-6157] synthesizing module 's00_couplers_imp_14WTDU7' [/home/cs2401.03/mini1-gemm/build/hw/_x/link/vivado/vpl/prj/prj.gen/my_rm/bd/ulp/synth/ulp.v:1475]
INFO: [Synth 8-6157] synthesizing module 'ulp_interconnect_axilite_user_imp_s00_regslice_0' [/home/cs2401.03/mini1-gemm/build/hw/_x/link/vivado/vpl/prj/prj.runs/my_rm_synth_1/.Xil/Vivado-2299819-node06.local/realtime/ulp_interconnect_axilite_user_imp_s00_regslice_0_stub.v:6]
INFO: [Synth 8-6155] done synthesizing module 'ulp_interconnect_axilite_user_imp_s00_regslice_0' (0#1) [/home/cs2401.03/mini1-gemm/build/hw/_x/link/vivado/vpl/prj/prj.runs/my_rm_synth_1/.Xil/Vivado-2299819-node06.local/realtime/ulp_interconnect_axilite_user_imp_s00_regslice_0_stub.v:6]
INFO: [Synth 8-6155] done synthesizing module 's00_couplers_imp_14WTDU7' (0#1) [/home/cs2401.03/mini1-gemm/build/hw/_x/link/vivado/vpl/prj/prj.gen/my_rm/bd/ulp/synth/ulp.v:1475]
INFO: [Synth 8-6157] synthesizing module 'ulp_interconnect_axilite_user_upgraded_ipi_imp_xbar_0' [/home/cs2401.03/mini1-gemm/build/hw/_x/link/vivado/vpl/prj/prj.runs/my_rm_synth_1/.Xil/Vivado-2299819-node06.local/realtime/ulp_interconnect_axilite_user_upgraded_ipi_imp_xbar_0_stub.v:6]
INFO: [Synth 8-6155] done synthesizing module 'ulp_interconnect_axilite_user_upgraded_ipi_imp_xbar_0' (0#1) [/home/cs2401.03/mini1-gemm/build/hw/_x/link/vivado/vpl/prj/prj.runs/my_rm_synth_1/.Xil/Vivado-2299819-node06.local/realtime/ulp_interconnect_axilite_user_upgraded_ipi_imp_xbar_0_stub.v:6]
INFO: [Synth 8-6155] done synthesizing module 'ulp_interconnect_axilite_user_0' (0#1) [/home/cs2401.03/mini1-gemm/build/hw/_x/link/vivado/vpl/prj/prj.gen/my_rm/bd/ulp/synth/ulp.v:4409]
INFO: [Synth 8-6157] synthesizing module 'ulp_regslice_control_userpf_0' [/home/cs2401.03/mini1-gemm/build/hw/_x/link/vivado/vpl/prj/prj.runs/my_rm_synth_1/.Xil/Vivado-2299819-node06.local/realtime/ulp_regslice_control_userpf_0_stub.v:6]
INFO: [Synth 8-6155] done synthesizing module 'ulp_regslice_control_userpf_0' (0#1) [/home/cs2401.03/mini1-gemm/build/hw/_x/link/vivado/vpl/prj/prj.runs/my_rm_synth_1/.Xil/Vivado-2299819-node06.local/realtime/ulp_regslice_control_userpf_0_stub.v:6]
INFO: [Synth 8-6155] done synthesizing module 'SLR0_imp_NYMDU0' (0#1) [/home/cs2401.03/mini1-gemm/build/hw/_x/link/vivado/vpl/prj/prj.gen/my_rm/bd/ulp/synth/ulp.v:13]
INFO: [Synth 8-6157] synthesizing module 'SLR1_imp_1UA2LF1' [/home/cs2401.03/mini1-gemm/build/hw/_x/link/vivado/vpl/prj/prj.gen/my_rm/bd/ulp/synth/ulp.v:369]
INFO: [Synth 8-6157] synthesizing module 'ulp_axi_gpio_null_1' [/home/cs2401.03/mini1-gemm/build/hw/_x/link/vivado/vpl/prj/prj.runs/my_rm_synth_1/.Xil/Vivado-2299819-node06.local/realtime/ulp_axi_gpio_null_1_stub.v:6]
INFO: [Synth 8-6155] done synthesizing module 'ulp_axi_gpio_null_1' (0#1) [/home/cs2401.03/mini1-gemm/build/hw/_x/link/vivado/vpl/prj/prj.runs/my_rm_synth_1/.Xil/Vivado-2299819-node06.local/realtime/ulp_axi_gpio_null_1_stub.v:6]
WARNING: [Synth 8-7071] port 'gpio_io_o' of module 'ulp_axi_gpio_null_1' is unconnected for instance 'axi_gpio_null' [/home/cs2401.03/mini1-gemm/build/hw/_x/link/vivado/vpl/prj/prj.gen/my_rm/bd/ulp/synth/ulp.v:506]
WARNING: [Synth 8-7071] port 'gpio_io_t' of module 'ulp_axi_gpio_null_1' is unconnected for instance 'axi_gpio_null' [/home/cs2401.03/mini1-gemm/build/hw/_x/link/vivado/vpl/prj/prj.gen/my_rm/bd/ulp/synth/ulp.v:506]
WARNING: [Synth 8-7023] instance 'axi_gpio_null' of module 'ulp_axi_gpio_null_1' has 22 connections declared, but only 20 given [/home/cs2401.03/mini1-gemm/build/hw/_x/link/vivado/vpl/prj/prj.gen/my_rm/bd/ulp/synth/ulp.v:506]
INFO: [Synth 8-6157] synthesizing module 'ulp_axi_vip_ctrl_userpf_1' [/home/cs2401.03/mini1-gemm/build/hw/_x/link/vivado/vpl/prj/prj.runs/my_rm_synth_1/.Xil/Vivado-2299819-node06.local/realtime/ulp_axi_vip_ctrl_userpf_1_stub.v:6]
INFO: [Synth 8-6155] done synthesizing module 'ulp_axi_vip_ctrl_userpf_1' (0#1) [/home/cs2401.03/mini1-gemm/build/hw/_x/link/vivado/vpl/prj/prj.runs/my_rm_synth_1/.Xil/Vivado-2299819-node06.local/realtime/ulp_axi_vip_ctrl_userpf_1_stub.v:6]
INFO: [Synth 8-6157] synthesizing module 'ulp_interconnect_axilite_user_1' [/home/cs2401.03/mini1-gemm/build/hw/_x/link/vivado/vpl/prj/prj.gen/my_rm/bd/ulp/synth/ulp.v:4820]
INFO: [Synth 8-6157] synthesizing module 's00_couplers_imp_1MXEOQC' [/home/cs2401.03/mini1-gemm/build/hw/_x/link/vivado/vpl/prj/prj.gen/my_rm/bd/ulp/synth/ulp.v:1645]
INFO: [Synth 8-6157] synthesizing module 'ulp_interconnect_axilite_user_imp_auto_cc_2' [/home/cs2401.03/mini1-gemm/build/hw/_x/link/vivado/vpl/prj/prj.runs/my_rm_synth_1/.Xil/Vivado-2299819-node06.local/realtime/ulp_interconnect_axilite_user_imp_auto_cc_2_stub.v:6]
INFO: [Synth 8-6155] done synthesizing module 'ulp_interconnect_axilite_user_imp_auto_cc_2' (0#1) [/home/cs2401.03/mini1-gemm/build/hw/_x/link/vivado/vpl/prj/prj.runs/my_rm_synth_1/.Xil/Vivado-2299819-node06.local/realtime/ulp_interconnect_axilite_user_imp_auto_cc_2_stub.v:6]
WARNING: [Synth 8-7071] port 'm_axi_awprot' of module 'ulp_interconnect_axilite_user_imp_auto_cc_2' is unconnected for instance 'auto_cc' [/home/cs2401.03/mini1-gemm/build/hw/_x/link/vivado/vpl/prj/prj.gen/my_rm/bd/ulp/synth/ulp.v:1787]
WARNING: [Synth 8-7071] port 'm_axi_arprot' of module 'ulp_interconnect_axilite_user_imp_auto_cc_2' is unconnected for instance 'auto_cc' [/home/cs2401.03/mini1-gemm/build/hw/_x/link/vivado/vpl/prj/prj.gen/my_rm/bd/ulp/synth/ulp.v:1787]
WARNING: [Synth 8-7023] instance 'auto_cc' of module 'ulp_interconnect_axilite_user_imp_auto_cc_2' has 42 connections declared, but only 40 given [/home/cs2401.03/mini1-gemm/build/hw/_x/link/vivado/vpl/prj/prj.gen/my_rm/bd/ulp/synth/ulp.v:1787]
INFO: [Synth 8-6157] synthesizing module 'ulp_interconnect_axilite_user_imp_s00_regslice_1' [/home/cs2401.03/mini1-gemm/build/hw/_x/link/vivado/vpl/prj/prj.runs/my_rm_synth_1/.Xil/Vivado-2299819-node06.local/realtime/ulp_interconnect_axilite_user_imp_s00_regslice_1_stub.v:6]
INFO: [Synth 8-6155] done synthesizing module 'ulp_interconnect_axilite_user_imp_s00_regslice_1' (0#1) [/home/cs2401.03/mini1-gemm/build/hw/_x/link/vivado/vpl/prj/prj.runs/my_rm_synth_1/.Xil/Vivado-2299819-node06.local/realtime/ulp_interconnect_axilite_user_imp_s00_regslice_1_stub.v:6]
INFO: [Synth 8-6155] done synthesizing module 's00_couplers_imp_1MXEOQC' (0#1) [/home/cs2401.03/mini1-gemm/build/hw/_x/link/vivado/vpl/prj/prj.gen/my_rm/bd/ulp/synth/ulp.v:1645]
INFO: [Synth 8-6155] done synthesizing module 'ulp_interconnect_axilite_user_1' (0#1) [/home/cs2401.03/mini1-gemm/build/hw/_x/link/vivado/vpl/prj/prj.gen/my_rm/bd/ulp/synth/ulp.v:4820]
INFO: [Synth 8-6157] synthesizing module 'ulp_regslice_control_userpf_1' [/home/cs2401.03/mini1-gemm/build/hw/_x/link/vivado/vpl/prj/prj.runs/my_rm_synth_1/.Xil/Vivado-2299819-node06.local/realtime/ulp_regslice_control_userpf_1_stub.v:6]
INFO: [Synth 8-6155] done synthesizing module 'ulp_regslice_control_userpf_1' (0#1) [/home/cs2401.03/mini1-gemm/build/hw/_x/link/vivado/vpl/prj/prj.runs/my_rm_synth_1/.Xil/Vivado-2299819-node06.local/realtime/ulp_regslice_control_userpf_1_stub.v:6]
INFO: [Synth 8-6155] done synthesizing module 'SLR1_imp_1UA2LF1' (0#1) [/home/cs2401.03/mini1-gemm/build/hw/_x/link/vivado/vpl/prj/prj.gen/my_rm/bd/ulp/synth/ulp.v:369]
INFO: [Synth 8-6157] synthesizing module 'ulp_axi_ic_ctrl_mgmt_slr1_0' [/home/cs2401.03/mini1-gemm/build/hw/_x/link/vivado/vpl/prj/prj.gen/my_rm/bd/ulp/synth/ulp.v:4000]
INFO: [Synth 8-6157] synthesizing module 'm00_couplers_imp_CAGKWP' [/home/cs2401.03/mini1-gemm/build/hw/_x/link/vivado/vpl/prj/prj.gen/my_rm/bd/ulp/synth/ulp.v:654]
INFO: [Synth 8-6155] done synthesizing module 'm00_couplers_imp_CAGKWP' (0#1) [/home/cs2401.03/mini1-gemm/build/hw/_x/link/vivado/vpl/prj/prj.gen/my_rm/bd/ulp/synth/ulp.v:654]
INFO: [Synth 8-6157] synthesizing module 'm01_couplers_imp_1V3WQQK' [/home/cs2401.03/mini1-gemm/build/hw/_x/link/vivado/vpl/prj/prj.gen/my_rm/bd/ulp/synth/ulp.v:1233]
INFO: [Synth 8-6155] done synthesizing module 'm01_couplers_imp_1V3WQQK' (0#1) [/home/cs2401.03/mini1-gemm/build/hw/_x/link/vivado/vpl/prj/prj.gen/my_rm/bd/ulp/synth/ulp.v:1233]
INFO: [Synth 8-6157] synthesizing module 's00_couplers_imp_1100RTV' [/home/cs2401.03/mini1-gemm/build/hw/_x/link/vivado/vpl/prj/prj.gen/my_rm/bd/ulp/synth/ulp.v:1348]
INFO: [Synth 8-6155] done synthesizing module 's00_couplers_imp_1100RTV' (0#1) [/home/cs2401.03/mini1-gemm/build/hw/_x/link/vivado/vpl/prj/prj.gen/my_rm/bd/ulp/synth/ulp.v:1348]
INFO: [Synth 8-6157] synthesizing module 'ulp_axi_ic_ctrl_mgmt_slr1_upgraded_ipi_imp_xbar_0' [/home/cs2401.03/mini1-gemm/build/hw/_x/link/vivado/vpl/prj/prj.runs/my_rm_synth_1/.Xil/Vivado-2299819-node06.local/realtime/ulp_axi_ic_ctrl_mgmt_slr1_upgraded_ipi_imp_xbar_0_stub.v:6]
INFO: [Synth 8-6155] done synthesizing module 'ulp_axi_ic_ctrl_mgmt_slr1_upgraded_ipi_imp_xbar_0' (0#1) [/home/cs2401.03/mini1-gemm/build/hw/_x/link/vivado/vpl/prj/prj.runs/my_rm_synth_1/.Xil/Vivado-2299819-node06.local/realtime/ulp_axi_ic_ctrl_mgmt_slr1_upgraded_ipi_imp_xbar_0_stub.v:6]
WARNING: [Synth 8-689] width (3) of port connection 'm_axi_arprot' does not match port width (6) of module 'ulp_axi_ic_ctrl_mgmt_slr1_upgraded_ipi_imp_xbar_0' [/home/cs2401.03/mini1-gemm/build/hw/_x/link/vivado/vpl/prj/prj.gen/my_rm/bd/ulp/synth/ulp.v:4370]
WARNING: [Synth 8-689] width (3) of port connection 'm_axi_awprot' does not match port width (6) of module 'ulp_axi_ic_ctrl_mgmt_slr1_upgraded_ipi_imp_xbar_0' [/home/cs2401.03/mini1-gemm/build/hw/_x/link/vivado/vpl/prj/prj.gen/my_rm/bd/ulp/synth/ulp.v:4374]
INFO: [Synth 8-6155] done synthesizing module 'ulp_axi_ic_ctrl_mgmt_slr1_0' (0#1) [/home/cs2401.03/mini1-gemm/build/hw/_x/link/vivado/vpl/prj/prj.gen/my_rm/bd/ulp/synth/ulp.v:4000]
INFO: [Synth 8-6157] synthesizing module 'ulp_axi_regslice_0' [/home/cs2401.03/mini1-gemm/build/hw/_x/link/vivado/vpl/prj/prj.runs/my_rm_synth_1/.Xil/Vivado-2299819-node06.local/realtime/ulp_axi_regslice_0_stub.v:6]
INFO: [Synth 8-6155] done synthesizing module 'ulp_axi_regslice_0' (0#1) [/home/cs2401.03/mini1-gemm/build/hw/_x/link/vivado/vpl/prj/prj.runs/my_rm_synth_1/.Xil/Vivado-2299819-node06.local/realtime/ulp_axi_regslice_0_stub.v:6]
WARNING: [Synth 8-7071] port 'm_axi_awregion' of module 'ulp_axi_regslice_0' is unconnected for instance 'axi_regslice' [/home/cs2401.03/mini1-gemm/build/hw/_x/link/vivado/vpl/prj/prj.gen/my_rm/bd/ulp/synth/ulp.v:2917]
WARNING: [Synth 8-7071] port 'm_axi_arregion' of module 'ulp_axi_regslice_0' is unconnected for instance 'axi_regslice' [/home/cs2401.03/mini1-gemm/build/hw/_x/link/vivado/vpl/prj/prj.gen/my_rm/bd/ulp/synth/ulp.v:2917]
WARNING: [Synth 8-7023] instance 'axi_regslice' of module 'ulp_axi_regslice_0' has 80 connections declared, but only 78 given [/home/cs2401.03/mini1-gemm/build/hw/_x/link/vivado/vpl/prj/prj.gen/my_rm/bd/ulp/synth/ulp.v:2917]
INFO: [Synth 8-6157] synthesizing module 'ulp_axi_regslice_slr1_0_0' [/home/cs2401.03/mini1-gemm/build/hw/_x/link/vivado/vpl/prj/prj.runs/my_rm_synth_1/.Xil/Vivado-2299819-node06.local/realtime/ulp_axi_regslice_slr1_0_0_stub.v:6]
INFO: [Synth 8-6155] done synthesizing module 'ulp_axi_regslice_slr1_0_0' (0#1) [/home/cs2401.03/mini1-gemm/build/hw/_x/link/vivado/vpl/prj/prj.runs/my_rm_synth_1/.Xil/Vivado-2299819-node06.local/realtime/ulp_axi_regslice_slr1_0_0_stub.v:6]
WARNING: [Synth 8-7071] port 's_axi_awready' of module 'ulp_axi_regslice_slr1_0_0' is unconnected for instance 'axi_regslice_slr1_0' [/home/cs2401.03/mini1-gemm/build/hw/_x/link/vivado/vpl/prj/prj.gen/my_rm/bd/ulp/synth/ulp.v:2996]
WARNING: [Synth 8-7071] port 's_axi_wready' of module 'ulp_axi_regslice_slr1_0_0' is unconnected for instance 'axi_regslice_slr1_0' [/home/cs2401.03/mini1-gemm/build/hw/_x/link/vivado/vpl/prj/prj.gen/my_rm/bd/ulp/synth/ulp.v:2996]
WARNING: [Synth 8-7071] port 's_axi_bresp' of module 'ulp_axi_regslice_slr1_0_0' is unconnected for instance 'axi_regslice_slr1_0' [/home/cs2401.03/mini1-gemm/build/hw/_x/link/vivado/vpl/prj/prj.gen/my_rm/bd/ulp/synth/ulp.v:2996]
WARNING: [Synth 8-7071] port 's_axi_bvalid' of module 'ulp_axi_regslice_slr1_0_0' is unconnected for instance 'axi_regslice_slr1_0' [/home/cs2401.03/mini1-gemm/build/hw/_x/link/vivado/vpl/prj/prj.gen/my_rm/bd/ulp/synth/ulp.v:2996]
WARNING: [Synth 8-7071] port 's_axi_arready' of module 'ulp_axi_regslice_slr1_0_0' is unconnected for instance 'axi_regslice_slr1_0' [/home/cs2401.03/mini1-gemm/build/hw/_x/link/vivado/vpl/prj/prj.gen/my_rm/bd/ulp/synth/ulp.v:2996]
WARNING: [Synth 8-7071] port 's_axi_rdata' of module 'ulp_axi_regslice_slr1_0_0' is unconnected for instance 'axi_regslice_slr1_0' [/home/cs2401.03/mini1-gemm/build/hw/_x/link/vivado/vpl/prj/prj.gen/my_rm/bd/ulp/synth/ulp.v:2996]
WARNING: [Synth 8-7071] port 's_axi_rresp' of module 'ulp_axi_regslice_slr1_0_0' is unconnected for instance 'axi_regslice_slr1_0' [/home/cs2401.03/mini1-gemm/build/hw/_x/link/vivado/vpl/prj/prj.gen/my_rm/bd/ulp/synth/ulp.v:2996]
WARNING: [Synth 8-7071] port 's_axi_rlast' of module 'ulp_axi_regslice_slr1_0_0' is unconnected for instance 'axi_regslice_slr1_0' [/home/cs2401.03/mini1-gemm/build/hw/_x/link/vivado/vpl/prj/prj.gen/my_rm/bd/ulp/synth/ulp.v:2996]
WARNING: [Synth 8-7071] port 's_axi_rvalid' of module 'ulp_axi_regslice_slr1_0_0' is unconnected for instance 'axi_regslice_slr1_0' [/home/cs2401.03/mini1-gemm/build/hw/_x/link/vivado/vpl/prj/prj.gen/my_rm/bd/ulp/synth/ulp.v:2996]
WARNING: [Synth 8-7023] instance 'axi_regslice_slr1_0' of module 'ulp_axi_regslice_slr1_0_0' has 72 connections declared, but only 63 given [/home/cs2401.03/mini1-gemm/build/hw/_x/link/vivado/vpl/prj/prj.gen/my_rm/bd/ulp/synth/ulp.v:2996]
INFO: [Synth 8-6157] synthesizing module 'ulp_axi_regslice_slr1_1_0' [/home/cs2401.03/mini1-gemm/build/hw/_x/link/vivado/vpl/prj/prj.runs/my_rm_synth_1/.Xil/Vivado-2299819-node06.local/realtime/ulp_axi_regslice_slr1_1_0_stub.v:6]
INFO: [Synth 8-6155] done synthesizing module 'ulp_axi_regslice_slr1_1_0' (0#1) [/home/cs2401.03/mini1-gemm/build/hw/_x/link/vivado/vpl/prj/prj.runs/my_rm_synth_1/.Xil/Vivado-2299819-node06.local/realtime/ulp_axi_regslice_slr1_1_0_stub.v:6]
WARNING: [Synth 8-7071] port 'm_axi_awaddr' of module 'ulp_axi_regslice_slr1_1_0' is unconnected for instance 'axi_regslice_slr1_1' [/home/cs2401.03/mini1-gemm/build/hw/_x/link/vivado/vpl/prj/prj.gen/my_rm/bd/ulp/synth/ulp.v:3060]
WARNING: [Synth 8-7071] port 'm_axi_awlen' of module 'ulp_axi_regslice_slr1_1_0' is unconnected for instance 'axi_regslice_slr1_1' [/home/cs2401.03/mini1-gemm/build/hw/_x/link/vivado/vpl/prj/prj.gen/my_rm/bd/ulp/synth/ulp.v:3060]
WARNING: [Synth 8-7071] port 'm_axi_awsize' of module 'ulp_axi_regslice_slr1_1_0' is unconnected for instance 'axi_regslice_slr1_1' [/home/cs2401.03/mini1-gemm/build/hw/_x/link/vivado/vpl/prj/prj.gen/my_rm/bd/ulp/synth/ulp.v:3060]
WARNING: [Synth 8-7071] port 'm_axi_awburst' of module 'ulp_axi_regslice_slr1_1_0' is unconnected for instance 'axi_regslice_slr1_1' [/home/cs2401.03/mini1-gemm/build/hw/_x/link/vivado/vpl/prj/prj.gen/my_rm/bd/ulp/synth/ulp.v:3060]
WARNING: [Synth 8-7071] port 'm_axi_awlock' of module 'ulp_axi_regslice_slr1_1_0' is unconnected for instance 'axi_regslice_slr1_1' [/home/cs2401.03/mini1-gemm/build/hw/_x/link/vivado/vpl/prj/prj.gen/my_rm/bd/ulp/synth/ulp.v:3060]
WARNING: [Synth 8-7071] port 'm_axi_awcache' of module 'ulp_axi_regslice_slr1_1_0' is unconnected for instance 'axi_regslice_slr1_1' [/home/cs2401.03/mini1-gemm/build/hw/_x/link/vivado/vpl/prj/prj.gen/my_rm/bd/ulp/synth/ulp.v:3060]
WARNING: [Synth 8-7071] port 'm_axi_awprot' of module 'ulp_axi_regslice_slr1_1_0' is unconnected for instance 'axi_regslice_slr1_1' [/home/cs2401.03/mini1-gemm/build/hw/_x/link/vivado/vpl/prj/prj.gen/my_rm/bd/ulp/synth/ulp.v:3060]
WARNING: [Synth 8-7071] port 'm_axi_awregion' of module 'ulp_axi_regslice_slr1_1_0' is unconnected for instance 'axi_regslice_slr1_1' [/home/cs2401.03/mini1-gemm/build/hw/_x/link/vivado/vpl/prj/prj.gen/my_rm/bd/ulp/synth/ulp.v:3060]
WARNING: [Synth 8-7071] port 'm_axi_awqos' of module 'ulp_axi_regslice_slr1_1_0' is unconnected for instance 'axi_regslice_slr1_1' [/home/cs2401.03/mini1-gemm/build/hw/_x/link/vivado/vpl/prj/prj.gen/my_rm/bd/ulp/synth/ulp.v:3060]
WARNING: [Synth 8-7071] port 'm_axi_awvalid' of module 'ulp_axi_regslice_slr1_1_0' is unconnected for instance 'axi_regslice_slr1_1' [/home/cs2401.03/mini1-gemm/build/hw/_x/link/vivado/vpl/prj/prj.gen/my_rm/bd/ulp/synth/ulp.v:3060]
WARNING: [Synth 8-7071] port 'm_axi_wdata' of module 'ulp_axi_regslice_slr1_1_0' is unconnected for instance 'axi_regslice_slr1_1' [/home/cs2401.03/mini1-gemm/build/hw/_x/link/vivado/vpl/prj/prj.gen/my_rm/bd/ulp/synth/ulp.v:3060]
WARNING: [Synth 8-7071] port 'm_axi_wstrb' of module 'ulp_axi_regslice_slr1_1_0' is unconnected for instance 'axi_regslice_slr1_1' [/home/cs2401.03/mini1-gemm/build/hw/_x/link/vivado/vpl/prj/prj.gen/my_rm/bd/ulp/synth/ulp.v:3060]
WARNING: [Synth 8-7071] port 'm_axi_wlast' of module 'ulp_axi_regslice_slr1_1_0' is unconnected for instance 'axi_regslice_slr1_1' [/home/cs2401.03/mini1-gemm/build/hw/_x/link/vivado/vpl/prj/prj.gen/my_rm/bd/ulp/synth/ulp.v:3060]
WARNING: [Synth 8-7071] port 'm_axi_wvalid' of module 'ulp_axi_regslice_slr1_1_0' is unconnected for instance 'axi_regslice_slr1_1' [/home/cs2401.03/mini1-gemm/build/hw/_x/link/vivado/vpl/prj/prj.gen/my_rm/bd/ulp/synth/ulp.v:3060]
WARNING: [Synth 8-7071] port 'm_axi_bready' of module 'ulp_axi_regslice_slr1_1_0' is unconnected for instance 'axi_regslice_slr1_1' [/home/cs2401.03/mini1-gemm/build/hw/_x/link/vivado/vpl/prj/prj.gen/my_rm/bd/ulp/synth/ulp.v:3060]
WARNING: [Synth 8-7071] port 'm_axi_araddr' of module 'ulp_axi_regslice_slr1_1_0' is unconnected for instance 'axi_regslice_slr1_1' [/home/cs2401.03/mini1-gemm/build/hw/_x/link/vivado/vpl/prj/prj.gen/my_rm/bd/ulp/synth/ulp.v:3060]
WARNING: [Synth 8-7071] port 'm_axi_arlen' of module 'ulp_axi_regslice_slr1_1_0' is unconnected for instance 'axi_regslice_slr1_1' [/home/cs2401.03/mini1-gemm/build/hw/_x/link/vivado/vpl/prj/prj.gen/my_rm/bd/ulp/synth/ulp.v:3060]
WARNING: [Synth 8-7071] port 'm_axi_arsize' of module 'ulp_axi_regslice_slr1_1_0' is unconnected for instance 'axi_regslice_slr1_1' [/home/cs2401.03/mini1-gemm/build/hw/_x/link/vivado/vpl/prj/prj.gen/my_rm/bd/ulp/synth/ulp.v:3060]
WARNING: [Synth 8-7071] port 'm_axi_arburst' of module 'ulp_axi_regslice_slr1_1_0' is unconnected for instance 'axi_regslice_slr1_1' [/home/cs2401.03/mini1-gemm/build/hw/_x/link/vivado/vpl/prj/prj.gen/my_rm/bd/ulp/synth/ulp.v:3060]
WARNING: [Synth 8-7071] port 'm_axi_arlock' of module 'ulp_axi_regslice_slr1_1_0' is unconnected for instance 'axi_regslice_slr1_1' [/home/cs2401.03/mini1-gemm/build/hw/_x/link/vivado/vpl/prj/prj.gen/my_rm/bd/ulp/synth/ulp.v:3060]
WARNING: [Synth 8-7071] port 'm_axi_arcache' of module 'ulp_axi_regslice_slr1_1_0' is unconnected for instance 'axi_regslice_slr1_1' [/home/cs2401.03/mini1-gemm/build/hw/_x/link/vivado/vpl/prj/prj.gen/my_rm/bd/ulp/synth/ulp.v:3060]
WARNING: [Synth 8-7071] port 'm_axi_arprot' of module 'ulp_axi_regslice_slr1_1_0' is unconnected for instance 'axi_regslice_slr1_1' [/home/cs2401.03/mini1-gemm/build/hw/_x/link/vivado/vpl/prj/prj.gen/my_rm/bd/ulp/synth/ulp.v:3060]
WARNING: [Synth 8-7071] port 'm_axi_arregion' of module 'ulp_axi_regslice_slr1_1_0' is unconnected for instance 'axi_regslice_slr1_1' [/home/cs2401.03/mini1-gemm/build/hw/_x/link/vivado/vpl/prj/prj.gen/my_rm/bd/ulp/synth/ulp.v:3060]
WARNING: [Synth 8-7071] port 'm_axi_arqos' of module 'ulp_axi_regslice_slr1_1_0' is unconnected for instance 'axi_regslice_slr1_1' [/home/cs2401.03/mini1-gemm/build/hw/_x/link/vivado/vpl/prj/prj.gen/my_rm/bd/ulp/synth/ulp.v:3060]
WARNING: [Synth 8-7071] port 'm_axi_arvalid' of module 'ulp_axi_regslice_slr1_1_0' is unconnected for instance 'axi_regslice_slr1_1' [/home/cs2401.03/mini1-gemm/build/hw/_x/link/vivado/vpl/prj/prj.gen/my_rm/bd/ulp/synth/ulp.v:3060]
WARNING: [Synth 8-7071] port 'm_axi_rready' of module 'ulp_axi_regslice_slr1_1_0' is unconnected for instance 'axi_regslice_slr1_1' [/home/cs2401.03/mini1-gemm/build/hw/_x/link/vivado/vpl/prj/prj.gen/my_rm/bd/ulp/synth/ulp.v:3060]
WARNING: [Synth 8-7023] instance 'axi_regslice_slr1_1' of module 'ulp_axi_regslice_slr1_1_0' has 72 connections declared, but only 46 given [/home/cs2401.03/mini1-gemm/build/hw/_x/link/vivado/vpl/prj/prj.gen/my_rm/bd/ulp/synth/ulp.v:3060]
INFO: [Synth 8-6157] synthesizing module 'ulp_axi_vip_data_0' [/home/cs2401.03/mini1-gemm/build/hw/_x/link/vivado/vpl/prj/prj.runs/my_rm_synth_1/.Xil/Vivado-2299819-node06.local/realtime/ulp_axi_vip_data_0_stub.v:6]
INFO: [Synth 8-6155] done synthesizing module 'ulp_axi_vip_data_0' (0#1) [/home/cs2401.03/mini1-gemm/build/hw/_x/link/vivado/vpl/prj/prj.runs/my_rm_synth_1/.Xil/Vivado-2299819-node06.local/realtime/ulp_axi_vip_data_0_stub.v:6]
INFO: [Synth 8-6157] synthesizing module 'ulp_gemm_1_0' [/home/cs2401.03/mini1-gemm/build/hw/_x/link/vivado/vpl/prj/prj.runs/my_rm_synth_1/.Xil/Vivado-2299819-node06.local/realtime/ulp_gemm_1_0_stub.v:6]
INFO: [Synth 8-6155] done synthesizing module 'ulp_gemm_1_0' (0#1) [/home/cs2401.03/mini1-gemm/build/hw/_x/link/vivado/vpl/prj/prj.runs/my_rm_synth_1/.Xil/Vivado-2299819-node06.local/realtime/ulp_gemm_1_0_stub.v:6]
WARNING: [Synth 8-7071] port 'm_axi_gmem0_ARREGION' of module 'ulp_gemm_1_0' is unconnected for instance 'gemm_1' [/home/cs2401.03/mini1-gemm/build/hw/_x/link/vivado/vpl/prj/prj.gen/my_rm/bd/ulp/synth/ulp.v:3176]
WARNING: [Synth 8-7071] port 'm_axi_gmem0_AWADDR' of module 'ulp_gemm_1_0' is unconnected for instance 'gemm_1' [/home/cs2401.03/mini1-gemm/build/hw/_x/link/vivado/vpl/prj/prj.gen/my_rm/bd/ulp/synth/ulp.v:3176]
WARNING: [Synth 8-7071] port 'm_axi_gmem0_AWBURST' of module 'ulp_gemm_1_0' is unconnected for instance 'gemm_1' [/home/cs2401.03/mini1-gemm/build/hw/_x/link/vivado/vpl/prj/prj.gen/my_rm/bd/ulp/synth/ulp.v:3176]
WARNING: [Synth 8-7071] port 'm_axi_gmem0_AWCACHE' of module 'ulp_gemm_1_0' is unconnected for instance 'gemm_1' [/home/cs2401.03/mini1-gemm/build/hw/_x/link/vivado/vpl/prj/prj.gen/my_rm/bd/ulp/synth/ulp.v:3176]
WARNING: [Synth 8-7071] port 'm_axi_gmem0_AWID' of module 'ulp_gemm_1_0' is unconnected for instance 'gemm_1' [/home/cs2401.03/mini1-gemm/build/hw/_x/link/vivado/vpl/prj/prj.gen/my_rm/bd/ulp/synth/ulp.v:3176]
WARNING: [Synth 8-7071] port 'm_axi_gmem0_AWLEN' of module 'ulp_gemm_1_0' is unconnected for instance 'gemm_1' [/home/cs2401.03/mini1-gemm/build/hw/_x/link/vivado/vpl/prj/prj.gen/my_rm/bd/ulp/synth/ulp.v:3176]
WARNING: [Synth 8-7071] port 'm_axi_gmem0_AWLOCK' of module 'ulp_gemm_1_0' is unconnected for instance 'gemm_1' [/home/cs2401.03/mini1-gemm/build/hw/_x/link/vivado/vpl/prj/prj.gen/my_rm/bd/ulp/synth/ulp.v:3176]
WARNING: [Synth 8-7071] port 'm_axi_gmem0_AWPROT' of module 'ulp_gemm_1_0' is unconnected for instance 'gemm_1' [/home/cs2401.03/mini1-gemm/build/hw/_x/link/vivado/vpl/prj/prj.gen/my_rm/bd/ulp/synth/ulp.v:3176]
WARNING: [Synth 8-7071] port 'm_axi_gmem0_AWQOS' of module 'ulp_gemm_1_0' is unconnected for instance 'gemm_1' [/home/cs2401.03/mini1-gemm/build/hw/_x/link/vivado/vpl/prj/prj.gen/my_rm/bd/ulp/synth/ulp.v:3176]
WARNING: [Synth 8-7071] port 'm_axi_gmem0_AWREGION' of module 'ulp_gemm_1_0' is unconnected for instance 'gemm_1' [/home/cs2401.03/mini1-gemm/build/hw/_x/link/vivado/vpl/prj/prj.gen/my_rm/bd/ulp/synth/ulp.v:3176]
WARNING: [Synth 8-7071] port 'm_axi_gmem0_AWSIZE' of module 'ulp_gemm_1_0' is unconnected for instance 'gemm_1' [/home/cs2401.03/mini1-gemm/build/hw/_x/link/vivado/vpl/prj/prj.gen/my_rm/bd/ulp/synth/ulp.v:3176]
WARNING: [Synth 8-7071] port 'm_axi_gmem0_AWVALID' of module 'ulp_gemm_1_0' is unconnected for instance 'gemm_1' [/home/cs2401.03/mini1-gemm/build/hw/_x/link/vivado/vpl/prj/prj.gen/my_rm/bd/ulp/synth/ulp.v:3176]
WARNING: [Synth 8-7071] port 'm_axi_gmem0_BREADY' of module 'ulp_gemm_1_0' is unconnected for instance 'gemm_1' [/home/cs2401.03/mini1-gemm/build/hw/_x/link/vivado/vpl/prj/prj.gen/my_rm/bd/ulp/synth/ulp.v:3176]
WARNING: [Synth 8-7071] port 'm_axi_gmem0_WDATA' of module 'ulp_gemm_1_0' is unconnected for instance 'gemm_1' [/home/cs2401.03/mini1-gemm/build/hw/_x/link/vivado/vpl/prj/prj.gen/my_rm/bd/ulp/synth/ulp.v:3176]
WARNING: [Synth 8-7071] port 'm_axi_gmem0_WID' of module 'ulp_gemm_1_0' is unconnected for instance 'gemm_1' [/home/cs2401.03/mini1-gemm/build/hw/_x/link/vivado/vpl/prj/prj.gen/my_rm/bd/ulp/synth/ulp.v:3176]
WARNING: [Synth 8-7071] port 'm_axi_gmem0_WLAST' of module 'ulp_gemm_1_0' is unconnected for instance 'gemm_1' [/home/cs2401.03/mini1-gemm/build/hw/_x/link/vivado/vpl/prj/prj.gen/my_rm/bd/ulp/synth/ulp.v:3176]
WARNING: [Synth 8-7071] port 'm_axi_gmem0_WSTRB' of module 'ulp_gemm_1_0' is unconnected for instance 'gemm_1' [/home/cs2401.03/mini1-gemm/build/hw/_x/link/vivado/vpl/prj/prj.gen/my_rm/bd/ulp/synth/ulp.v:3176]
WARNING: [Synth 8-7071] port 'm_axi_gmem0_WVALID' of module 'ulp_gemm_1_0' is unconnected for instance 'gemm_1' [/home/cs2401.03/mini1-gemm/build/hw/_x/link/vivado/vpl/prj/prj.gen/my_rm/bd/ulp/synth/ulp.v:3176]
WARNING: [Synth 8-7071] port 'm_axi_gmem1_ARREGION' of module 'ulp_gemm_1_0' is unconnected for instance 'gemm_1' [/home/cs2401.03/mini1-gemm/build/hw/_x/link/vivado/vpl/prj/prj.gen/my_rm/bd/ulp/synth/ulp.v:3176]
WARNING: [Synth 8-7071] port 'm_axi_gmem1_AWADDR' of module 'ulp_gemm_1_0' is unconnected for instance 'gemm_1' [/home/cs2401.03/mini1-gemm/build/hw/_x/link/vivado/vpl/prj/prj.gen/my_rm/bd/ulp/synth/ulp.v:3176]
WARNING: [Synth 8-7071] port 'm_axi_gmem1_AWBURST' of module 'ulp_gemm_1_0' is unconnected for instance 'gemm_1' [/home/cs2401.03/mini1-gemm/build/hw/_x/link/vivado/vpl/prj/prj.gen/my_rm/bd/ulp/synth/ulp.v:3176]
WARNING: [Synth 8-7071] port 'm_axi_gmem1_AWCACHE' of module 'ulp_gemm_1_0' is unconnected for instance 'gemm_1' [/home/cs2401.03/mini1-gemm/build/hw/_x/link/vivado/vpl/prj/prj.gen/my_rm/bd/ulp/synth/ulp.v:3176]
WARNING: [Synth 8-7071] port 'm_axi_gmem1_AWID' of module 'ulp_gemm_1_0' is unconnected for instance 'gemm_1' [/home/cs2401.03/mini1-gemm/build/hw/_x/link/vivado/vpl/prj/prj.gen/my_rm/bd/ulp/synth/ulp.v:3176]
WARNING: [Synth 8-7071] port 'm_axi_gmem1_AWLEN' of module 'ulp_gemm_1_0' is unconnected for instance 'gemm_1' [/home/cs2401.03/mini1-gemm/build/hw/_x/link/vivado/vpl/prj/prj.gen/my_rm/bd/ulp/synth/ulp.v:3176]
WARNING: [Synth 8-7071] port 'm_axi_gmem1_AWLOCK' of module 'ulp_gemm_1_0' is unconnected for instance 'gemm_1' [/home/cs2401.03/mini1-gemm/build/hw/_x/link/vivado/vpl/prj/prj.gen/my_rm/bd/ulp/synth/ulp.v:3176]
WARNING: [Synth 8-7071] port 'm_axi_gmem1_AWPROT' of module 'ulp_gemm_1_0' is unconnected for instance 'gemm_1' [/home/cs2401.03/mini1-gemm/build/hw/_x/link/vivado/vpl/prj/prj.gen/my_rm/bd/ulp/synth/ulp.v:3176]
WARNING: [Synth 8-7071] port 'm_axi_gmem1_AWQOS' of module 'ulp_gemm_1_0' is unconnected for instance 'gemm_1' [/home/cs2401.03/mini1-gemm/build/hw/_x/link/vivado/vpl/prj/prj.gen/my_rm/bd/ulp/synth/ulp.v:3176]
WARNING: [Synth 8-7071] port 'm_axi_gmem1_AWREGION' of module 'ulp_gemm_1_0' is unconnected for instance 'gemm_1' [/home/cs2401.03/mini1-gemm/build/hw/_x/link/vivado/vpl/prj/prj.gen/my_rm/bd/ulp/synth/ulp.v:3176]
WARNING: [Synth 8-7071] port 'm_axi_gmem1_AWSIZE' of module 'ulp_gemm_1_0' is unconnected for instance 'gemm_1' [/home/cs2401.03/mini1-gemm/build/hw/_x/link/vivado/vpl/prj/prj.gen/my_rm/bd/ulp/synth/ulp.v:3176]
WARNING: [Synth 8-7071] port 'm_axi_gmem1_AWVALID' of module 'ulp_gemm_1_0' is unconnected for instance 'gemm_1' [/home/cs2401.03/mini1-gemm/build/hw/_x/link/vivado/vpl/prj/prj.gen/my_rm/bd/ulp/synth/ulp.v:3176]
WARNING: [Synth 8-7071] port 'm_axi_gmem1_BREADY' of module 'ulp_gemm_1_0' is unconnected for instance 'gemm_1' [/home/cs2401.03/mini1-gemm/build/hw/_x/link/vivado/vpl/prj/prj.gen/my_rm/bd/ulp/synth/ulp.v:3176]
WARNING: [Synth 8-7071] port 'm_axi_gmem1_WDATA' of module 'ulp_gemm_1_0' is unconnected for instance 'gemm_1' [/home/cs2401.03/mini1-gemm/build/hw/_x/link/vivado/vpl/prj/prj.gen/my_rm/bd/ulp/synth/ulp.v:3176]
WARNING: [Synth 8-7071] port 'm_axi_gmem1_WID' of module 'ulp_gemm_1_0' is unconnected for instance 'gemm_1' [/home/cs2401.03/mini1-gemm/build/hw/_x/link/vivado/vpl/prj/prj.gen/my_rm/bd/ulp/synth/ulp.v:3176]
WARNING: [Synth 8-7071] port 'm_axi_gmem1_WLAST' of module 'ulp_gemm_1_0' is unconnected for instance 'gemm_1' [/home/cs2401.03/mini1-gemm/build/hw/_x/link/vivado/vpl/prj/prj.gen/my_rm/bd/ulp/synth/ulp.v:3176]
WARNING: [Synth 8-7071] port 'm_axi_gmem1_WSTRB' of module 'ulp_gemm_1_0' is unconnected for instance 'gemm_1' [/home/cs2401.03/mini1-gemm/build/hw/_x/link/vivado/vpl/prj/prj.gen/my_rm/bd/ulp/synth/ulp.v:3176]
WARNING: [Synth 8-7071] port 'm_axi_gmem1_WVALID' of module 'ulp_gemm_1_0' is unconnected for instance 'gemm_1' [/home/cs2401.03/mini1-gemm/build/hw/_x/link/vivado/vpl/prj/prj.gen/my_rm/bd/ulp/synth/ulp.v:3176]
WARNING: [Synth 8-7071] port 'm_axi_gmem2_ARADDR' of module 'ulp_gemm_1_0' is unconnected for instance 'gemm_1' [/home/cs2401.03/mini1-gemm/build/hw/_x/link/vivado/vpl/prj/prj.gen/my_rm/bd/ulp/synth/ulp.v:3176]
WARNING: [Synth 8-7071] port 'm_axi_gmem2_ARBURST' of module 'ulp_gemm_1_0' is unconnected for instance 'gemm_1' [/home/cs2401.03/mini1-gemm/build/hw/_x/link/vivado/vpl/prj/prj.gen/my_rm/bd/ulp/synth/ulp.v:3176]
WARNING: [Synth 8-7071] port 'm_axi_gmem2_ARCACHE' of module 'ulp_gemm_1_0' is unconnected for instance 'gemm_1' [/home/cs2401.03/mini1-gemm/build/hw/_x/link/vivado/vpl/prj/prj.gen/my_rm/bd/ulp/synth/ulp.v:3176]
WARNING: [Synth 8-7071] port 'm_axi_gmem2_ARID' of module 'ulp_gemm_1_0' is unconnected for instance 'gemm_1' [/home/cs2401.03/mini1-gemm/build/hw/_x/link/vivado/vpl/prj/prj.gen/my_rm/bd/ulp/synth/ulp.v:3176]
WARNING: [Synth 8-7071] port 'm_axi_gmem2_ARLEN' of module 'ulp_gemm_1_0' is unconnected for instance 'gemm_1' [/home/cs2401.03/mini1-gemm/build/hw/_x/link/vivado/vpl/prj/prj.gen/my_rm/bd/ulp/synth/ulp.v:3176]
WARNING: [Synth 8-7071] port 'm_axi_gmem2_ARLOCK' of module 'ulp_gemm_1_0' is unconnected for instance 'gemm_1' [/home/cs2401.03/mini1-gemm/build/hw/_x/link/vivado/vpl/prj/prj.gen/my_rm/bd/ulp/synth/ulp.v:3176]
WARNING: [Synth 8-7071] port 'm_axi_gmem2_ARPROT' of module 'ulp_gemm_1_0' is unconnected for instance 'gemm_1' [/home/cs2401.03/mini1-gemm/build/hw/_x/link/vivado/vpl/prj/prj.gen/my_rm/bd/ulp/synth/ulp.v:3176]
WARNING: [Synth 8-7071] port 'm_axi_gmem2_ARQOS' of module 'ulp_gemm_1_0' is unconnected for instance 'gemm_1' [/home/cs2401.03/mini1-gemm/build/hw/_x/link/vivado/vpl/prj/prj.gen/my_rm/bd/ulp/synth/ulp.v:3176]
WARNING: [Synth 8-7071] port 'm_axi_gmem2_ARREGION' of module 'ulp_gemm_1_0' is unconnected for instance 'gemm_1' [/home/cs2401.03/mini1-gemm/build/hw/_x/link/vivado/vpl/prj/prj.gen/my_rm/bd/ulp/synth/ulp.v:3176]
WARNING: [Synth 8-7071] port 'm_axi_gmem2_ARSIZE' of module 'ulp_gemm_1_0' is unconnected for instance 'gemm_1' [/home/cs2401.03/mini1-gemm/build/hw/_x/link/vivado/vpl/prj/prj.gen/my_rm/bd/ulp/synth/ulp.v:3176]
WARNING: [Synth 8-7071] port 'm_axi_gmem2_ARVALID' of module 'ulp_gemm_1_0' is unconnected for instance 'gemm_1' [/home/cs2401.03/mini1-gemm/build/hw/_x/link/vivado/vpl/prj/prj.gen/my_rm/bd/ulp/synth/ulp.v:3176]
WARNING: [Synth 8-7071] port 'm_axi_gmem2_AWREGION' of module 'ulp_gemm_1_0' is unconnected for instance 'gemm_1' [/home/cs2401.03/mini1-gemm/build/hw/_x/link/vivado/vpl/prj/prj.gen/my_rm/bd/ulp/synth/ulp.v:3176]
WARNING: [Synth 8-7071] port 'm_axi_gmem2_RREADY' of module 'ulp_gemm_1_0' is unconnected for instance 'gemm_1' [/home/cs2401.03/mini1-gemm/build/hw/_x/link/vivado/vpl/prj/prj.gen/my_rm/bd/ulp/synth/ulp.v:3176]
WARNING: [Synth 8-7071] port 'm_axi_gmem2_WID' of module 'ulp_gemm_1_0' is unconnected for instance 'gemm_1' [/home/cs2401.03/mini1-gemm/build/hw/_x/link/vivado/vpl/prj/prj.gen/my_rm/bd/ulp/synth/ulp.v:3176]
WARNING: [Synth 8-7023] instance 'gemm_1' of module 'ulp_gemm_1_0' has 140 connections declared, but only 90 given [/home/cs2401.03/mini1-gemm/build/hw/_x/link/vivado/vpl/prj/prj.gen/my_rm/bd/ulp/synth/ulp.v:3176]
INFO: [Synth 8-6157] synthesizing module 'ulp_hmss_0_0' [/home/cs2401.03/mini1-gemm/build/hw/_x/link/vivado/vpl/prj/prj.runs/my_rm_synth_1/.Xil/Vivado-2299819-node06.local/realtime/ulp_hmss_0_0_stub.v:6]
INFO: [Synth 8-6155] done synthesizing module 'ulp_hmss_0_0' (0#1) [/home/cs2401.03/mini1-gemm/build/hw/_x/link/vivado/vpl/prj/prj.runs/my_rm_synth_1/.Xil/Vivado-2299819-node06.local/realtime/ulp_hmss_0_0_stub.v:6]
INFO: [Synth 8-6157] synthesizing module 'ulp_ii_level0_wire_0' [/home/cs2401.03/mini1-gemm/build/hw/_x/link/vivado/vpl/prj/prj.runs/my_rm_synth_1/.Xil/Vivado-2299819-node06.local/realtime/ulp_ii_level0_wire_0_stub.v:6]
INFO: [Synth 8-6155] done synthesizing module 'ulp_ii_level0_wire_0' (0#1) [/home/cs2401.03/mini1-gemm/build/hw/_x/link/vivado/vpl/prj/prj.runs/my_rm_synth_1/.Xil/Vivado-2299819-node06.local/realtime/ulp_ii_level0_wire_0_stub.v:6]
WARNING: [Synth 8-7071] port 'ULP_M_AXI_CTRL_MGMT_00_arprot' of module 'ulp_ii_level0_wire_0' is unconnected for instance 'ii_level0_wire' [/home/cs2401.03/mini1-gemm/build/hw/_x/link/vivado/vpl/prj/prj.gen/my_rm/bd/ulp/synth/ulp.v:3388]
WARNING: [Synth 8-7071] port 'ULP_M_AXI_CTRL_MGMT_00_awprot' of module 'ulp_ii_level0_wire_0' is unconnected for instance 'ii_level0_wire' [/home/cs2401.03/mini1-gemm/build/hw/_x/link/vivado/vpl/prj/prj.gen/my_rm/bd/ulp/synth/ulp.v:3388]
WARNING: [Synth 8-7071] port 'ULP_M_AXI_CTRL_MGMT_00_wstrb' of module 'ulp_ii_level0_wire_0' is unconnected for instance 'ii_level0_wire' [/home/cs2401.03/mini1-gemm/build/hw/_x/link/vivado/vpl/prj/prj.gen/my_rm/bd/ulp/synth/ulp.v:3388]
INFO: [Common 17-14] Message 'Synth 8-7071' appears 100 times and further instances of the messages will be disabled.
WARNING: [Synth 8-7023] instance 'ii_level0_wire' of module 'ulp_ii_level0_wire_0' has 344 connections declared, but only 330 given [/home/cs2401.03/mini1-gemm/build/hw/_x/link/vivado/vpl/prj/prj.gen/my_rm/bd/ulp/synth/ulp.v:3388]
INFO: [Synth 8-6157] synthesizing module 'ulp_ii_level0_wire_ulp_s_irq_cu_00_1_interrupt_concat_0' [/home/cs2401.03/mini1-gemm/build/hw/_x/link/vivado/vpl/prj/prj.gen/my_rm/bd/ulp/ip/ulp_ii_level0_wire_ulp_s_irq_cu_00_1_interrupt_concat_0/synth/ulp_ii_level0_wire_ulp_s_irq_cu_00_1_interrupt_concat_0.v:53]
INFO: [Synth 8-6157] synthesizing module 'xlconcat_v2_1_7_xlconcat' [/home/cs2401.03/mini1-gemm/build/hw/_x/link/vivado/vpl/prj/prj.gen/my_rm/bd/ulp/ipshared/9c1a/hdl/xlconcat_v2_1_vl_rfs.v:59]
INFO: [Synth 8-6155] done synthesizing module 'xlconcat_v2_1_7_xlconcat' (0#1) [/home/cs2401.03/mini1-gemm/build/hw/_x/link/vivado/vpl/prj/prj.gen/my_rm/bd/ulp/ipshared/9c1a/hdl/xlconcat_v2_1_vl_rfs.v:59]
INFO: [Synth 8-6155] done synthesizing module 'ulp_ii_level0_wire_ulp_s_irq_cu_00_1_interrupt_concat_0' (0#1) [/home/cs2401.03/mini1-gemm/build/hw/_x/link/vivado/vpl/prj/prj.gen/my_rm/bd/ulp/ip/ulp_ii_level0_wire_ulp_s_irq_cu_00_1_interrupt_concat_0/synth/ulp_ii_level0_wire_ulp_s_irq_cu_00_1_interrupt_concat_0.v:53]
INFO: [Synth 8-6157] synthesizing module 'ulp_ii_level0_wire_ulp_s_irq_cu_00_1_interrupt_concat_0_0' [/home/cs2401.03/mini1-gemm/build/hw/_x/link/vivado/vpl/prj/prj.gen/my_rm/bd/ulp/ip/ulp_ii_level0_wire_ulp_s_irq_cu_00_1_interrupt_concat_0_0/synth/ulp_ii_level0_wire_ulp_s_irq_cu_00_1_interrupt_concat_0_0.v:53]
INFO: [Synth 8-6157] synthesizing module 'xlconcat_v2_1_7_xlconcat__parameterized0' [/home/cs2401.03/mini1-gemm/build/hw/_x/link/vivado/vpl/prj/prj.gen/my_rm/bd/ulp/ipshared/9c1a/hdl/xlconcat_v2_1_vl_rfs.v:59]
INFO: [Synth 8-6155] done synthesizing module 'xlconcat_v2_1_7_xlconcat__parameterized0' (0#1) [/home/cs2401.03/mini1-gemm/build/hw/_x/link/vivado/vpl/prj/prj.gen/my_rm/bd/ulp/ipshared/9c1a/hdl/xlconcat_v2_1_vl_rfs.v:59]
INFO: [Synth 8-6155] done synthesizing module 'ulp_ii_level0_wire_ulp_s_irq_cu_00_1_interrupt_concat_0_0' (0#1) [/home/cs2401.03/mini1-gemm/build/hw/_x/link/vivado/vpl/prj/prj.gen/my_rm/bd/ulp/ip/ulp_ii_level0_wire_ulp_s_irq_cu_00_1_interrupt_concat_0_0/synth/ulp_ii_level0_wire_ulp_s_irq_cu_00_1_interrupt_concat_0_0.v:53]
INFO: [Synth 8-6157] synthesizing module 'ulp_ii_level0_wire_ulp_s_irq_cu_00_1_interrupt_concat_1_0' [/home/cs2401.03/mini1-gemm/build/hw/_x/link/vivado/vpl/prj/prj.gen/my_rm/bd/ulp/ip/ulp_ii_level0_wire_ulp_s_irq_cu_00_1_interrupt_concat_1_0/synth/ulp_ii_level0_wire_ulp_s_irq_cu_00_1_interrupt_concat_1_0.v:53]
INFO: [Synth 8-6155] done synthesizing module 'ulp_ii_level0_wire_ulp_s_irq_cu_00_1_interrupt_concat_1_0' (0#1) [/home/cs2401.03/mini1-gemm/build/hw/_x/link/vivado/vpl/prj/prj.gen/my_rm/bd/ulp/ip/ulp_ii_level0_wire_ulp_s_irq_cu_00_1_interrupt_concat_1_0/synth/ulp_ii_level0_wire_ulp_s_irq_cu_00_1_interrupt_concat_1_0.v:53]
INFO: [Synth 8-6157] synthesizing module 'ulp_ii_level0_wire_ulp_s_irq_cu_00_1_interrupt_concat_2_0' [/home/cs2401.03/mini1-gemm/build/hw/_x/link/vivado/vpl/prj/prj.gen/my_rm/bd/ulp/ip/ulp_ii_level0_wire_ulp_s_irq_cu_00_1_interrupt_concat_2_0/synth/ulp_ii_level0_wire_ulp_s_irq_cu_00_1_interrupt_concat_2_0.v:53]
INFO: [Synth 8-6155] done synthesizing module 'ulp_ii_level0_wire_ulp_s_irq_cu_00_1_interrupt_concat_2_0' (0#1) [/home/cs2401.03/mini1-gemm/build/hw/_x/link/vivado/vpl/prj/prj.gen/my_rm/bd/ulp/ip/ulp_ii_level0_wire_ulp_s_irq_cu_00_1_interrupt_concat_2_0/synth/ulp_ii_level0_wire_ulp_s_irq_cu_00_1_interrupt_concat_2_0.v:53]
INFO: [Synth 8-6157] synthesizing module 'ulp_ii_level0_wire_ulp_s_irq_cu_00_1_interrupt_concat_3_0' [/home/cs2401.03/mini1-gemm/build/hw/_x/link/vivado/vpl/prj/prj.gen/my_rm/bd/ulp/ip/ulp_ii_level0_wire_ulp_s_irq_cu_00_1_interrupt_concat_3_0/synth/ulp_ii_level0_wire_ulp_s_irq_cu_00_1_interrupt_concat_3_0.v:53]
INFO: [Synth 8-6155] done synthesizing module 'ulp_ii_level0_wire_ulp_s_irq_cu_00_1_interrupt_concat_3_0' (0#1) [/home/cs2401.03/mini1-gemm/build/hw/_x/link/vivado/vpl/prj/prj.gen/my_rm/bd/ulp/ip/ulp_ii_level0_wire_ulp_s_irq_cu_00_1_interrupt_concat_3_0/synth/ulp_ii_level0_wire_ulp_s_irq_cu_00_1_interrupt_concat_3_0.v:53]
INFO: [Synth 8-6157] synthesizing module 'ulp_irq_const_tieoff_0' [/home/cs2401.03/mini1-gemm/build/hw/_x/link/vivado/vpl/prj/prj.gen/my_rm/bd/ulp/ip/ulp_irq_const_tieoff_0/synth/ulp_irq_const_tieoff_0.v:53]
INFO: [Synth 8-6157] synthesizing module 'xlconstant_v1_1_10_xlconstant' [/home/cs2401.03/mini1-gemm/build/hw/_x/link/vivado/vpl/prj/prj.gen/my_rm/bd/ulp/ipshared/a165/hdl/xlconstant_v1_1_vl_rfs.v:68]
INFO: [Synth 8-6155] done synthesizing module 'xlconstant_v1_1_10_xlconstant' (0#1) [/home/cs2401.03/mini1-gemm/build/hw/_x/link/vivado/vpl/prj/prj.gen/my_rm/bd/ulp/ipshared/a165/hdl/xlconstant_v1_1_vl_rfs.v:68]
INFO: [Synth 8-6155] done synthesizing module 'ulp_irq_const_tieoff_0' (0#1) [/home/cs2401.03/mini1-gemm/build/hw/_x/link/vivado/vpl/prj/prj.gen/my_rm/bd/ulp/ip/ulp_irq_const_tieoff_0/synth/ulp_irq_const_tieoff_0.v:53]
INFO: [Synth 8-6157] synthesizing module 'ulp_proc_sys_reset_ctrl_slr0_0' [/home/cs2401.03/mini1-gemm/build/hw/_x/link/vivado/vpl/prj/prj.runs/my_rm_synth_1/.Xil/Vivado-2299819-node06.local/realtime/ulp_proc_sys_reset_ctrl_slr0_0_stub.v:6]
INFO: [Synth 8-6155] done synthesizing module 'ulp_proc_sys_reset_ctrl_slr0_0' (0#1) [/home/cs2401.03/mini1-gemm/build/hw/_x/link/vivado/vpl/prj/prj.runs/my_rm_synth_1/.Xil/Vivado-2299819-node06.local/realtime/ulp_proc_sys_reset_ctrl_slr0_0_stub.v:6]
WARNING: [Synth 8-7023] instance 'proc_sys_reset_ctrl_slr0' of module 'ulp_proc_sys_reset_ctrl_slr0_0' has 10 connections declared, but only 6 given [/home/cs2401.03/mini1-gemm/build/hw/_x/link/vivado/vpl/prj/prj.gen/my_rm/bd/ulp/synth/ulp.v:3863]
INFO: [Synth 8-6157] synthesizing module 'ulp_proc_sys_reset_ctrl_slr1_0' [/home/cs2401.03/mini1-gemm/build/hw/_x/link/vivado/vpl/prj/prj.runs/my_rm_synth_1/.Xil/Vivado-2299819-node06.local/realtime/ulp_proc_sys_reset_ctrl_slr1_0_stub.v:6]
INFO: [Synth 8-6155] done synthesizing module 'ulp_proc_sys_reset_ctrl_slr1_0' (0#1) [/home/cs2401.03/mini1-gemm/build/hw/_x/link/vivado/vpl/prj/prj.runs/my_rm_synth_1/.Xil/Vivado-2299819-node06.local/realtime/ulp_proc_sys_reset_ctrl_slr1_0_stub.v:6]
WARNING: [Synth 8-7023] instance 'proc_sys_reset_ctrl_slr1' of module 'ulp_proc_sys_reset_ctrl_slr1_0' has 10 connections declared, but only 6 given [/home/cs2401.03/mini1-gemm/build/hw/_x/link/vivado/vpl/prj/prj.gen/my_rm/bd/ulp/synth/ulp.v:3870]
WARNING: [Synth 8-4446] all outputs are unconnected for this instance and logic may be removed [/home/cs2401.03/mini1-gemm/build/hw/_x/link/vivado/vpl/prj/prj.gen/my_rm/bd/ulp/synth/ulp.v:3877]
INFO: [Synth 8-6157] synthesizing module 'ulp_proc_sys_reset_freerun_slr0_0' [/home/cs2401.03/mini1-gemm/build/hw/_x/link/vivado/vpl/prj/prj.runs/my_rm_synth_1/.Xil/Vivado-2299819-node06.local/realtime/ulp_proc_sys_reset_freerun_slr0_0_stub.v:6]
INFO: [Synth 8-6155] done synthesizing module 'ulp_proc_sys_reset_freerun_slr0_0' (0#1) [/home/cs2401.03/mini1-gemm/build/hw/_x/link/vivado/vpl/prj/prj.runs/my_rm_synth_1/.Xil/Vivado-2299819-node06.local/realtime/ulp_proc_sys_reset_freerun_slr0_0_stub.v:6]
WARNING: [Synth 8-7023] instance 'proc_sys_reset_freerun_slr0' of module 'ulp_proc_sys_reset_freerun_slr0_0' has 10 connections declared, but only 5 given [/home/cs2401.03/mini1-gemm/build/hw/_x/link/vivado/vpl/prj/prj.gen/my_rm/bd/ulp/synth/ulp.v:3877]
WARNING: [Synth 8-4446] all outputs are unconnected for this instance and logic may be removed [/home/cs2401.03/mini1-gemm/build/hw/_x/link/vivado/vpl/prj/prj.gen/my_rm/bd/ulp/synth/ulp.v:3883]
INFO: [Synth 8-6157] synthesizing module 'ulp_proc_sys_reset_freerun_slr1_0' [/home/cs2401.03/mini1-gemm/build/hw/_x/link/vivado/vpl/prj/prj.runs/my_rm_synth_1/.Xil/Vivado-2299819-node06.local/realtime/ulp_proc_sys_reset_freerun_slr1_0_stub.v:6]
INFO: [Synth 8-6155] done synthesizing module 'ulp_proc_sys_reset_freerun_slr1_0' (0#1) [/home/cs2401.03/mini1-gemm/build/hw/_x/link/vivado/vpl/prj/prj.runs/my_rm_synth_1/.Xil/Vivado-2299819-node06.local/realtime/ulp_proc_sys_reset_freerun_slr1_0_stub.v:6]
WARNING: [Synth 8-7023] instance 'proc_sys_reset_freerun_slr1' of module 'ulp_proc_sys_reset_freerun_slr1_0' has 10 connections declared, but only 5 given [/home/cs2401.03/mini1-gemm/build/hw/_x/link/vivado/vpl/prj/prj.gen/my_rm/bd/ulp/synth/ulp.v:3883]
INFO: [Synth 8-6157] synthesizing module 'ulp_proc_sys_reset_kernel2_slr0_0' [/home/cs2401.03/mini1-gemm/build/hw/_x/link/vivado/vpl/prj/prj.runs/my_rm_synth_1/.Xil/Vivado-2299819-node06.local/realtime/ulp_proc_sys_reset_kernel2_slr0_0_stub.v:6]
INFO: [Synth 8-6155] done synthesizing module 'ulp_proc_sys_reset_kernel2_slr0_0' (0#1) [/home/cs2401.03/mini1-gemm/build/hw/_x/link/vivado/vpl/prj/prj.runs/my_rm_synth_1/.Xil/Vivado-2299819-node06.local/realtime/ulp_proc_sys_reset_kernel2_slr0_0_stub.v:6]
WARNING: [Synth 8-7023] instance 'proc_sys_reset_kernel2_slr0' of module 'ulp_proc_sys_reset_kernel2_slr0_0' has 10 connections declared, but only 6 given [/home/cs2401.03/mini1-gemm/build/hw/_x/link/vivado/vpl/prj/prj.gen/my_rm/bd/ulp/synth/ulp.v:3889]
INFO: [Synth 8-6157] synthesizing module 'ulp_proc_sys_reset_kernel2_slr1_0' [/home/cs2401.03/mini1-gemm/build/hw/_x/link/vivado/vpl/prj/prj.runs/my_rm_synth_1/.Xil/Vivado-2299819-node06.local/realtime/ulp_proc_sys_reset_kernel2_slr1_0_stub.v:6]
INFO: [Synth 8-6155] done synthesizing module 'ulp_proc_sys_reset_kernel2_slr1_0' (0#1) [/home/cs2401.03/mini1-gemm/build/hw/_x/link/vivado/vpl/prj/prj.runs/my_rm_synth_1/.Xil/Vivado-2299819-node06.local/realtime/ulp_proc_sys_reset_kernel2_slr1_0_stub.v:6]
WARNING: [Synth 8-7023] instance 'proc_sys_reset_kernel2_slr1' of module 'ulp_proc_sys_reset_kernel2_slr1_0' has 10 connections declared, but only 6 given [/home/cs2401.03/mini1-gemm/build/hw/_x/link/vivado/vpl/prj/prj.gen/my_rm/bd/ulp/synth/ulp.v:3896]
INFO: [Synth 8-6157] synthesizing module 'ulp_proc_sys_reset_kernel_slr0_0' [/home/cs2401.03/mini1-gemm/build/hw/_x/link/vivado/vpl/prj/prj.runs/my_rm_synth_1/.Xil/Vivado-2299819-node06.local/realtime/ulp_proc_sys_reset_kernel_slr0_0_stub.v:6]
INFO: [Synth 8-6155] done synthesizing module 'ulp_proc_sys_reset_kernel_slr0_0' (0#1) [/home/cs2401.03/mini1-gemm/build/hw/_x/link/vivado/vpl/prj/prj.runs/my_rm_synth_1/.Xil/Vivado-2299819-node06.local/realtime/ulp_proc_sys_reset_kernel_slr0_0_stub.v:6]
WARNING: [Synth 8-7023] instance 'proc_sys_reset_kernel_slr0' of module 'ulp_proc_sys_reset_kernel_slr0_0' has 10 connections declared, but only 6 given [/home/cs2401.03/mini1-gemm/build/hw/_x/link/vivado/vpl/prj/prj.gen/my_rm/bd/ulp/synth/ulp.v:3903]
INFO: [Synth 8-6157] synthesizing module 'ulp_proc_sys_reset_kernel_slr1_0' [/home/cs2401.03/mini1-gemm/build/hw/_x/link/vivado/vpl/prj/prj.runs/my_rm_synth_1/.Xil/Vivado-2299819-node06.local/realtime/ulp_proc_sys_reset_kernel_slr1_0_stub.v:6]
INFO: [Synth 8-6155] done synthesizing module 'ulp_proc_sys_reset_kernel_slr1_0' (0#1) [/home/cs2401.03/mini1-gemm/build/hw/_x/link/vivado/vpl/prj/prj.runs/my_rm_synth_1/.Xil/Vivado-2299819-node06.local/realtime/ulp_proc_sys_reset_kernel_slr1_0_stub.v:6]
WARNING: [Synth 8-7023] instance 'proc_sys_reset_kernel_slr1' of module 'ulp_proc_sys_reset_kernel_slr1_0' has 10 connections declared, but only 6 given [/home/cs2401.03/mini1-gemm/build/hw/_x/link/vivado/vpl/prj/prj.gen/my_rm/bd/ulp/synth/ulp.v:3910]
INFO: [Synth 8-6157] synthesizing module 'ulp_satellite_gpio_slice_1_0' [/home/cs2401.03/mini1-gemm/build/hw/_x/link/vivado/vpl/prj/prj.gen/my_rm/bd/ulp/ip/ulp_satellite_gpio_slice_1_0/synth/ulp_satellite_gpio_slice_1_0.v:53]
INFO: [Synth 8-6157] synthesizing module 'xlslice_v1_0_5_xlslice' [/home/cs2401.03/mini1-gemm/build/hw/_x/link/vivado/vpl/prj/prj.gen/my_rm/bd/ulp/ipshared/6792/hdl/xlslice_v1_0_vl_rfs.v:58]
INFO: [Synth 8-6155] done synthesizing module 'xlslice_v1_0_5_xlslice' (0#1) [/home/cs2401.03/mini1-gemm/build/hw/_x/link/vivado/vpl/prj/prj.gen/my_rm/bd/ulp/ipshared/6792/hdl/xlslice_v1_0_vl_rfs.v:58]
INFO: [Synth 8-6155] done synthesizing module 'ulp_satellite_gpio_slice_1_0' (0#1) [/home/cs2401.03/mini1-gemm/build/hw/_x/link/vivado/vpl/prj/prj.gen/my_rm/bd/ulp/ip/ulp_satellite_gpio_slice_1_0/synth/ulp_satellite_gpio_slice_1_0.v:53]
INFO: [Synth 8-6157] synthesizing module 'ulp_ulp_cmp_0' [/home/cs2401.03/mini1-gemm/build/hw/_x/link/vivado/vpl/prj/prj.runs/my_rm_synth_1/.Xil/Vivado-2299819-node06.local/realtime/ulp_ulp_cmp_0_stub.v:6]
INFO: [Synth 8-6155] done synthesizing module 'ulp_ulp_cmp_0' (0#1) [/home/cs2401.03/mini1-gemm/build/hw/_x/link/vivado/vpl/prj/prj.runs/my_rm_synth_1/.Xil/Vivado-2299819-node06.local/realtime/ulp_ulp_cmp_0_stub.v:6]
INFO: [Synth 8-6157] synthesizing module 'ulp_ulp_ucs_0' [/home/cs2401.03/mini1-gemm/build/hw/_x/link/vivado/vpl/prj/prj.runs/my_rm_synth_1/.Xil/Vivado-2299819-node06.local/realtime/ulp_ulp_ucs_0_stub.v:6]
INFO: [Synth 8-6155] done synthesizing module 'ulp_ulp_ucs_0' (0#1) [/home/cs2401.03/mini1-gemm/build/hw/_x/link/vivado/vpl/prj/prj.runs/my_rm_synth_1/.Xil/Vivado-2299819-node06.local/realtime/ulp_ulp_ucs_0_stub.v:6]
INFO: [Synth 8-6155] done synthesizing module 'ulp' (0#1) [/home/cs2401.03/mini1-gemm/build/hw/_x/link/vivado/vpl/prj/prj.gen/my_rm/bd/ulp/synth/ulp.v:1871]
WARNING: [Synth 8-3848] Net io_gt_qsfp_00_gtx_n in module/entity ulp does not have driver. [/home/cs2401.03/mini1-gemm/build/hw/_x/link/vivado/vpl/prj/prj.gen/my_rm/bd/ulp/synth/ulp.v:2231]
WARNING: [Synth 8-3848] Net io_gt_qsfp_00_gtx_p in module/entity ulp does not have driver. [/home/cs2401.03/mini1-gemm/build/hw/_x/link/vivado/vpl/prj/prj.gen/my_rm/bd/ulp/synth/ulp.v:2232]
WARNING: [Synth 8-7129] Port Din[0] in module xlslice_v1_0_5_xlslice is either unconnected or has no load
WARNING: [Synth 8-7129] Port In32[0] in module xlconcat_v2_1_7_xlconcat__parameterized0 is either unconnected or has no load
WARNING: [Synth 8-7129] Port In33[0] in module xlconcat_v2_1_7_xlconcat__parameterized0 is either unconnected or has no load
WARNING: [Synth 8-7129] Port In34[0] in module xlconcat_v2_1_7_xlconcat__parameterized0 is either unconnected or has no load
WARNING: [Synth 8-7129] Port In35[0] in module xlconcat_v2_1_7_xlconcat__parameterized0 is either unconnected or has no load
WARNING: [Synth 8-7129] Port In36[0] in module xlconcat_v2_1_7_xlconcat__parameterized0 is either unconnected or has no load
WARNING: [Synth 8-7129] Port In37[0] in module xlconcat_v2_1_7_xlconcat__parameterized0 is either unconnected or has no load
WARNING: [Synth 8-7129] Port In38[0] in module xlconcat_v2_1_7_xlconcat__parameterized0 is either unconnected or has no load
WARNING: [Synth 8-7129] Port In39[0] in module xlconcat_v2_1_7_xlconcat__parameterized0 is either unconnected or has no load
WARNING: [Synth 8-7129] Port In40[0] in module xlconcat_v2_1_7_xlconcat__parameterized0 is either unconnected or has no load
WARNING: [Synth 8-7129] Port In41[0] in module xlconcat_v2_1_7_xlconcat__parameterized0 is either unconnected or has no load
WARNING: [Synth 8-7129] Port In42[0] in module xlconcat_v2_1_7_xlconcat__parameterized0 is either unconnected or has no load
WARNING: [Synth 8-7129] Port In43[0] in module xlconcat_v2_1_7_xlconcat__parameterized0 is either unconnected or has no load
WARNING: [Synth 8-7129] Port In44[0] in module xlconcat_v2_1_7_xlconcat__parameterized0 is either unconnected or has no load
WARNING: [Synth 8-7129] Port In45[0] in module xlconcat_v2_1_7_xlconcat__parameterized0 is either unconnected or has no load
WARNING: [Synth 8-7129] Port In46[0] in module xlconcat_v2_1_7_xlconcat__parameterized0 is either unconnected or has no load
WARNING: [Synth 8-7129] Port In47[0] in module xlconcat_v2_1_7_xlconcat__parameterized0 is either unconnected or has no load
WARNING: [Synth 8-7129] Port In48[0] in module xlconcat_v2_1_7_xlconcat__parameterized0 is either unconnected or has no load
WARNING: [Synth 8-7129] Port In49[0] in module xlconcat_v2_1_7_xlconcat__parameterized0 is either unconnected or has no load
WARNING: [Synth 8-7129] Port In50[0] in module xlconcat_v2_1_7_xlconcat__parameterized0 is either unconnected or has no load
WARNING: [Synth 8-7129] Port In51[0] in module xlconcat_v2_1_7_xlconcat__parameterized0 is either unconnected or has no load
WARNING: [Synth 8-7129] Port In52[0] in module xlconcat_v2_1_7_xlconcat__parameterized0 is either unconnected or has no load
WARNING: [Synth 8-7129] Port In53[0] in module xlconcat_v2_1_7_xlconcat__parameterized0 is either unconnected or has no load
WARNING: [Synth 8-7129] Port In54[0] in module xlconcat_v2_1_7_xlconcat__parameterized0 is either unconnected or has no load
WARNING: [Synth 8-7129] Port In55[0] in module xlconcat_v2_1_7_xlconcat__parameterized0 is either unconnected or has no load
WARNING: [Synth 8-7129] Port In56[0] in module xlconcat_v2_1_7_xlconcat__parameterized0 is either unconnected or has no load
WARNING: [Synth 8-7129] Port In57[0] in module xlconcat_v2_1_7_xlconcat__parameterized0 is either unconnected or has no load
WARNING: [Synth 8-7129] Port In58[0] in module xlconcat_v2_1_7_xlconcat__parameterized0 is either unconnected or has no load
WARNING: [Synth 8-7129] Port In59[0] in module xlconcat_v2_1_7_xlconcat__parameterized0 is either unconnected or has no load
WARNING: [Synth 8-7129] Port In60[0] in module xlconcat_v2_1_7_xlconcat__parameterized0 is either unconnected or has no load
WARNING: [Synth 8-7129] Port In61[0] in module xlconcat_v2_1_7_xlconcat__parameterized0 is either unconnected or has no load
WARNING: [Synth 8-7129] Port In62[0] in module xlconcat_v2_1_7_xlconcat__parameterized0 is either unconnected or has no load
WARNING: [Synth 8-7129] Port In63[0] in module xlconcat_v2_1_7_xlconcat__parameterized0 is either unconnected or has no load
WARNING: [Synth 8-7129] Port In64[0] in module xlconcat_v2_1_7_xlconcat__parameterized0 is either unconnected or has no load
WARNING: [Synth 8-7129] Port In65[0] in module xlconcat_v2_1_7_xlconcat__parameterized0 is either unconnected or has no load
WARNING: [Synth 8-7129] Port In66[0] in module xlconcat_v2_1_7_xlconcat__parameterized0 is either unconnected or has no load
WARNING: [Synth 8-7129] Port In67[0] in module xlconcat_v2_1_7_xlconcat__parameterized0 is either unconnected or has no load
WARNING: [Synth 8-7129] Port In68[0] in module xlconcat_v2_1_7_xlconcat__parameterized0 is either unconnected or has no load
WARNING: [Synth 8-7129] Port In69[0] in module xlconcat_v2_1_7_xlconcat__parameterized0 is either unconnected or has no load
WARNING: [Synth 8-7129] Port In70[0] in module xlconcat_v2_1_7_xlconcat__parameterized0 is either unconnected or has no load
WARNING: [Synth 8-7129] Port In71[0] in module xlconcat_v2_1_7_xlconcat__parameterized0 is either unconnected or has no load
WARNING: [Synth 8-7129] Port In72[0] in module xlconcat_v2_1_7_xlconcat__parameterized0 is either unconnected or has no load
WARNING: [Synth 8-7129] Port In73[0] in module xlconcat_v2_1_7_xlconcat__parameterized0 is either unconnected or has no load
WARNING: [Synth 8-7129] Port In74[0] in module xlconcat_v2_1_7_xlconcat__parameterized0 is either unconnected or has no load
WARNING: [Synth 8-7129] Port In75[0] in module xlconcat_v2_1_7_xlconcat__parameterized0 is either unconnected or has no load
WARNING: [Synth 8-7129] Port In76[0] in module xlconcat_v2_1_7_xlconcat__parameterized0 is either unconnected or has no load
WARNING: [Synth 8-7129] Port In77[0] in module xlconcat_v2_1_7_xlconcat__parameterized0 is either unconnected or has no load
WARNING: [Synth 8-7129] Port In78[0] in module xlconcat_v2_1_7_xlconcat__parameterized0 is either unconnected or has no load
WARNING: [Synth 8-7129] Port In79[0] in module xlconcat_v2_1_7_xlconcat__parameterized0 is either unconnected or has no load
WARNING: [Synth 8-7129] Port In80[0] in module xlconcat_v2_1_7_xlconcat__parameterized0 is either unconnected or has no load
WARNING: [Synth 8-7129] Port In81[0] in module xlconcat_v2_1_7_xlconcat__parameterized0 is either unconnected or has no load
WARNING: [Synth 8-7129] Port In82[0] in module xlconcat_v2_1_7_xlconcat__parameterized0 is either unconnected or has no load
WARNING: [Synth 8-7129] Port In83[0] in module xlconcat_v2_1_7_xlconcat__parameterized0 is either unconnected or has no load
WARNING: [Synth 8-7129] Port In84[0] in module xlconcat_v2_1_7_xlconcat__parameterized0 is either unconnected or has no load
WARNING: [Synth 8-7129] Port In85[0] in module xlconcat_v2_1_7_xlconcat__parameterized0 is either unconnected or has no load
WARNING: [Synth 8-7129] Port In86[0] in module xlconcat_v2_1_7_xlconcat__parameterized0 is either unconnected or has no load
WARNING: [Synth 8-7129] Port In87[0] in module xlconcat_v2_1_7_xlconcat__parameterized0 is either unconnected or has no load
WARNING: [Synth 8-7129] Port In88[0] in module xlconcat_v2_1_7_xlconcat__parameterized0 is either unconnected or has no load
WARNING: [Synth 8-7129] Port In89[0] in module xlconcat_v2_1_7_xlconcat__parameterized0 is either unconnected or has no load
WARNING: [Synth 8-7129] Port In90[0] in module xlconcat_v2_1_7_xlconcat__parameterized0 is either unconnected or has no load
WARNING: [Synth 8-7129] Port In91[0] in module xlconcat_v2_1_7_xlconcat__parameterized0 is either unconnected or has no load
WARNING: [Synth 8-7129] Port In92[0] in module xlconcat_v2_1_7_xlconcat__parameterized0 is either unconnected or has no load
WARNING: [Synth 8-7129] Port In93[0] in module xlconcat_v2_1_7_xlconcat__parameterized0 is either unconnected or has no load
WARNING: [Synth 8-7129] Port In94[0] in module xlconcat_v2_1_7_xlconcat__parameterized0 is either unconnected or has no load
WARNING: [Synth 8-7129] Port In95[0] in module xlconcat_v2_1_7_xlconcat__parameterized0 is either unconnected or has no load
WARNING: [Synth 8-7129] Port In96[0] in module xlconcat_v2_1_7_xlconcat__parameterized0 is either unconnected or has no load
WARNING: [Synth 8-7129] Port In97[0] in module xlconcat_v2_1_7_xlconcat__parameterized0 is either unconnected or has no load
WARNING: [Synth 8-7129] Port In98[0] in module xlconcat_v2_1_7_xlconcat__parameterized0 is either unconnected or has no load
WARNING: [Synth 8-7129] Port In99[0] in module xlconcat_v2_1_7_xlconcat__parameterized0 is either unconnected or has no load
WARNING: [Synth 8-7129] Port In100[0] in module xlconcat_v2_1_7_xlconcat__parameterized0 is either unconnected or has no load
WARNING: [Synth 8-7129] Port In101[0] in module xlconcat_v2_1_7_xlconcat__parameterized0 is either unconnected or has no load
WARNING: [Synth 8-7129] Port In102[0] in module xlconcat_v2_1_7_xlconcat__parameterized0 is either unconnected or has no load
WARNING: [Synth 8-7129] Port In103[0] in module xlconcat_v2_1_7_xlconcat__parameterized0 is either unconnected or has no load
WARNING: [Synth 8-7129] Port In104[0] in module xlconcat_v2_1_7_xlconcat__parameterized0 is either unconnected or has no load
WARNING: [Synth 8-7129] Port In105[0] in module xlconcat_v2_1_7_xlconcat__parameterized0 is either unconnected or has no load
WARNING: [Synth 8-7129] Port In106[0] in module xlconcat_v2_1_7_xlconcat__parameterized0 is either unconnected or has no load
WARNING: [Synth 8-7129] Port In107[0] in module xlconcat_v2_1_7_xlconcat__parameterized0 is either unconnected or has no load
WARNING: [Synth 8-7129] Port In108[0] in module xlconcat_v2_1_7_xlconcat__parameterized0 is either unconnected or has no load
WARNING: [Synth 8-7129] Port In109[0] in module xlconcat_v2_1_7_xlconcat__parameterized0 is either unconnected or has no load
WARNING: [Synth 8-7129] Port In110[0] in module xlconcat_v2_1_7_xlconcat__parameterized0 is either unconnected or has no load
WARNING: [Synth 8-7129] Port In111[0] in module xlconcat_v2_1_7_xlconcat__parameterized0 is either unconnected or has no load
WARNING: [Synth 8-7129] Port In112[0] in module xlconcat_v2_1_7_xlconcat__parameterized0 is either unconnected or has no load
WARNING: [Synth 8-7129] Port In113[0] in module xlconcat_v2_1_7_xlconcat__parameterized0 is either unconnected or has no load
WARNING: [Synth 8-7129] Port In114[0] in module xlconcat_v2_1_7_xlconcat__parameterized0 is either unconnected or has no load
WARNING: [Synth 8-7129] Port In115[0] in module xlconcat_v2_1_7_xlconcat__parameterized0 is either unconnected or has no load
WARNING: [Synth 8-7129] Port In116[0] in module xlconcat_v2_1_7_xlconcat__parameterized0 is either unconnected or has no load
WARNING: [Synth 8-7129] Port In117[0] in module xlconcat_v2_1_7_xlconcat__parameterized0 is either unconnected or has no load
WARNING: [Synth 8-7129] Port In118[0] in module xlconcat_v2_1_7_xlconcat__parameterized0 is either unconnected or has no load
WARNING: [Synth 8-7129] Port In119[0] in module xlconcat_v2_1_7_xlconcat__parameterized0 is either unconnected or has no load
WARNING: [Synth 8-7129] Port In120[0] in module xlconcat_v2_1_7_xlconcat__parameterized0 is either unconnected or has no load
WARNING: [Synth 8-7129] Port In121[0] in module xlconcat_v2_1_7_xlconcat__parameterized0 is either unconnected or has no load
WARNING: [Synth 8-7129] Port In122[0] in module xlconcat_v2_1_7_xlconcat__parameterized0 is either unconnected or has no load
WARNING: [Synth 8-7129] Port In123[0] in module xlconcat_v2_1_7_xlconcat__parameterized0 is either unconnected or has no load
WARNING: [Synth 8-7129] Port In124[0] in module xlconcat_v2_1_7_xlconcat__parameterized0 is either unconnected or has no load
WARNING: [Synth 8-7129] Port In125[0] in module xlconcat_v2_1_7_xlconcat__parameterized0 is either unconnected or has no load
WARNING: [Synth 8-7129] Port In126[0] in module xlconcat_v2_1_7_xlconcat__parameterized0 is either unconnected or has no load
WARNING: [Synth 8-7129] Port In127[0] in module xlconcat_v2_1_7_xlconcat__parameterized0 is either unconnected or has no load
WARNING: [Synth 8-7129] Port In4[0] in module xlconcat_v2_1_7_xlconcat is either unconnected or has no load
WARNING: [Synth 8-7129] Port In5[0] in module xlconcat_v2_1_7_xlconcat is either unconnected or has no load
WARNING: [Synth 8-7129] Port In6[0] in module xlconcat_v2_1_7_xlconcat is either unconnected or has no load
INFO: [Common 17-14] Message 'Synth 8-7129' appears 100 times and further instances of the messages will be disabled.
---------------------------------------------------------------------------------
Finished RTL Elaboration : Time (s): cpu = 00:00:05 ; elapsed = 00:00:05 . Memory (MB): peak = 3700.125 ; gain = 376.711 ; free physical = 167882 ; free virtual = 471184
---------------------------------------------------------------------------------
---------------------------------------------------------------------------------
Start Handling Custom Attributes
---------------------------------------------------------------------------------
---------------------------------------------------------------------------------
Finished Handling Custom Attributes : Time (s): cpu = 00:00:05 ; elapsed = 00:00:05 . Memory (MB): peak = 3703.094 ; gain = 379.680 ; free physical = 167881 ; free virtual = 471183
---------------------------------------------------------------------------------
---------------------------------------------------------------------------------
Finished RTL Optimization Phase 1 : Time (s): cpu = 00:00:05 ; elapsed = 00:00:05 . Memory (MB): peak = 3703.094 ; gain = 379.680 ; free physical = 167881 ; free virtual = 471183
---------------------------------------------------------------------------------
Netlist sorting complete. Time (s): cpu = 00:00:00.04 ; elapsed = 00:00:00.04 . Memory (MB): peak = 3703.094 ; gain = 0.000 ; free physical = 167882 ; free virtual = 471184
INFO: [Project 1-570] Preparing netlist for logic optimization

Processing XDC Constraints
Initializing timing engine
Parsing XDC File [/home/cs2401.03/mini1-gemm/build/hw/_x/link/vivado/vpl/prj/prj.gen/my_rm/bd/ulp/ip/ulp_axi_gpio_null_0/ulp_axi_gpio_null_0/ulp_axi_gpio_null_1_in_context.xdc] for cell 'SLR0/axi_gpio_null'
Finished Parsing XDC File [/home/cs2401.03/mini1-gemm/build/hw/_x/link/vivado/vpl/prj/prj.gen/my_rm/bd/ulp/ip/ulp_axi_gpio_null_0/ulp_axi_gpio_null_0/ulp_axi_gpio_null_1_in_context.xdc] for cell 'SLR0/axi_gpio_null'
Parsing XDC File [/home/cs2401.03/mini1-gemm/build/hw/_x/link/vivado/vpl/prj/prj.gen/my_rm/bd/ulp/ip/ulp_axi_gpio_null_1/ulp_axi_gpio_null_1/ulp_axi_gpio_null_1_in_context.xdc] for cell 'SLR1/axi_gpio_null'
Finished Parsing XDC File [/home/cs2401.03/mini1-gemm/build/hw/_x/link/vivado/vpl/prj/prj.gen/my_rm/bd/ulp/ip/ulp_axi_gpio_null_1/ulp_axi_gpio_null_1/ulp_axi_gpio_null_1_in_context.xdc] for cell 'SLR1/axi_gpio_null'
Parsing XDC File [/home/cs2401.03/mini1-gemm/build/hw/_x/link/vivado/vpl/prj/prj.gen/my_rm/bd/ulp/ip/ulp_axi_vip_data_0/ulp_axi_vip_data_0/ulp_axi_vip_data_0_in_context.xdc] for cell 'axi_vip_data'
Finished Parsing XDC File [/home/cs2401.03/mini1-gemm/build/hw/_x/link/vivado/vpl/prj/prj.gen/my_rm/bd/ulp/ip/ulp_axi_vip_data_0/ulp_axi_vip_data_0/ulp_axi_vip_data_0_in_context.xdc] for cell 'axi_vip_data'
Parsing XDC File [/home/cs2401.03/mini1-gemm/build/hw/_x/link/vivado/vpl/prj/prj.gen/my_rm/bd/ulp/ip/ulp_hmss_0_0/ulp_hmss_0_0/ulp_hmss_0_0_in_context.xdc] for cell 'hmss_0'
Finished Parsing XDC File [/home/cs2401.03/mini1-gemm/build/hw/_x/link/vivado/vpl/prj/prj.gen/my_rm/bd/ulp/ip/ulp_hmss_0_0/ulp_hmss_0_0/ulp_hmss_0_0_in_context.xdc] for cell 'hmss_0'
Parsing XDC File [/home/cs2401.03/mini1-gemm/build/hw/_x/link/vivado/vpl/prj/prj.gen/my_rm/bd/ulp/ip/ulp_proc_sys_reset_ctrl_slr0_0/ulp_proc_sys_reset_ctrl_slr0_0/ulp_proc_sys_reset_ctrl_slr0_0_in_context.xdc] for cell 'proc_sys_reset_ctrl_slr0'
Finished Parsing XDC File [/home/cs2401.03/mini1-gemm/build/hw/_x/link/vivado/vpl/prj/prj.gen/my_rm/bd/ulp/ip/ulp_proc_sys_reset_ctrl_slr0_0/ulp_proc_sys_reset_ctrl_slr0_0/ulp_proc_sys_reset_ctrl_slr0_0_in_context.xdc] for cell 'proc_sys_reset_ctrl_slr0'
Parsing XDC File [/home/cs2401.03/mini1-gemm/build/hw/_x/link/vivado/vpl/prj/prj.gen/my_rm/bd/ulp/ip/ulp_proc_sys_reset_ctrl_slr1_0/ulp_proc_sys_reset_ctrl_slr1_0/ulp_proc_sys_reset_ctrl_slr1_0_in_context.xdc] for cell 'proc_sys_reset_ctrl_slr1'
Finished Parsing XDC File [/home/cs2401.03/mini1-gemm/build/hw/_x/link/vivado/vpl/prj/prj.gen/my_rm/bd/ulp/ip/ulp_proc_sys_reset_ctrl_slr1_0/ulp_proc_sys_reset_ctrl_slr1_0/ulp_proc_sys_reset_ctrl_slr1_0_in_context.xdc] for cell 'proc_sys_reset_ctrl_slr1'
Parsing XDC File [/home/cs2401.03/mini1-gemm/build/hw/_x/link/vivado/vpl/prj/prj.gen/my_rm/bd/ulp/ip/ulp_proc_sys_reset_freerun_slr0_0/ulp_proc_sys_reset_freerun_slr0_0/ulp_proc_sys_reset_freerun_slr0_0_in_context.xdc] for cell 'proc_sys_reset_freerun_slr0'
Finished Parsing XDC File [/home/cs2401.03/mini1-gemm/build/hw/_x/link/vivado/vpl/prj/prj.gen/my_rm/bd/ulp/ip/ulp_proc_sys_reset_freerun_slr0_0/ulp_proc_sys_reset_freerun_slr0_0/ulp_proc_sys_reset_freerun_slr0_0_in_context.xdc] for cell 'proc_sys_reset_freerun_slr0'
Parsing XDC File [/home/cs2401.03/mini1-gemm/build/hw/_x/link/vivado/vpl/prj/prj.gen/my_rm/bd/ulp/ip/ulp_proc_sys_reset_freerun_slr1_0/ulp_proc_sys_reset_freerun_slr1_0/ulp_proc_sys_reset_freerun_slr1_0_in_context.xdc] for cell 'proc_sys_reset_freerun_slr1'
Finished Parsing XDC File [/home/cs2401.03/mini1-gemm/build/hw/_x/link/vivado/vpl/prj/prj.gen/my_rm/bd/ulp/ip/ulp_proc_sys_reset_freerun_slr1_0/ulp_proc_sys_reset_freerun_slr1_0/ulp_proc_sys_reset_freerun_slr1_0_in_context.xdc] for cell 'proc_sys_reset_freerun_slr1'
Parsing XDC File [/home/cs2401.03/mini1-gemm/build/hw/_x/link/vivado/vpl/prj/prj.gen/my_rm/bd/ulp/ip/ulp_proc_sys_reset_kernel2_slr0_0/ulp_proc_sys_reset_kernel2_slr0_0/ulp_proc_sys_reset_kernel2_slr0_0_in_context.xdc] for cell 'proc_sys_reset_kernel2_slr0'
Finished Parsing XDC File [/home/cs2401.03/mini1-gemm/build/hw/_x/link/vivado/vpl/prj/prj.gen/my_rm/bd/ulp/ip/ulp_proc_sys_reset_kernel2_slr0_0/ulp_proc_sys_reset_kernel2_slr0_0/ulp_proc_sys_reset_kernel2_slr0_0_in_context.xdc] for cell 'proc_sys_reset_kernel2_slr0'
Parsing XDC File [/home/cs2401.03/mini1-gemm/build/hw/_x/link/vivado/vpl/prj/prj.gen/my_rm/bd/ulp/ip/ulp_proc_sys_reset_kernel2_slr1_0/ulp_proc_sys_reset_kernel2_slr1_0/ulp_proc_sys_reset_kernel2_slr1_0_in_context.xdc] for cell 'proc_sys_reset_kernel2_slr1'
Finished Parsing XDC File [/home/cs2401.03/mini1-gemm/build/hw/_x/link/vivado/vpl/prj/prj.gen/my_rm/bd/ulp/ip/ulp_proc_sys_reset_kernel2_slr1_0/ulp_proc_sys_reset_kernel2_slr1_0/ulp_proc_sys_reset_kernel2_slr1_0_in_context.xdc] for cell 'proc_sys_reset_kernel2_slr1'
Parsing XDC File [/home/cs2401.03/mini1-gemm/build/hw/_x/link/vivado/vpl/prj/prj.gen/my_rm/bd/ulp/ip/ulp_proc_sys_reset_kernel_slr0_0/ulp_proc_sys_reset_kernel_slr0_0/ulp_proc_sys_reset_kernel_slr0_0_in_context.xdc] for cell 'proc_sys_reset_kernel_slr0'
Finished Parsing XDC File [/home/cs2401.03/mini1-gemm/build/hw/_x/link/vivado/vpl/prj/prj.gen/my_rm/bd/ulp/ip/ulp_proc_sys_reset_kernel_slr0_0/ulp_proc_sys_reset_kernel_slr0_0/ulp_proc_sys_reset_kernel_slr0_0_in_context.xdc] for cell 'proc_sys_reset_kernel_slr0'
Parsing XDC File [/home/cs2401.03/mini1-gemm/build/hw/_x/link/vivado/vpl/prj/prj.gen/my_rm/bd/ulp/ip/ulp_proc_sys_reset_kernel_slr1_0/ulp_proc_sys_reset_kernel_slr1_0/ulp_proc_sys_reset_kernel_slr1_0_in_context.xdc] for cell 'proc_sys_reset_kernel_slr1'
Finished Parsing XDC File [/home/cs2401.03/mini1-gemm/build/hw/_x/link/vivado/vpl/prj/prj.gen/my_rm/bd/ulp/ip/ulp_proc_sys_reset_kernel_slr1_0/ulp_proc_sys_reset_kernel_slr1_0/ulp_proc_sys_reset_kernel_slr1_0_in_context.xdc] for cell 'proc_sys_reset_kernel_slr1'
Parsing XDC File [/home/cs2401.03/mini1-gemm/build/hw/_x/link/vivado/vpl/prj/prj.gen/my_rm/bd/ulp/ip/ulp_regslice_control_userpf_0/ulp_regslice_control_userpf_0/ulp_regslice_control_userpf_0_in_context.xdc] for cell 'SLR0/regslice_control_userpf'
Finished Parsing XDC File [/home/cs2401.03/mini1-gemm/build/hw/_x/link/vivado/vpl/prj/prj.gen/my_rm/bd/ulp/ip/ulp_regslice_control_userpf_0/ulp_regslice_control_userpf_0/ulp_regslice_control_userpf_0_in_context.xdc] for cell 'SLR0/regslice_control_userpf'
Parsing XDC File [/home/cs2401.03/mini1-gemm/build/hw/_x/link/vivado/vpl/prj/prj.gen/my_rm/bd/ulp/ip/ulp_regslice_control_userpf_1/ulp_regslice_control_userpf_1/ulp_regslice_control_userpf_1_in_context.xdc] for cell 'SLR1/regslice_control_userpf'
Finished Parsing XDC File [/home/cs2401.03/mini1-gemm/build/hw/_x/link/vivado/vpl/prj/prj.gen/my_rm/bd/ulp/ip/ulp_regslice_control_userpf_1/ulp_regslice_control_userpf_1/ulp_regslice_control_userpf_1_in_context.xdc] for cell 'SLR1/regslice_control_userpf'
Parsing XDC File [/home/cs2401.03/mini1-gemm/build/hw/_x/link/vivado/vpl/prj/prj.gen/my_rm/bd/ulp/ip/ulp_ulp_cmp_0/ulp_ulp_cmp_0/ulp_ulp_cmp_0_in_context.xdc] for cell 'ulp_cmp'
Finished Parsing XDC File [/home/cs2401.03/mini1-gemm/build/hw/_x/link/vivado/vpl/prj/prj.gen/my_rm/bd/ulp/ip/ulp_ulp_cmp_0/ulp_ulp_cmp_0/ulp_ulp_cmp_0_in_context.xdc] for cell 'ulp_cmp'
Parsing XDC File [/home/cs2401.03/mini1-gemm/build/hw/_x/link/vivado/vpl/prj/prj.gen/my_rm/bd/ulp/ip/ulp_ulp_ucs_0/ulp_ulp_ucs_0/ulp_ulp_ucs_0_in_context.xdc] for cell 'ulp_ucs'
Finished Parsing XDC File [/home/cs2401.03/mini1-gemm/build/hw/_x/link/vivado/vpl/prj/prj.gen/my_rm/bd/ulp/ip/ulp_ulp_ucs_0/ulp_ulp_ucs_0/ulp_ulp_ucs_0_in_context.xdc] for cell 'ulp_ucs'
Parsing XDC File [/home/cs2401.03/mini1-gemm/build/hw/_x/link/vivado/vpl/prj/prj.gen/my_rm/bd/ulp/ip/ulp_ii_level0_wire_0/ulp_ii_level0_wire_0/ulp_ii_level0_wire_0_in_context.xdc] for cell 'ii_level0_wire'
Finished Parsing XDC File [/home/cs2401.03/mini1-gemm/build/hw/_x/link/vivado/vpl/prj/prj.gen/my_rm/bd/ulp/ip/ulp_ii_level0_wire_0/ulp_ii_level0_wire_0/ulp_ii_level0_wire_0_in_context.xdc] for cell 'ii_level0_wire'
Parsing XDC File [/home/cs2401.03/mini1-gemm/build/hw/_x/link/vivado/vpl/prj/prj.gen/my_rm/bd/ulp/ip/ulp_axi_ic_ctrl_mgmt_slr1_upgraded_ipi_imp_xbar_0/ulp_axi_ic_ctrl_mgmt_slr1_upgraded_ipi_imp_xbar_0/ulp_axi_ic_ctrl_mgmt_slr1_upgraded_ipi_imp_xbar_0_in_context.xdc] for cell 'axi_ic_ctrl_mgmt_slr1/xbar'
Finished Parsing XDC File [/home/cs2401.03/mini1-gemm/build/hw/_x/link/vivado/vpl/prj/prj.gen/my_rm/bd/ulp/ip/ulp_axi_ic_ctrl_mgmt_slr1_upgraded_ipi_imp_xbar_0/ulp_axi_ic_ctrl_mgmt_slr1_upgraded_ipi_imp_xbar_0/ulp_axi_ic_ctrl_mgmt_slr1_upgraded_ipi_imp_xbar_0_in_context.xdc] for cell 'axi_ic_ctrl_mgmt_slr1/xbar'
Parsing XDC File [/home/cs2401.03/mini1-gemm/build/hw/_x/link/vivado/vpl/prj/prj.gen/my_rm/bd/ulp/ip/ulp_axi_regslice_slr1_0_0/ulp_axi_regslice_slr1_0_0/ulp_axi_regslice_slr1_0_0_in_context.xdc] for cell 'axi_regslice_slr1_0'
Finished Parsing XDC File [/home/cs2401.03/mini1-gemm/build/hw/_x/link/vivado/vpl/prj/prj.gen/my_rm/bd/ulp/ip/ulp_axi_regslice_slr1_0_0/ulp_axi_regslice_slr1_0_0/ulp_axi_regslice_slr1_0_0_in_context.xdc] for cell 'axi_regslice_slr1_0'
Parsing XDC File [/home/cs2401.03/mini1-gemm/build/hw/_x/link/vivado/vpl/prj/prj.gen/my_rm/bd/ulp/ip/ulp_axi_regslice_slr1_1_0/ulp_axi_regslice_slr1_1_0/ulp_axi_regslice_slr1_1_0_in_context.xdc] for cell 'axi_regslice_slr1_1'
Finished Parsing XDC File [/home/cs2401.03/mini1-gemm/build/hw/_x/link/vivado/vpl/prj/prj.gen/my_rm/bd/ulp/ip/ulp_axi_regslice_slr1_1_0/ulp_axi_regslice_slr1_1_0/ulp_axi_regslice_slr1_1_0_in_context.xdc] for cell 'axi_regslice_slr1_1'
Parsing XDC File [/home/cs2401.03/mini1-gemm/build/hw/_x/link/vivado/vpl/prj/prj.gen/my_rm/bd/ulp/ip/ulp_axi_vip_ctrl_userpf_0/ulp_axi_vip_ctrl_userpf_0/ulp_axi_vip_ctrl_userpf_1_in_context.xdc] for cell 'SLR0/axi_vip_ctrl_userpf'
Finished Parsing XDC File [/home/cs2401.03/mini1-gemm/build/hw/_x/link/vivado/vpl/prj/prj.gen/my_rm/bd/ulp/ip/ulp_axi_vip_ctrl_userpf_0/ulp_axi_vip_ctrl_userpf_0/ulp_axi_vip_ctrl_userpf_1_in_context.xdc] for cell 'SLR0/axi_vip_ctrl_userpf'
Parsing XDC File [/home/cs2401.03/mini1-gemm/build/hw/_x/link/vivado/vpl/prj/prj.gen/my_rm/bd/ulp/ip/ulp_interconnect_axilite_user_upgraded_ipi_imp_xbar_0/ulp_interconnect_axilite_user_upgraded_ipi_imp_xbar_0/ulp_interconnect_axilite_user_upgraded_ipi_imp_xbar_0_in_context.xdc] for cell 'SLR0/interconnect_axilite_user/xbar'
Finished Parsing XDC File [/home/cs2401.03/mini1-gemm/build/hw/_x/link/vivado/vpl/prj/prj.gen/my_rm/bd/ulp/ip/ulp_interconnect_axilite_user_upgraded_ipi_imp_xbar_0/ulp_interconnect_axilite_user_upgraded_ipi_imp_xbar_0/ulp_interconnect_axilite_user_upgraded_ipi_imp_xbar_0_in_context.xdc] for cell 'SLR0/interconnect_axilite_user/xbar'
Parsing XDC File [/home/cs2401.03/mini1-gemm/build/hw/_x/link/vivado/vpl/prj/prj.gen/my_rm/bd/ulp/ip/ulp_interconnect_axilite_user_imp_s00_regslice_0/ulp_interconnect_axilite_user_imp_s00_regslice_0/ulp_interconnect_axilite_user_imp_s00_regslice_0_in_context.xdc] for cell 'SLR0/interconnect_axilite_user/s00_couplers/s00_regslice'
Finished Parsing XDC File [/home/cs2401.03/mini1-gemm/build/hw/_x/link/vivado/vpl/prj/prj.gen/my_rm/bd/ulp/ip/ulp_interconnect_axilite_user_imp_s00_regslice_0/ulp_interconnect_axilite_user_imp_s00_regslice_0/ulp_interconnect_axilite_user_imp_s00_regslice_0_in_context.xdc] for cell 'SLR0/interconnect_axilite_user/s00_couplers/s00_regslice'
Parsing XDC File [/home/cs2401.03/mini1-gemm/build/hw/_x/link/vivado/vpl/prj/prj.gen/my_rm/bd/ulp/ip/ulp_interconnect_axilite_user_imp_m00_regslice_0/ulp_interconnect_axilite_user_imp_m00_regslice_0/ulp_interconnect_axilite_user_imp_m00_regslice_0_in_context.xdc] for cell 'SLR0/interconnect_axilite_user/m00_couplers/m00_regslice'
Finished Parsing XDC File [/home/cs2401.03/mini1-gemm/build/hw/_x/link/vivado/vpl/prj/prj.gen/my_rm/bd/ulp/ip/ulp_interconnect_axilite_user_imp_m00_regslice_0/ulp_interconnect_axilite_user_imp_m00_regslice_0/ulp_interconnect_axilite_user_imp_m00_regslice_0_in_context.xdc] for cell 'SLR0/interconnect_axilite_user/m00_couplers/m00_regslice'
Parsing XDC File [/home/cs2401.03/mini1-gemm/build/hw/_x/link/vivado/vpl/prj/prj.gen/my_rm/bd/ulp/ip/ulp_interconnect_axilite_user_imp_auto_cc_0/ulp_interconnect_axilite_user_imp_auto_cc_0/ulp_interconnect_axilite_user_imp_auto_cc_2_in_context.xdc] for cell 'SLR0/interconnect_axilite_user/m00_couplers/auto_cc'
Finished Parsing XDC File [/home/cs2401.03/mini1-gemm/build/hw/_x/link/vivado/vpl/prj/prj.gen/my_rm/bd/ulp/ip/ulp_interconnect_axilite_user_imp_auto_cc_0/ulp_interconnect_axilite_user_imp_auto_cc_0/ulp_interconnect_axilite_user_imp_auto_cc_2_in_context.xdc] for cell 'SLR0/interconnect_axilite_user/m00_couplers/auto_cc'
Parsing XDC File [/home/cs2401.03/mini1-gemm/build/hw/_x/link/vivado/vpl/prj/prj.gen/my_rm/bd/ulp/ip/ulp_interconnect_axilite_user_imp_m01_regslice_0/ulp_interconnect_axilite_user_imp_m01_regslice_0/ulp_interconnect_axilite_user_imp_m01_regslice_0_in_context.xdc] for cell 'SLR0/interconnect_axilite_user/m01_couplers/m01_regslice'
Finished Parsing XDC File [/home/cs2401.03/mini1-gemm/build/hw/_x/link/vivado/vpl/prj/prj.gen/my_rm/bd/ulp/ip/ulp_interconnect_axilite_user_imp_m01_regslice_0/ulp_interconnect_axilite_user_imp_m01_regslice_0/ulp_interconnect_axilite_user_imp_m01_regslice_0_in_context.xdc] for cell 'SLR0/interconnect_axilite_user/m01_couplers/m01_regslice'
Parsing XDC File [/home/cs2401.03/mini1-gemm/build/hw/_x/link/vivado/vpl/prj/prj.gen/my_rm/bd/ulp/ip/ulp_interconnect_axilite_user_imp_auto_cc_1/ulp_interconnect_axilite_user_imp_auto_cc_1/ulp_interconnect_axilite_user_imp_auto_cc_1_in_context.xdc] for cell 'SLR0/interconnect_axilite_user/m01_couplers/auto_cc'
Finished Parsing XDC File [/home/cs2401.03/mini1-gemm/build/hw/_x/link/vivado/vpl/prj/prj.gen/my_rm/bd/ulp/ip/ulp_interconnect_axilite_user_imp_auto_cc_1/ulp_interconnect_axilite_user_imp_auto_cc_1/ulp_interconnect_axilite_user_imp_auto_cc_1_in_context.xdc] for cell 'SLR0/interconnect_axilite_user/m01_couplers/auto_cc'
Parsing XDC File [/home/cs2401.03/mini1-gemm/build/hw/_x/link/vivado/vpl/prj/prj.gen/my_rm/bd/ulp/ip/ulp_axi_vip_ctrl_userpf_1/ulp_axi_vip_ctrl_userpf_1/ulp_axi_vip_ctrl_userpf_1_in_context.xdc] for cell 'SLR1/axi_vip_ctrl_userpf'
Finished Parsing XDC File [/home/cs2401.03/mini1-gemm/build/hw/_x/link/vivado/vpl/prj/prj.gen/my_rm/bd/ulp/ip/ulp_axi_vip_ctrl_userpf_1/ulp_axi_vip_ctrl_userpf_1/ulp_axi_vip_ctrl_userpf_1_in_context.xdc] for cell 'SLR1/axi_vip_ctrl_userpf'
Parsing XDC File [/home/cs2401.03/mini1-gemm/build/hw/_x/link/vivado/vpl/prj/prj.gen/my_rm/bd/ulp/ip/ulp_interconnect_axilite_user_imp_s00_regslice_1/ulp_interconnect_axilite_user_imp_s00_regslice_1/ulp_interconnect_axilite_user_imp_s00_regslice_1_in_context.xdc] for cell 'SLR1/interconnect_axilite_user/s00_couplers/s00_regslice'
Finished Parsing XDC File [/home/cs2401.03/mini1-gemm/build/hw/_x/link/vivado/vpl/prj/prj.gen/my_rm/bd/ulp/ip/ulp_interconnect_axilite_user_imp_s00_regslice_1/ulp_interconnect_axilite_user_imp_s00_regslice_1/ulp_interconnect_axilite_user_imp_s00_regslice_1_in_context.xdc] for cell 'SLR1/interconnect_axilite_user/s00_couplers/s00_regslice'
Parsing XDC File [/home/cs2401.03/mini1-gemm/build/hw/_x/link/vivado/vpl/prj/prj.gen/my_rm/bd/ulp/ip/ulp_interconnect_axilite_user_imp_auto_cc_2/ulp_interconnect_axilite_user_imp_auto_cc_2/ulp_interconnect_axilite_user_imp_auto_cc_2_in_context.xdc] for cell 'SLR1/interconnect_axilite_user/s00_couplers/auto_cc'
Finished Parsing XDC File [/home/cs2401.03/mini1-gemm/build/hw/_x/link/vivado/vpl/prj/prj.gen/my_rm/bd/ulp/ip/ulp_interconnect_axilite_user_imp_auto_cc_2/ulp_interconnect_axilite_user_imp_auto_cc_2/ulp_interconnect_axilite_user_imp_auto_cc_2_in_context.xdc] for cell 'SLR1/interconnect_axilite_user/s00_couplers/auto_cc'
Parsing XDC File [/home/cs2401.03/mini1-gemm/build/hw/_x/link/vivado/vpl/prj/prj.gen/my_rm/bd/ulp/ip/ulp_gemm_1_0/ulp_gemm_1_0/ulp_gemm_1_0_in_context.xdc] for cell 'gemm_1'
Finished Parsing XDC File [/home/cs2401.03/mini1-gemm/build/hw/_x/link/vivado/vpl/prj/prj.gen/my_rm/bd/ulp/ip/ulp_gemm_1_0/ulp_gemm_1_0/ulp_gemm_1_0_in_context.xdc] for cell 'gemm_1'
Parsing XDC File [/home/cs2401.03/mini1-gemm/build/hw/_x/link/vivado/vpl/prj/prj.gen/my_rm/bd/ulp/ip/ulp_axi_regslice_0/ulp_axi_regslice_0/ulp_axi_regslice_0_in_context.xdc] for cell 'axi_regslice'
Finished Parsing XDC File [/home/cs2401.03/mini1-gemm/build/hw/_x/link/vivado/vpl/prj/prj.gen/my_rm/bd/ulp/ip/ulp_axi_regslice_0/ulp_axi_regslice_0/ulp_axi_regslice_0_in_context.xdc] for cell 'axi_regslice'
Parsing XDC File [/home/cs2401.03/mini1-gemm/build/hw/_x/link/vivado/vpl/prj/prj.gen/my_rm/bd/ulp/ulp_ooc.xdc]
Finished Parsing XDC File [/home/cs2401.03/mini1-gemm/build/hw/_x/link/vivado/vpl/prj/prj.gen/my_rm/bd/ulp/ulp_ooc.xdc]
Parsing XDC File [/home/cs2401.03/mini1-gemm/build/hw/_x/link/vivado/vpl/prj/prj.runs/my_rm_synth_1/dont_touch.xdc]
Finished Parsing XDC File [/home/cs2401.03/mini1-gemm/build/hw/_x/link/vivado/vpl/prj/prj.runs/my_rm_synth_1/dont_touch.xdc]
Parsing XDC File [/home/cs2401.03/mini1-gemm/build/hw/_x/link/vivado/vpl/output/ulp_ooc_copy.xdc]
WARNING: [Constraints 18-619] A clock with name 'blp_s_aclk_ctrl_00' already exists, overwriting the previous clock with the same name. [/home/cs2401.03/mini1-gemm/build/hw/_x/link/vivado/vpl/output/ulp_ooc_copy.xdc:9]
WARNING: [Constraints 18-619] A clock with name 'blp_s_aclk_freerun_ref_00' already exists, overwriting the previous clock with the same name. [/home/cs2401.03/mini1-gemm/build/hw/_x/link/vivado/vpl/output/ulp_ooc_copy.xdc:10]
WARNING: [Constraints 18-619] A clock with name 'blp_s_aclk_pcie_00' already exists, overwriting the previous clock with the same name. [/home/cs2401.03/mini1-gemm/build/hw/_x/link/vivado/vpl/output/ulp_ooc_copy.xdc:11]
Finished Parsing XDC File [/home/cs2401.03/mini1-gemm/build/hw/_x/link/vivado/vpl/output/ulp_ooc_copy.xdc]
Completed Processing XDC Constraints

Netlist sorting complete. Time (s): cpu = 00:00:00 ; elapsed = 00:00:00 . Memory (MB): peak = 3720.344 ; gain = 0.000 ; free physical = 167859 ; free virtual = 471161
INFO: [Project 1-111] Unisim Transformation Summary:
No Unisim elements were transformed.

Constraint Validation Runtime : Time (s): cpu = 00:00:00.07 ; elapsed = 00:00:00.08 . Memory (MB): peak = 3720.379 ; gain = 0.000 ; free physical = 167701 ; free virtual = 471003
INFO: [Designutils 20-5008] Incremental synthesis strategy off
---------------------------------------------------------------------------------
Finished Constraint Validation : Time (s): cpu = 00:00:15 ; elapsed = 00:00:16 . Memory (MB): peak = 3720.379 ; gain = 396.965 ; free physical = 167514 ; free virtual = 470817
---------------------------------------------------------------------------------
---------------------------------------------------------------------------------
Start Loading Part and Timing Information
---------------------------------------------------------------------------------
Loading part: xcu50-fsvh2104-2-e
INFO: [Synth 8-6742] Reading net delay rules and data
---------------------------------------------------------------------------------
Finished Loading Part and Timing Information : Time (s): cpu = 00:00:15 ; elapsed = 00:00:16 . Memory (MB): peak = 3720.379 ; gain = 396.965 ; free physical = 167514 ; free virtual = 470816
---------------------------------------------------------------------------------
---------------------------------------------------------------------------------
Start Applying 'set_property' XDC Constraints
---------------------------------------------------------------------------------
---------------------------------------------------------------------------------
Finished applying 'set_property' XDC Constraints : Time (s): cpu = 00:00:15 ; elapsed = 00:00:16 . Memory (MB): peak = 3720.379 ; gain = 396.965 ; free physical = 167510 ; free virtual = 470812
---------------------------------------------------------------------------------
---------------------------------------------------------------------------------
Finished RTL Optimization Phase 2 : Time (s): cpu = 00:00:16 ; elapsed = 00:00:17 . Memory (MB): peak = 3720.379 ; gain = 396.965 ; free physical = 167497 ; free virtual = 470800
---------------------------------------------------------------------------------
---------------------------------------------------------------------------------
Start RTL Component Statistics 
---------------------------------------------------------------------------------
Detailed RTL Component Info : 
---------------------------------------------------------------------------------
Finished RTL Component Statistics 
---------------------------------------------------------------------------------
---------------------------------------------------------------------------------
Start Part Resource Summary
---------------------------------------------------------------------------------
Part Resources:
DSPs: 5952 (col length:93)
BRAMs: 2688 (col length: RAMB18 192 RAMB36 96)
---------------------------------------------------------------------------------
Finished Part Resource Summary
---------------------------------------------------------------------------------
---------------------------------------------------------------------------------
Start Cross Boundary and Area Optimization
---------------------------------------------------------------------------------
WARNING: [Synth 8-7080] Parallel synthesis criteria is not met
---------------------------------------------------------------------------------
Finished Cross Boundary and Area Optimization : Time (s): cpu = 00:00:17 ; elapsed = 00:00:18 . Memory (MB): peak = 3720.379 ; gain = 396.965 ; free physical = 167432 ; free virtual = 470735
---------------------------------------------------------------------------------
---------------------------------------------------------------------------------
Start Applying XDC Timing Constraints
---------------------------------------------------------------------------------
WARNING: [Synth 8-565] redefining clock 'blp_s_aclk_ctrl_00'
WARNING: [Synth 8-565] redefining clock 'blp_s_aclk_freerun_ref_00'
WARNING: [Synth 8-565] redefining clock 'blp_s_aclk_pcie_00'
---------------------------------------------------------------------------------
Finished Applying XDC Timing Constraints : Time (s): cpu = 00:00:22 ; elapsed = 00:00:23 . Memory (MB): peak = 4204.004 ; gain = 880.590 ; free physical = 166319 ; free virtual = 469622
---------------------------------------------------------------------------------
---------------------------------------------------------------------------------
Start Timing Optimization
---------------------------------------------------------------------------------
---------------------------------------------------------------------------------
Finished Timing Optimization : Time (s): cpu = 00:00:22 ; elapsed = 00:00:23 . Memory (MB): peak = 4207.004 ; gain = 883.590 ; free physical = 166315 ; free virtual = 469618
---------------------------------------------------------------------------------
---------------------------------------------------------------------------------
Start Technology Mapping
---------------------------------------------------------------------------------
---------------------------------------------------------------------------------
Finished Technology Mapping : Time (s): cpu = 00:00:22 ; elapsed = 00:00:23 . Memory (MB): peak = 4224.582 ; gain = 901.168 ; free physical = 166264 ; free virtual = 469567
---------------------------------------------------------------------------------
---------------------------------------------------------------------------------
Start IO Insertion
---------------------------------------------------------------------------------
---------------------------------------------------------------------------------
Start Flattening Before IO Insertion
---------------------------------------------------------------------------------
---------------------------------------------------------------------------------
Finished Flattening Before IO Insertion
---------------------------------------------------------------------------------
---------------------------------------------------------------------------------
Start Final Netlist Cleanup
---------------------------------------------------------------------------------
---------------------------------------------------------------------------------
Finished Final Netlist Cleanup
---------------------------------------------------------------------------------
---------------------------------------------------------------------------------
Finished IO Insertion : Time (s): cpu = 00:00:25 ; elapsed = 00:00:26 . Memory (MB): peak = 4392.395 ; gain = 1068.980 ; free physical = 165920 ; free virtual = 469223
---------------------------------------------------------------------------------
---------------------------------------------------------------------------------
Start Renaming Generated Instances
---------------------------------------------------------------------------------
---------------------------------------------------------------------------------
Finished Renaming Generated Instances : Time (s): cpu = 00:00:25 ; elapsed = 00:00:26 . Memory (MB): peak = 4392.395 ; gain = 1068.980 ; free physical = 165920 ; free virtual = 469223
---------------------------------------------------------------------------------
---------------------------------------------------------------------------------
Start Rebuilding User Hierarchy
---------------------------------------------------------------------------------
---------------------------------------------------------------------------------
Finished Rebuilding User Hierarchy : Time (s): cpu = 00:00:25 ; elapsed = 00:00:26 . Memory (MB): peak = 4392.395 ; gain = 1068.980 ; free physical = 165918 ; free virtual = 469221
---------------------------------------------------------------------------------
---------------------------------------------------------------------------------
Start Renaming Generated Ports
---------------------------------------------------------------------------------
---------------------------------------------------------------------------------
Finished Renaming Generated Ports : Time (s): cpu = 00:00:25 ; elapsed = 00:00:26 . Memory (MB): peak = 4392.395 ; gain = 1068.980 ; free physical = 165918 ; free virtual = 469221
---------------------------------------------------------------------------------
---------------------------------------------------------------------------------
Start Handling Custom Attributes
---------------------------------------------------------------------------------
---------------------------------------------------------------------------------
Finished Handling Custom Attributes : Time (s): cpu = 00:00:25 ; elapsed = 00:00:26 . Memory (MB): peak = 4392.395 ; gain = 1068.980 ; free physical = 165918 ; free virtual = 469221
---------------------------------------------------------------------------------
---------------------------------------------------------------------------------
Start Renaming Generated Nets
---------------------------------------------------------------------------------
---------------------------------------------------------------------------------
Finished Renaming Generated Nets : Time (s): cpu = 00:00:25 ; elapsed = 00:00:26 . Memory (MB): peak = 4392.395 ; gain = 1068.980 ; free physical = 165918 ; free virtual = 469221
---------------------------------------------------------------------------------
---------------------------------------------------------------------------------
Start Writing Synthesis Report
---------------------------------------------------------------------------------

Report BlackBoxes: 
+------+------------------------------------------------------+----------+
|      |BlackBox name                                         |Instances |
+------+------------------------------------------------------+----------+
|1     |ulp_axi_ic_ctrl_mgmt_slr1_upgraded_ipi_imp_xbar_0     |         1|
|2     |ulp_axi_regslice_0                                    |         1|
|3     |ulp_axi_regslice_slr1_0_0                             |         1|
|4     |ulp_axi_regslice_slr1_1_0                             |         1|
|5     |ulp_axi_vip_data_0                                    |         1|
|6     |ulp_gemm_1_0                                          |         1|
|7     |ulp_hmss_0_0                                          |         1|
|8     |ulp_ii_level0_wire_0                                  |         1|
|9     |ulp_proc_sys_reset_ctrl_slr0_0                        |         1|
|10    |ulp_proc_sys_reset_ctrl_slr1_0                        |         1|
|11    |ulp_proc_sys_reset_freerun_slr0_0                     |         1|
|12    |ulp_proc_sys_reset_freerun_slr1_0                     |         1|
|13    |ulp_proc_sys_reset_kernel2_slr0_0                     |         1|
|14    |ulp_proc_sys_reset_kernel2_slr1_0                     |         1|
|15    |ulp_proc_sys_reset_kernel_slr0_0                      |         1|
|16    |ulp_proc_sys_reset_kernel_slr1_0                      |         1|
|17    |ulp_ulp_cmp_0                                         |         1|
|18    |ulp_ulp_ucs_0                                         |         1|
|19    |ulp_axi_gpio_null_0                                   |         1|
|20    |ulp_axi_vip_ctrl_userpf_0                             |         1|
|21    |ulp_interconnect_axilite_user_upgraded_ipi_imp_xbar_0 |         1|
|22    |ulp_interconnect_axilite_user_imp_auto_cc_0           |         1|
|23    |ulp_interconnect_axilite_user_imp_m00_regslice_0      |         1|
|24    |ulp_interconnect_axilite_user_imp_auto_cc_1           |         1|
|25    |ulp_interconnect_axilite_user_imp_m01_regslice_0      |         1|
|26    |ulp_interconnect_axilite_user_imp_s00_regslice_0      |         1|
|27    |ulp_regslice_control_userpf_0                         |         1|
|28    |ulp_axi_gpio_null_1                                   |         1|
|29    |ulp_axi_vip_ctrl_userpf_1                             |         1|
|30    |ulp_interconnect_axilite_user_imp_auto_cc_2           |         1|
|31    |ulp_interconnect_axilite_user_imp_s00_regslice_1      |         1|
|32    |ulp_regslice_control_userpf_1                         |         1|
+------+------------------------------------------------------+----------+

Report Cell Usage: 
+------+----------------------------------------------------+------+
|      |Cell                                                |Count |
+------+----------------------------------------------------+------+
|1     |ulp_axi_gpio_null                                   |     2|
|3     |ulp_axi_ic_ctrl_mgmt_slr1_upgraded_ipi_imp_xbar     |     1|
|4     |ulp_axi_regslice                                    |     1|
|5     |ulp_axi_regslice_slr1_0                             |     1|
|6     |ulp_axi_regslice_slr1_1                             |     1|
|7     |ulp_axi_vip_ctrl_userpf                             |     2|
|9     |ulp_axi_vip_data                                    |     1|
|10    |ulp_gemm_1                                          |     1|
|11    |ulp_hmss_0                                          |     1|
|12    |ulp_ii_level0_wire                                  |     1|
|13    |ulp_interconnect_axilite_user_imp_auto_cc           |     3|
|16    |ulp_interconnect_axilite_user_imp_m00_regslice      |     1|
|17    |ulp_interconnect_axilite_user_imp_m01_regslice      |     1|
|18    |ulp_interconnect_axilite_user_imp_s00_regslice      |     2|
|20    |ulp_interconnect_axilite_user_upgraded_ipi_imp_xbar |     1|
|21    |ulp_proc_sys_reset_ctrl_slr0                        |     1|
|22    |ulp_proc_sys_reset_ctrl_slr1                        |     1|
|23    |ulp_proc_sys_reset_freerun_slr0                     |     1|
|24    |ulp_proc_sys_reset_freerun_slr1                     |     1|
|25    |ulp_proc_sys_reset_kernel2_slr0                     |     1|
|26    |ulp_proc_sys_reset_kernel2_slr1                     |     1|
|27    |ulp_proc_sys_reset_kernel_slr0                      |     1|
|28    |ulp_proc_sys_reset_kernel_slr1                      |     1|
|29    |ulp_regslice_control_userpf                         |     2|
|31    |ulp_ulp_cmp                                         |     1|
|32    |ulp_ulp_ucs                                         |     1|
+------+----------------------------------------------------+------+
---------------------------------------------------------------------------------
Finished Writing Synthesis Report : Time (s): cpu = 00:00:25 ; elapsed = 00:00:26 . Memory (MB): peak = 4392.395 ; gain = 1068.980 ; free physical = 165918 ; free virtual = 469221
---------------------------------------------------------------------------------
Synthesis finished with 0 errors, 0 critical warnings and 65 warnings.
Synthesis Optimization Runtime : Time (s): cpu = 00:00:19 ; elapsed = 00:00:20 . Memory (MB): peak = 4392.395 ; gain = 1051.695 ; free physical = 165918 ; free virtual = 469221
Synthesis Optimization Complete : Time (s): cpu = 00:00:25 ; elapsed = 00:00:27 . Memory (MB): peak = 4392.395 ; gain = 1068.980 ; free physical = 165918 ; free virtual = 469221
INFO: [Project 1-571] Translating synthesized netlist
Netlist sorting complete. Time (s): cpu = 00:00:00.04 ; elapsed = 00:00:00.04 . Memory (MB): peak = 4392.395 ; gain = 0.000 ; free physical = 165963 ; free virtual = 469266
INFO: [Project 1-570] Preparing netlist for logic optimization
INFO: [Opt 31-138] Pushed 0 inverter(s) to 0 load pin(s).
Netlist sorting complete. Time (s): cpu = 00:00:00 ; elapsed = 00:00:00 . Memory (MB): peak = 4392.395 ; gain = 0.000 ; free physical = 165922 ; free virtual = 469224
INFO: [Project 1-111] Unisim Transformation Summary:
No Unisim elements were transformed.

Synth Design complete | Checksum: bcee5517
INFO: [Common 17-83] Releasing license: Synthesis
135 Infos, 235 Warnings, 0 Critical Warnings and 0 Errors encountered.
synth_design completed successfully
synth_design: Time (s): cpu = 00:00:38 ; elapsed = 00:00:39 . Memory (MB): peak = 4392.395 ; gain = 2441.098 ; free physical = 165921 ; free virtual = 469224
INFO: [Common 17-2834] synth_design peak Physical Memory [PSS] (MB): overall = 3169.175; main = 3169.175; forked = 215.063
INFO: [Common 17-2834] synth_design peak Virtual Memory [VSS] (MB): overall = 5505.676; main = 4364.699; forked = 1585.832
INFO: [Coretcl 2-1174] Renamed 6 cell refs.
INFO: [Common 17-1381] The checkpoint '/home/cs2401.03/mini1-gemm/build/hw/_x/link/vivado/vpl/prj/prj.runs/my_rm_synth_1/ulp.dcp' has been generated.
INFO: [Common 17-206] Exiting Vivado at Thu Oct  1 03:17:45 2026...
