
*** Running vivado
    with args -log ulp_ulp_ucs_0.vds -m64 -product Vivado -mode batch -messageDb vivado.pb -notrace -source ulp_ulp_ucs_0.tcl


****** Vivado v2025.1 (64-bit)
  **** SW Build 6140274 on Wed May 21 22:58:25 MDT 2025
  **** IP Build 6138677 on Thu May 22 03:10:11 MDT 2025
  **** SharedData Build 6139179 on Tue May 20 17:58:58 MDT 2025
  **** Start of session at: Thu Oct  1 03:08:55 2026
    ** Copyright 1986-2022 Xilinx, Inc. All Rights Reserved.
    ** Copyright 2022-2025 Advanced Micro Devices, Inc. All Rights Reserved.

source ulp_ulp_ucs_0.tcl -notrace
INFO: Dispatch client connection id - 41687
create_project: Time (s): cpu = 00:00:10 ; elapsed = 00:00:11 . Memory (MB): peak = 1767.977 ; gain = 23.828 ; free physical = 163622 ; free virtual = 466830
INFO: [IP_Flow 19-234] Refreshing IP repositories
INFO: [IP_Flow 19-1700] Loaded user IP repository '/home/cs2401.03/mini1-gemm/build/hw/_x/link/int/xo/ip_repo/xilinx_com_hls_gemm_1_0'.
INFO: [IP_Flow 19-1700] Loaded user IP repository '/home/cs2401.03/mini1-gemm/build/hw/_x/link/vivado/vpl/.local/hw_platform/iprepo'.
INFO: [IP_Flow 19-1700] Loaded user IP repository '/home/cs2401.03/mini1-gemm/build/hw/_x/link/vivado/vpl/.local/hw_platform/ipcache'.
INFO: [IP_Flow 19-1700] Loaded user IP repository '/home/Xilinx/2025.1/Vitis/data/vitis/ip'.
INFO: [IP_Flow 19-2313] Loaded Vivado IP repository '/home/Xilinx/2025.1/Vivado/data/ip'.
WARNING: [IP_Flow 19-1663] Duplicate IP found for 'xilinx.com:ip:clk_metadata_adapter:1.0'. The one found in IP location '/home/cs2401.03/mini1-gemm/build/hw/_x/link/vivado/vpl/.local/hw_platform/iprepo/ipdefs/other_ipdefs/clk_metadata_adapter_v1_0' will take precedence over the same IP in location /home/cs2401.03/mini1-gemm/build/hw/_x/link/vivado/vpl/.local/hw_platform/iprepo/ipdefs/ii_infra_ipdefs/clk_metadata_adapter_v1_0
WARNING: [IP_Flow 19-1663] Duplicate IP found for 'xilinx.com:ip:axi_clk_metadata_adapter:1.0'. The one found in IP location '/home/cs2401.03/mini1-gemm/build/hw/_x/link/vivado/vpl/.local/hw_platform/iprepo/ipdefs/other_ipdefs/axi_clk_metadata_adapter_v1_0' will take precedence over the same IP in location /home/cs2401.03/mini1-gemm/build/hw/_x/link/vivado/vpl/.local/hw_platform/iprepo/ipdefs/ii_infra_ipdefs/axi_clk_metadata_adapter_v1_0
WARNING: [IP_Flow 19-1663] Duplicate IP found for 'xilinx.com:ip:axis_clk_metadata_adapter:1.0'. The one found in IP location '/home/cs2401.03/mini1-gemm/build/hw/_x/link/vivado/vpl/.local/hw_platform/iprepo/ipdefs/other_ipdefs/axis_clk_metadata_adapter_v1_0' will take precedence over the same IP in location /home/cs2401.03/mini1-gemm/build/hw/_x/link/vivado/vpl/.local/hw_platform/iprepo/ipdefs/ii_infra_ipdefs/axis_clk_metadata_adapter_v1_0
WARNING: [IP_Flow 19-1663] Duplicate IP found for 'xilinx.com:ip:pipeline_reg:1.0'. The one found in IP location '/home/cs2401.03/mini1-gemm/build/hw/_x/link/vivado/vpl/.local/hw_platform/iprepo/ipdefs/other_ipdefs/pipeline_reg_v1_0' will take precedence over the same IP in location /home/cs2401.03/mini1-gemm/build/hw/_x/link/vivado/vpl/.local/hw_platform/iprepo/ipdefs/ii_infra_ipdefs/pipeline_reg_v1_0
Command: synth_design -top ulp_ulp_ucs_0 -part xcu50-fsvh2104-2-e -incremental_mode off -mode out_of_context
Starting synth_design
Attempting to get a license for feature 'Synthesis' and/or device 'xcu50'
INFO: [Common 17-349] Got license for feature 'Synthesis' and/or device 'xcu50'
INFO: [Device 21-403] Loading part xcu50-fsvh2104-2-e
INFO: [Synth 8-7079] Multithreading enabled for synth_design using a maximum of 1 processes.
INFO: [Synth 8-7078] Launching helper process for spawning children vivado processes
INFO: [Synth 8-7075] Helper process launched with PID 2283407
---------------------------------------------------------------------------------
Starting RTL Elaboration : Time (s): cpu = 00:00:06 ; elapsed = 00:00:07 . Memory (MB): peak = 3459.906 ; gain = 267.773 ; free physical = 156309 ; free virtual = 459522
---------------------------------------------------------------------------------
INFO: [Synth 8-6157] synthesizing module 'ulp_ulp_ucs_0' [/home/cs2401.03/mini1-gemm/build/hw/_x/link/vivado/vpl/prj/prj.gen/my_rm/bd/ulp/ip/ulp_ulp_ucs_0/synth/ulp_ulp_ucs_0.v:53]
INFO: [Synth 8-6157] synthesizing module 'bd_22c0' [/home/cs2401.03/mini1-gemm/build/hw/_x/link/vivado/vpl/prj/prj.gen/my_rm/bd/ulp/ip/ulp_ulp_ucs_0/bd_0/synth/bd_22c0.v:444]
INFO: [Synth 8-6157] synthesizing module 'aclk_hbm_hierarchy_imp_X70VO2' [/home/cs2401.03/mini1-gemm/build/hw/_x/link/vivado/vpl/prj/prj.gen/my_rm/bd/ulp/ip/ulp_ulp_ucs_0/bd_0/synth/bd_22c0.v:10]
INFO: [Synth 8-6157] synthesizing module 'bd_22c0_clk_hbm_adapt_0' [/home/cs2401.03/mini1-gemm/build/hw/_x/link/vivado/vpl/prj/prj.runs/ulp_ulp_ucs_0_synth_1/.Xil/Vivado-2281848-node06.local/realtime/bd_22c0_clk_hbm_adapt_0_stub.v:6]
INFO: [Synth 8-6155] done synthesizing module 'bd_22c0_clk_hbm_adapt_0' (0#1) [/home/cs2401.03/mini1-gemm/build/hw/_x/link/vivado/vpl/prj/prj.runs/ulp_ulp_ucs_0_synth_1/.Xil/Vivado-2281848-node06.local/realtime/bd_22c0_clk_hbm_adapt_0_stub.v:6]
INFO: [Synth 8-6157] synthesizing module 'bd_22c0_clkwiz_hbm_0' [/home/cs2401.03/mini1-gemm/build/hw/_x/link/vivado/vpl/prj/prj.runs/ulp_ulp_ucs_0_synth_1/.Xil/Vivado-2281848-node06.local/realtime/bd_22c0_clkwiz_hbm_0_stub.v:6]
INFO: [Synth 8-6155] done synthesizing module 'bd_22c0_clkwiz_hbm_0' (0#1) [/home/cs2401.03/mini1-gemm/build/hw/_x/link/vivado/vpl/prj/prj.runs/ulp_ulp_ucs_0_synth_1/.Xil/Vivado-2281848-node06.local/realtime/bd_22c0_clkwiz_hbm_0_stub.v:6]
INFO: [Synth 8-6157] synthesizing module 'bd_22c0_fanout_aresetn_hbm_0' [/home/cs2401.03/mini1-gemm/build/hw/_x/link/vivado/vpl/prj/prj.runs/ulp_ulp_ucs_0_synth_1/.Xil/Vivado-2281848-node06.local/realtime/bd_22c0_fanout_aresetn_hbm_0_stub.v:6]
INFO: [Synth 8-6155] done synthesizing module 'bd_22c0_fanout_aresetn_hbm_0' (0#1) [/home/cs2401.03/mini1-gemm/build/hw/_x/link/vivado/vpl/prj/prj.runs/ulp_ulp_ucs_0_synth_1/.Xil/Vivado-2281848-node06.local/realtime/bd_22c0_fanout_aresetn_hbm_0_stub.v:6]
INFO: [Synth 8-6157] synthesizing module 'bd_22c0_psreset_hbm_0' [/home/cs2401.03/mini1-gemm/build/hw/_x/link/vivado/vpl/prj/prj.runs/ulp_ulp_ucs_0_synth_1/.Xil/Vivado-2281848-node06.local/realtime/bd_22c0_psreset_hbm_0_stub.v:6]
INFO: [Synth 8-6155] done synthesizing module 'bd_22c0_psreset_hbm_0' (0#1) [/home/cs2401.03/mini1-gemm/build/hw/_x/link/vivado/vpl/prj/prj.runs/ulp_ulp_ucs_0_synth_1/.Xil/Vivado-2281848-node06.local/realtime/bd_22c0_psreset_hbm_0_stub.v:6]
WARNING: [Synth 8-7071] port 'mb_reset' of module 'bd_22c0_psreset_hbm_0' is unconnected for instance 'psreset_hbm' [/home/cs2401.03/mini1-gemm/build/hw/_x/link/vivado/vpl/prj/prj.gen/my_rm/bd/ulp/ip/ulp_ulp_ucs_0/bd_0/synth/bd_22c0.v:125]
WARNING: [Synth 8-7071] port 'bus_struct_reset' of module 'bd_22c0_psreset_hbm_0' is unconnected for instance 'psreset_hbm' [/home/cs2401.03/mini1-gemm/build/hw/_x/link/vivado/vpl/prj/prj.gen/my_rm/bd/ulp/ip/ulp_ulp_ucs_0/bd_0/synth/bd_22c0.v:125]
WARNING: [Synth 8-7071] port 'peripheral_reset' of module 'bd_22c0_psreset_hbm_0' is unconnected for instance 'psreset_hbm' [/home/cs2401.03/mini1-gemm/build/hw/_x/link/vivado/vpl/prj/prj.gen/my_rm/bd/ulp/ip/ulp_ulp_ucs_0/bd_0/synth/bd_22c0.v:125]
WARNING: [Synth 8-7071] port 'peripheral_aresetn' of module 'bd_22c0_psreset_hbm_0' is unconnected for instance 'psreset_hbm' [/home/cs2401.03/mini1-gemm/build/hw/_x/link/vivado/vpl/prj/prj.gen/my_rm/bd/ulp/ip/ulp_ulp_ucs_0/bd_0/synth/bd_22c0.v:125]
WARNING: [Synth 8-7023] instance 'psreset_hbm' of module 'bd_22c0_psreset_hbm_0' has 10 connections declared, but only 6 given [/home/cs2401.03/mini1-gemm/build/hw/_x/link/vivado/vpl/prj/prj.gen/my_rm/bd/ulp/ip/ulp_ulp_ucs_0/bd_0/synth/bd_22c0.v:125]
INFO: [Synth 8-6157] synthesizing module 'bd_22c0_vcc_2' [/home/cs2401.03/mini1-gemm/build/hw/_x/link/vivado/vpl/prj/prj.gen/my_rm/bd/ulp/ip/ulp_ulp_ucs_0/bd_0/ip/ip_41/synth/bd_22c0_vcc_2.v:53]
INFO: [Synth 8-6157] synthesizing module 'xlconstant_v1_1_10_xlconstant' [/home/cs2401.03/mini1-gemm/build/hw/_x/link/vivado/vpl/prj/prj.gen/my_rm/bd/ulp/ipshared/a165/hdl/xlconstant_v1_1_vl_rfs.v:68]
INFO: [Synth 8-6155] done synthesizing module 'xlconstant_v1_1_10_xlconstant' (0#1) [/home/cs2401.03/mini1-gemm/build/hw/_x/link/vivado/vpl/prj/prj.gen/my_rm/bd/ulp/ipshared/a165/hdl/xlconstant_v1_1_vl_rfs.v:68]
INFO: [Synth 8-6155] done synthesizing module 'bd_22c0_vcc_2' (0#1) [/home/cs2401.03/mini1-gemm/build/hw/_x/link/vivado/vpl/prj/prj.gen/my_rm/bd/ulp/ip/ulp_ulp_ucs_0/bd_0/ip/ip_41/synth/bd_22c0_vcc_2.v:53]
INFO: [Synth 8-6155] done synthesizing module 'aclk_hbm_hierarchy_imp_X70VO2' (0#1) [/home/cs2401.03/mini1-gemm/build/hw/_x/link/vivado/vpl/prj/prj.gen/my_rm/bd/ulp/ip/ulp_ulp_ucs_0/bd_0/synth/bd_22c0.v:10]
INFO: [Synth 8-6157] synthesizing module 'aclk_kernel_00_hierarchy_imp_1J5BJ1M' [/home/cs2401.03/mini1-gemm/build/hw/_x/link/vivado/vpl/prj/prj.gen/my_rm/bd/ulp/ip/ulp_ulp_ucs_0/bd_0/synth/bd_22c0.v:136]
INFO: [Synth 8-6157] synthesizing module 'bd_22c0_aclk_kernel_00_adapt_0' [/home/cs2401.03/mini1-gemm/build/hw/_x/link/vivado/vpl/prj/prj.runs/ulp_ulp_ucs_0_synth_1/.Xil/Vivado-2281848-node06.local/realtime/bd_22c0_aclk_kernel_00_adapt_0_stub.v:6]
INFO: [Synth 8-6155] done synthesizing module 'bd_22c0_aclk_kernel_00_adapt_0' (0#1) [/home/cs2401.03/mini1-gemm/build/hw/_x/link/vivado/vpl/prj/prj.runs/ulp_ulp_ucs_0_synth_1/.Xil/Vivado-2281848-node06.local/realtime/bd_22c0_aclk_kernel_00_adapt_0_stub.v:6]
INFO: [Synth 8-6157] synthesizing module 'bd_22c0_aclk_kernel_00_cont_adapt_0' [/home/cs2401.03/mini1-gemm/build/hw/_x/link/vivado/vpl/prj/prj.runs/ulp_ulp_ucs_0_synth_1/.Xil/Vivado-2281848-node06.local/realtime/bd_22c0_aclk_kernel_00_cont_adapt_0_stub.v:6]
INFO: [Synth 8-6155] done synthesizing module 'bd_22c0_aclk_kernel_00_cont_adapt_0' (0#1) [/home/cs2401.03/mini1-gemm/build/hw/_x/link/vivado/vpl/prj/prj.runs/ulp_ulp_ucs_0_synth_1/.Xil/Vivado-2281848-node06.local/realtime/bd_22c0_aclk_kernel_00_cont_adapt_0_stub.v:6]
INFO: [Synth 8-6157] synthesizing module 'bd_22c0_clkwiz_aclk_kernel_00_0' [/home/cs2401.03/mini1-gemm/build/hw/_x/link/vivado/vpl/prj/prj.runs/ulp_ulp_ucs_0_synth_1/.Xil/Vivado-2281848-node06.local/realtime/bd_22c0_clkwiz_aclk_kernel_00_0_stub.v:6]
INFO: [Synth 8-6155] done synthesizing module 'bd_22c0_clkwiz_aclk_kernel_00_0' (0#1) [/home/cs2401.03/mini1-gemm/build/hw/_x/link/vivado/vpl/prj/prj.runs/ulp_ulp_ucs_0_synth_1/.Xil/Vivado-2281848-node06.local/realtime/bd_22c0_clkwiz_aclk_kernel_00_0_stub.v:6]
INFO: [Synth 8-6157] synthesizing module 'bd_22c0_clock_throttling_aclk_kernel_00_0' [/home/cs2401.03/mini1-gemm/build/hw/_x/link/vivado/vpl/prj/prj.runs/ulp_ulp_ucs_0_synth_1/.Xil/Vivado-2281848-node06.local/realtime/bd_22c0_clock_throttling_aclk_kernel_00_0_stub.v:6]
INFO: [Synth 8-6155] done synthesizing module 'bd_22c0_clock_throttling_aclk_kernel_00_0' (0#1) [/home/cs2401.03/mini1-gemm/build/hw/_x/link/vivado/vpl/prj/prj.runs/ulp_ulp_ucs_0_synth_1/.Xil/Vivado-2281848-node06.local/realtime/bd_22c0_clock_throttling_aclk_kernel_00_0_stub.v:6]
INFO: [Synth 8-6157] synthesizing module 'fanout_aresetn_kernel_00_imp_17RTXXN' [/home/cs2401.03/mini1-gemm/build/hw/_x/link/vivado/vpl/prj/prj.gen/my_rm/bd/ulp/ip/ulp_ulp_ucs_0/bd_0/synth/bd_22c0.v:2714]
INFO: [Synth 8-6157] synthesizing module 'bd_22c0_fanout_aresetn_kernel_00_slr0_1_0' [/home/cs2401.03/mini1-gemm/build/hw/_x/link/vivado/vpl/prj/prj.runs/ulp_ulp_ucs_0_synth_1/.Xil/Vivado-2281848-node06.local/realtime/bd_22c0_fanout_aresetn_kernel_00_slr0_1_0_stub.v:6]
INFO: [Synth 8-6155] done synthesizing module 'bd_22c0_fanout_aresetn_kernel_00_slr0_1_0' (0#1) [/home/cs2401.03/mini1-gemm/build/hw/_x/link/vivado/vpl/prj/prj.runs/ulp_ulp_ucs_0_synth_1/.Xil/Vivado-2281848-node06.local/realtime/bd_22c0_fanout_aresetn_kernel_00_slr0_1_0_stub.v:6]
INFO: [Synth 8-6157] synthesizing module 'bd_22c0_fanout_aresetn_kernel_00_slr0_2_0' [/home/cs2401.03/mini1-gemm/build/hw/_x/link/vivado/vpl/prj/prj.runs/ulp_ulp_ucs_0_synth_1/.Xil/Vivado-2281848-node06.local/realtime/bd_22c0_fanout_aresetn_kernel_00_slr0_2_0_stub.v:6]
INFO: [Synth 8-6155] done synthesizing module 'bd_22c0_fanout_aresetn_kernel_00_slr0_2_0' (0#1) [/home/cs2401.03/mini1-gemm/build/hw/_x/link/vivado/vpl/prj/prj.runs/ulp_ulp_ucs_0_synth_1/.Xil/Vivado-2281848-node06.local/realtime/bd_22c0_fanout_aresetn_kernel_00_slr0_2_0_stub.v:6]
INFO: [Synth 8-6157] synthesizing module 'bd_22c0_fanout_aresetn_kernel_00_slr0_3_0' [/home/cs2401.03/mini1-gemm/build/hw/_x/link/vivado/vpl/prj/prj.runs/ulp_ulp_ucs_0_synth_1/.Xil/Vivado-2281848-node06.local/realtime/bd_22c0_fanout_aresetn_kernel_00_slr0_3_0_stub.v:6]
INFO: [Synth 8-6155] done synthesizing module 'bd_22c0_fanout_aresetn_kernel_00_slr0_3_0' (0#1) [/home/cs2401.03/mini1-gemm/build/hw/_x/link/vivado/vpl/prj/prj.runs/ulp_ulp_ucs_0_synth_1/.Xil/Vivado-2281848-node06.local/realtime/bd_22c0_fanout_aresetn_kernel_00_slr0_3_0_stub.v:6]
INFO: [Synth 8-6157] synthesizing module 'bd_22c0_fanout_aresetn_kernel_00_slr0_4_0' [/home/cs2401.03/mini1-gemm/build/hw/_x/link/vivado/vpl/prj/prj.runs/ulp_ulp_ucs_0_synth_1/.Xil/Vivado-2281848-node06.local/realtime/bd_22c0_fanout_aresetn_kernel_00_slr0_4_0_stub.v:6]
INFO: [Synth 8-6155] done synthesizing module 'bd_22c0_fanout_aresetn_kernel_00_slr0_4_0' (0#1) [/home/cs2401.03/mini1-gemm/build/hw/_x/link/vivado/vpl/prj/prj.runs/ulp_ulp_ucs_0_synth_1/.Xil/Vivado-2281848-node06.local/realtime/bd_22c0_fanout_aresetn_kernel_00_slr0_4_0_stub.v:6]
INFO: [Synth 8-6157] synthesizing module 'bd_22c0_fanout_aresetn_kernel_00_slr1_1_0' [/home/cs2401.03/mini1-gemm/build/hw/_x/link/vivado/vpl/prj/prj.runs/ulp_ulp_ucs_0_synth_1/.Xil/Vivado-2281848-node06.local/realtime/bd_22c0_fanout_aresetn_kernel_00_slr1_1_0_stub.v:6]
INFO: [Synth 8-6155] done synthesizing module 'bd_22c0_fanout_aresetn_kernel_00_slr1_1_0' (0#1) [/home/cs2401.03/mini1-gemm/build/hw/_x/link/vivado/vpl/prj/prj.runs/ulp_ulp_ucs_0_synth_1/.Xil/Vivado-2281848-node06.local/realtime/bd_22c0_fanout_aresetn_kernel_00_slr1_1_0_stub.v:6]
INFO: [Synth 8-6157] synthesizing module 'bd_22c0_fanout_aresetn_kernel_00_slr1_2_0' [/home/cs2401.03/mini1-gemm/build/hw/_x/link/vivado/vpl/prj/prj.runs/ulp_ulp_ucs_0_synth_1/.Xil/Vivado-2281848-node06.local/realtime/bd_22c0_fanout_aresetn_kernel_00_slr1_2_0_stub.v:6]
INFO: [Synth 8-6155] done synthesizing module 'bd_22c0_fanout_aresetn_kernel_00_slr1_2_0' (0#1) [/home/cs2401.03/mini1-gemm/build/hw/_x/link/vivado/vpl/prj/prj.runs/ulp_ulp_ucs_0_synth_1/.Xil/Vivado-2281848-node06.local/realtime/bd_22c0_fanout_aresetn_kernel_00_slr1_2_0_stub.v:6]
INFO: [Synth 8-6157] synthesizing module 'bd_22c0_fanout_aresetn_kernel_00_slr1_3_0' [/home/cs2401.03/mini1-gemm/build/hw/_x/link/vivado/vpl/prj/prj.runs/ulp_ulp_ucs_0_synth_1/.Xil/Vivado-2281848-node06.local/realtime/bd_22c0_fanout_aresetn_kernel_00_slr1_3_0_stub.v:6]
INFO: [Synth 8-6155] done synthesizing module 'bd_22c0_fanout_aresetn_kernel_00_slr1_3_0' (0#1) [/home/cs2401.03/mini1-gemm/build/hw/_x/link/vivado/vpl/prj/prj.runs/ulp_ulp_ucs_0_synth_1/.Xil/Vivado-2281848-node06.local/realtime/bd_22c0_fanout_aresetn_kernel_00_slr1_3_0_stub.v:6]
INFO: [Synth 8-6157] synthesizing module 'bd_22c0_fanout_aresetn_kernel_00_slr1_4_0' [/home/cs2401.03/mini1-gemm/build/hw/_x/link/vivado/vpl/prj/prj.runs/ulp_ulp_ucs_0_synth_1/.Xil/Vivado-2281848-node06.local/realtime/bd_22c0_fanout_aresetn_kernel_00_slr1_4_0_stub.v:6]
INFO: [Synth 8-6155] done synthesizing module 'bd_22c0_fanout_aresetn_kernel_00_slr1_4_0' (0#1) [/home/cs2401.03/mini1-gemm/build/hw/_x/link/vivado/vpl/prj/prj.runs/ulp_ulp_ucs_0_synth_1/.Xil/Vivado-2281848-node06.local/realtime/bd_22c0_fanout_aresetn_kernel_00_slr1_4_0_stub.v:6]
INFO: [Synth 8-6157] synthesizing module 'bd_22c0_vcc_3' [/home/cs2401.03/mini1-gemm/build/hw/_x/link/vivado/vpl/prj/prj.gen/my_rm/bd/ulp/ip/ulp_ulp_ucs_0/bd_0/ip/ip_61/synth/bd_22c0_vcc_3.v:53]
INFO: [Synth 8-6155] done synthesizing module 'bd_22c0_vcc_3' (0#1) [/home/cs2401.03/mini1-gemm/build/hw/_x/link/vivado/vpl/prj/prj.gen/my_rm/bd/ulp/ip/ulp_ulp_ucs_0/bd_0/ip/ip_61/synth/bd_22c0_vcc_3.v:53]
INFO: [Synth 8-6155] done synthesizing module 'fanout_aresetn_kernel_00_imp_17RTXXN' (0#1) [/home/cs2401.03/mini1-gemm/build/hw/_x/link/vivado/vpl/prj/prj.gen/my_rm/bd/ulp/ip/ulp_ulp_ucs_0/bd_0/synth/bd_22c0.v:2714]
INFO: [Synth 8-6157] synthesizing module 'bd_22c0_psreset_kernel_00_0' [/home/cs2401.03/mini1-gemm/build/hw/_x/link/vivado/vpl/prj/prj.runs/ulp_ulp_ucs_0_synth_1/.Xil/Vivado-2281848-node06.local/realtime/bd_22c0_psreset_kernel_00_0_stub.v:6]
INFO: [Synth 8-6155] done synthesizing module 'bd_22c0_psreset_kernel_00_0' (0#1) [/home/cs2401.03/mini1-gemm/build/hw/_x/link/vivado/vpl/prj/prj.runs/ulp_ulp_ucs_0_synth_1/.Xil/Vivado-2281848-node06.local/realtime/bd_22c0_psreset_kernel_00_0_stub.v:6]
WARNING: [Synth 8-7071] port 'mb_reset' of module 'bd_22c0_psreset_kernel_00_0' is unconnected for instance 'psreset_kernel_00' [/home/cs2401.03/mini1-gemm/build/hw/_x/link/vivado/vpl/prj/prj.gen/my_rm/bd/ulp/ip/ulp_ulp_ucs_0/bd_0/synth/bd_22c0.v:281]
WARNING: [Synth 8-7071] port 'bus_struct_reset' of module 'bd_22c0_psreset_kernel_00_0' is unconnected for instance 'psreset_kernel_00' [/home/cs2401.03/mini1-gemm/build/hw/_x/link/vivado/vpl/prj/prj.gen/my_rm/bd/ulp/ip/ulp_ulp_ucs_0/bd_0/synth/bd_22c0.v:281]
WARNING: [Synth 8-7071] port 'peripheral_reset' of module 'bd_22c0_psreset_kernel_00_0' is unconnected for instance 'psreset_kernel_00' [/home/cs2401.03/mini1-gemm/build/hw/_x/link/vivado/vpl/prj/prj.gen/my_rm/bd/ulp/ip/ulp_ulp_ucs_0/bd_0/synth/bd_22c0.v:281]
WARNING: [Synth 8-7071] port 'peripheral_aresetn' of module 'bd_22c0_psreset_kernel_00_0' is unconnected for instance 'psreset_kernel_00' [/home/cs2401.03/mini1-gemm/build/hw/_x/link/vivado/vpl/prj/prj.gen/my_rm/bd/ulp/ip/ulp_ulp_ucs_0/bd_0/synth/bd_22c0.v:281]
WARNING: [Synth 8-7023] instance 'psreset_kernel_00' of module 'bd_22c0_psreset_kernel_00_0' has 10 connections declared, but only 6 given [/home/cs2401.03/mini1-gemm/build/hw/_x/link/vivado/vpl/prj/prj.gen/my_rm/bd/ulp/ip/ulp_ulp_ucs_0/bd_0/synth/bd_22c0.v:281]
INFO: [Synth 8-6155] done synthesizing module 'aclk_kernel_00_hierarchy_imp_1J5BJ1M' (0#1) [/home/cs2401.03/mini1-gemm/build/hw/_x/link/vivado/vpl/prj/prj.gen/my_rm/bd/ulp/ip/ulp_ulp_ucs_0/bd_0/synth/bd_22c0.v:136]
INFO: [Synth 8-6157] synthesizing module 'aclk_kernel_01_hierarchy_imp_BJA0NF' [/home/cs2401.03/mini1-gemm/build/hw/_x/link/vivado/vpl/prj/prj.gen/my_rm/bd/ulp/ip/ulp_ulp_ucs_0/bd_0/synth/bd_22c0.v:290]
INFO: [Synth 8-6157] synthesizing module 'bd_22c0_aclk_kernel_01_adapt_0' [/home/cs2401.03/mini1-gemm/build/hw/_x/link/vivado/vpl/prj/prj.runs/ulp_ulp_ucs_0_synth_1/.Xil/Vivado-2281848-node06.local/realtime/bd_22c0_aclk_kernel_01_adapt_0_stub.v:6]
INFO: [Synth 8-6155] done synthesizing module 'bd_22c0_aclk_kernel_01_adapt_0' (0#1) [/home/cs2401.03/mini1-gemm/build/hw/_x/link/vivado/vpl/prj/prj.runs/ulp_ulp_ucs_0_synth_1/.Xil/Vivado-2281848-node06.local/realtime/bd_22c0_aclk_kernel_01_adapt_0_stub.v:6]
INFO: [Synth 8-6157] synthesizing module 'bd_22c0_aclk_kernel_01_cont_adapt_0' [/home/cs2401.03/mini1-gemm/build/hw/_x/link/vivado/vpl/prj/prj.runs/ulp_ulp_ucs_0_synth_1/.Xil/Vivado-2281848-node06.local/realtime/bd_22c0_aclk_kernel_01_cont_adapt_0_stub.v:6]
INFO: [Synth 8-6155] done synthesizing module 'bd_22c0_aclk_kernel_01_cont_adapt_0' (0#1) [/home/cs2401.03/mini1-gemm/build/hw/_x/link/vivado/vpl/prj/prj.runs/ulp_ulp_ucs_0_synth_1/.Xil/Vivado-2281848-node06.local/realtime/bd_22c0_aclk_kernel_01_cont_adapt_0_stub.v:6]
INFO: [Synth 8-6157] synthesizing module 'bd_22c0_clkwiz_aclk_kernel_01_0' [/home/cs2401.03/mini1-gemm/build/hw/_x/link/vivado/vpl/prj/prj.runs/ulp_ulp_ucs_0_synth_1/.Xil/Vivado-2281848-node06.local/realtime/bd_22c0_clkwiz_aclk_kernel_01_0_stub.v:6]
INFO: [Synth 8-6155] done synthesizing module 'bd_22c0_clkwiz_aclk_kernel_01_0' (0#1) [/home/cs2401.03/mini1-gemm/build/hw/_x/link/vivado/vpl/prj/prj.runs/ulp_ulp_ucs_0_synth_1/.Xil/Vivado-2281848-node06.local/realtime/bd_22c0_clkwiz_aclk_kernel_01_0_stub.v:6]
INFO: [Synth 8-6157] synthesizing module 'bd_22c0_clock_throttling_aclk_kernel_01_0' [/home/cs2401.03/mini1-gemm/build/hw/_x/link/vivado/vpl/prj/prj.runs/ulp_ulp_ucs_0_synth_1/.Xil/Vivado-2281848-node06.local/realtime/bd_22c0_clock_throttling_aclk_kernel_01_0_stub.v:6]
INFO: [Synth 8-6155] done synthesizing module 'bd_22c0_clock_throttling_aclk_kernel_01_0' (0#1) [/home/cs2401.03/mini1-gemm/build/hw/_x/link/vivado/vpl/prj/prj.runs/ulp_ulp_ucs_0_synth_1/.Xil/Vivado-2281848-node06.local/realtime/bd_22c0_clock_throttling_aclk_kernel_01_0_stub.v:6]
INFO: [Synth 8-6157] synthesizing module 'fanout_aresetn_kernel_01_imp_68K3FY' [/home/cs2401.03/mini1-gemm/build/hw/_x/link/vivado/vpl/prj/prj.gen/my_rm/bd/ulp/ip/ulp_ulp_ucs_0/bd_0/synth/bd_22c0.v:2780]
INFO: [Synth 8-6157] synthesizing module 'bd_22c0_fanout_aresetn_kernel_01_slr0_1_0' [/home/cs2401.03/mini1-gemm/build/hw/_x/link/vivado/vpl/prj/prj.runs/ulp_ulp_ucs_0_synth_1/.Xil/Vivado-2281848-node06.local/realtime/bd_22c0_fanout_aresetn_kernel_01_slr0_1_0_stub.v:6]
INFO: [Synth 8-6155] done synthesizing module 'bd_22c0_fanout_aresetn_kernel_01_slr0_1_0' (0#1) [/home/cs2401.03/mini1-gemm/build/hw/_x/link/vivado/vpl/prj/prj.runs/ulp_ulp_ucs_0_synth_1/.Xil/Vivado-2281848-node06.local/realtime/bd_22c0_fanout_aresetn_kernel_01_slr0_1_0_stub.v:6]
INFO: [Synth 8-6157] synthesizing module 'bd_22c0_fanout_aresetn_kernel_01_slr0_2_0' [/home/cs2401.03/mini1-gemm/build/hw/_x/link/vivado/vpl/prj/prj.runs/ulp_ulp_ucs_0_synth_1/.Xil/Vivado-2281848-node06.local/realtime/bd_22c0_fanout_aresetn_kernel_01_slr0_2_0_stub.v:6]
INFO: [Synth 8-6155] done synthesizing module 'bd_22c0_fanout_aresetn_kernel_01_slr0_2_0' (0#1) [/home/cs2401.03/mini1-gemm/build/hw/_x/link/vivado/vpl/prj/prj.runs/ulp_ulp_ucs_0_synth_1/.Xil/Vivado-2281848-node06.local/realtime/bd_22c0_fanout_aresetn_kernel_01_slr0_2_0_stub.v:6]
INFO: [Synth 8-6157] synthesizing module 'bd_22c0_fanout_aresetn_kernel_01_slr0_3_0' [/home/cs2401.03/mini1-gemm/build/hw/_x/link/vivado/vpl/prj/prj.runs/ulp_ulp_ucs_0_synth_1/.Xil/Vivado-2281848-node06.local/realtime/bd_22c0_fanout_aresetn_kernel_01_slr0_3_0_stub.v:6]
INFO: [Synth 8-6155] done synthesizing module 'bd_22c0_fanout_aresetn_kernel_01_slr0_3_0' (0#1) [/home/cs2401.03/mini1-gemm/build/hw/_x/link/vivado/vpl/prj/prj.runs/ulp_ulp_ucs_0_synth_1/.Xil/Vivado-2281848-node06.local/realtime/bd_22c0_fanout_aresetn_kernel_01_slr0_3_0_stub.v:6]
INFO: [Synth 8-6157] synthesizing module 'bd_22c0_fanout_aresetn_kernel_01_slr0_4_0' [/home/cs2401.03/mini1-gemm/build/hw/_x/link/vivado/vpl/prj/prj.runs/ulp_ulp_ucs_0_synth_1/.Xil/Vivado-2281848-node06.local/realtime/bd_22c0_fanout_aresetn_kernel_01_slr0_4_0_stub.v:6]
INFO: [Synth 8-6155] done synthesizing module 'bd_22c0_fanout_aresetn_kernel_01_slr0_4_0' (0#1) [/home/cs2401.03/mini1-gemm/build/hw/_x/link/vivado/vpl/prj/prj.runs/ulp_ulp_ucs_0_synth_1/.Xil/Vivado-2281848-node06.local/realtime/bd_22c0_fanout_aresetn_kernel_01_slr0_4_0_stub.v:6]
INFO: [Synth 8-6157] synthesizing module 'bd_22c0_fanout_aresetn_kernel_01_slr1_1_0' [/home/cs2401.03/mini1-gemm/build/hw/_x/link/vivado/vpl/prj/prj.runs/ulp_ulp_ucs_0_synth_1/.Xil/Vivado-2281848-node06.local/realtime/bd_22c0_fanout_aresetn_kernel_01_slr1_1_0_stub.v:6]
INFO: [Synth 8-6155] done synthesizing module 'bd_22c0_fanout_aresetn_kernel_01_slr1_1_0' (0#1) [/home/cs2401.03/mini1-gemm/build/hw/_x/link/vivado/vpl/prj/prj.runs/ulp_ulp_ucs_0_synth_1/.Xil/Vivado-2281848-node06.local/realtime/bd_22c0_fanout_aresetn_kernel_01_slr1_1_0_stub.v:6]
INFO: [Synth 8-6157] synthesizing module 'bd_22c0_fanout_aresetn_kernel_01_slr1_2_0' [/home/cs2401.03/mini1-gemm/build/hw/_x/link/vivado/vpl/prj/prj.runs/ulp_ulp_ucs_0_synth_1/.Xil/Vivado-2281848-node06.local/realtime/bd_22c0_fanout_aresetn_kernel_01_slr1_2_0_stub.v:6]
INFO: [Synth 8-6155] done synthesizing module 'bd_22c0_fanout_aresetn_kernel_01_slr1_2_0' (0#1) [/home/cs2401.03/mini1-gemm/build/hw/_x/link/vivado/vpl/prj/prj.runs/ulp_ulp_ucs_0_synth_1/.Xil/Vivado-2281848-node06.local/realtime/bd_22c0_fanout_aresetn_kernel_01_slr1_2_0_stub.v:6]
INFO: [Synth 8-6157] synthesizing module 'bd_22c0_fanout_aresetn_kernel_01_slr1_3_0' [/home/cs2401.03/mini1-gemm/build/hw/_x/link/vivado/vpl/prj/prj.runs/ulp_ulp_ucs_0_synth_1/.Xil/Vivado-2281848-node06.local/realtime/bd_22c0_fanout_aresetn_kernel_01_slr1_3_0_stub.v:6]
INFO: [Synth 8-6155] done synthesizing module 'bd_22c0_fanout_aresetn_kernel_01_slr1_3_0' (0#1) [/home/cs2401.03/mini1-gemm/build/hw/_x/link/vivado/vpl/prj/prj.runs/ulp_ulp_ucs_0_synth_1/.Xil/Vivado-2281848-node06.local/realtime/bd_22c0_fanout_aresetn_kernel_01_slr1_3_0_stub.v:6]
INFO: [Synth 8-6157] synthesizing module 'bd_22c0_fanout_aresetn_kernel_01_slr1_4_0' [/home/cs2401.03/mini1-gemm/build/hw/_x/link/vivado/vpl/prj/prj.runs/ulp_ulp_ucs_0_synth_1/.Xil/Vivado-2281848-node06.local/realtime/bd_22c0_fanout_aresetn_kernel_01_slr1_4_0_stub.v:6]
INFO: [Synth 8-6155] done synthesizing module 'bd_22c0_fanout_aresetn_kernel_01_slr1_4_0' (0#1) [/home/cs2401.03/mini1-gemm/build/hw/_x/link/vivado/vpl/prj/prj.runs/ulp_ulp_ucs_0_synth_1/.Xil/Vivado-2281848-node06.local/realtime/bd_22c0_fanout_aresetn_kernel_01_slr1_4_0_stub.v:6]
INFO: [Synth 8-6157] synthesizing module 'bd_22c0_vcc_4' [/home/cs2401.03/mini1-gemm/build/hw/_x/link/vivado/vpl/prj/prj.gen/my_rm/bd/ulp/ip/ulp_ulp_ucs_0/bd_0/ip/ip_75/synth/bd_22c0_vcc_4.v:53]
INFO: [Synth 8-6155] done synthesizing module 'bd_22c0_vcc_4' (0#1) [/home/cs2401.03/mini1-gemm/build/hw/_x/link/vivado/vpl/prj/prj.gen/my_rm/bd/ulp/ip/ulp_ulp_ucs_0/bd_0/ip/ip_75/synth/bd_22c0_vcc_4.v:53]
INFO: [Synth 8-6155] done synthesizing module 'fanout_aresetn_kernel_01_imp_68K3FY' (0#1) [/home/cs2401.03/mini1-gemm/build/hw/_x/link/vivado/vpl/prj/prj.gen/my_rm/bd/ulp/ip/ulp_ulp_ucs_0/bd_0/synth/bd_22c0.v:2780]
INFO: [Synth 8-6157] synthesizing module 'bd_22c0_psreset_kernel_01_0' [/home/cs2401.03/mini1-gemm/build/hw/_x/link/vivado/vpl/prj/prj.runs/ulp_ulp_ucs_0_synth_1/.Xil/Vivado-2281848-node06.local/realtime/bd_22c0_psreset_kernel_01_0_stub.v:6]
INFO: [Synth 8-6155] done synthesizing module 'bd_22c0_psreset_kernel_01_0' (0#1) [/home/cs2401.03/mini1-gemm/build/hw/_x/link/vivado/vpl/prj/prj.runs/ulp_ulp_ucs_0_synth_1/.Xil/Vivado-2281848-node06.local/realtime/bd_22c0_psreset_kernel_01_0_stub.v:6]
WARNING: [Synth 8-7071] port 'mb_reset' of module 'bd_22c0_psreset_kernel_01_0' is unconnected for instance 'psreset_kernel_01' [/home/cs2401.03/mini1-gemm/build/hw/_x/link/vivado/vpl/prj/prj.gen/my_rm/bd/ulp/ip/ulp_ulp_ucs_0/bd_0/synth/bd_22c0.v:435]
WARNING: [Synth 8-7071] port 'bus_struct_reset' of module 'bd_22c0_psreset_kernel_01_0' is unconnected for instance 'psreset_kernel_01' [/home/cs2401.03/mini1-gemm/build/hw/_x/link/vivado/vpl/prj/prj.gen/my_rm/bd/ulp/ip/ulp_ulp_ucs_0/bd_0/synth/bd_22c0.v:435]
WARNING: [Synth 8-7071] port 'peripheral_reset' of module 'bd_22c0_psreset_kernel_01_0' is unconnected for instance 'psreset_kernel_01' [/home/cs2401.03/mini1-gemm/build/hw/_x/link/vivado/vpl/prj/prj.gen/my_rm/bd/ulp/ip/ulp_ulp_ucs_0/bd_0/synth/bd_22c0.v:435]
WARNING: [Synth 8-7071] port 'peripheral_aresetn' of module 'bd_22c0_psreset_kernel_01_0' is unconnected for instance 'psreset_kernel_01' [/home/cs2401.03/mini1-gemm/build/hw/_x/link/vivado/vpl/prj/prj.gen/my_rm/bd/ulp/ip/ulp_ulp_ucs_0/bd_0/synth/bd_22c0.v:435]
WARNING: [Synth 8-7023] instance 'psreset_kernel_01' of module 'bd_22c0_psreset_kernel_01_0' has 10 connections declared, but only 6 given [/home/cs2401.03/mini1-gemm/build/hw/_x/link/vivado/vpl/prj/prj.gen/my_rm/bd/ulp/ip/ulp_ulp_ucs_0/bd_0/synth/bd_22c0.v:435]
INFO: [Synth 8-6155] done synthesizing module 'aclk_kernel_01_hierarchy_imp_BJA0NF' (0#1) [/home/cs2401.03/mini1-gemm/build/hw/_x/link/vivado/vpl/prj/prj.gen/my_rm/bd/ulp/ip/ulp_ulp_ucs_0/bd_0/synth/bd_22c0.v:290]
INFO: [Synth 8-6157] synthesizing module 'bd_22c0_axi_ic_ctrl_mgmt_top_0' [/home/cs2401.03/mini1-gemm/build/hw/_x/link/vivado/vpl/prj/prj.gen/my_rm/bd/ulp/ip/ulp_ulp_ucs_0/bd_0/synth/bd_22c0.v:1682]
INFO: [Synth 8-6157] synthesizing module 'm00_couplers_imp_1P0ZKXC' [/home/cs2401.03/mini1-gemm/build/hw/_x/link/vivado/vpl/prj/prj.gen/my_rm/bd/ulp/ip/ulp_ulp_ucs_0/bd_0/synth/bd_22c0.v:3403]
INFO: [Synth 8-6155] done synthesizing module 'm00_couplers_imp_1P0ZKXC' (0#1) [/home/cs2401.03/mini1-gemm/build/hw/_x/link/vivado/vpl/prj/prj.gen/my_rm/bd/ulp/ip/ulp_ulp_ucs_0/bd_0/synth/bd_22c0.v:3403]
INFO: [Synth 8-6157] synthesizing module 'm01_couplers_imp_PM9JAR' [/home/cs2401.03/mini1-gemm/build/hw/_x/link/vivado/vpl/prj/prj.gen/my_rm/bd/ulp/ip/ulp_ulp_ucs_0/bd_0/synth/bd_22c0.v:3633]
INFO: [Synth 8-6155] done synthesizing module 'm01_couplers_imp_PM9JAR' (0#1) [/home/cs2401.03/mini1-gemm/build/hw/_x/link/vivado/vpl/prj/prj.gen/my_rm/bd/ulp/ip/ulp_ulp_ucs_0/bd_0/synth/bd_22c0.v:3633]
INFO: [Synth 8-6157] synthesizing module 'm02_couplers_imp_4DWMT3' [/home/cs2401.03/mini1-gemm/build/hw/_x/link/vivado/vpl/prj/prj.gen/my_rm/bd/ulp/ip/ulp_ulp_ucs_0/bd_0/synth/bd_22c0.v:3863]
INFO: [Synth 8-6155] done synthesizing module 'm02_couplers_imp_4DWMT3' (0#1) [/home/cs2401.03/mini1-gemm/build/hw/_x/link/vivado/vpl/prj/prj.gen/my_rm/bd/ulp/ip/ulp_ulp_ucs_0/bd_0/synth/bd_22c0.v:3863]
INFO: [Synth 8-6157] synthesizing module 'm03_couplers_imp_11UJ584' [/home/cs2401.03/mini1-gemm/build/hw/_x/link/vivado/vpl/prj/prj.gen/my_rm/bd/ulp/ip/ulp_ulp_ucs_0/bd_0/synth/bd_22c0.v:4093]
INFO: [Synth 8-6155] done synthesizing module 'm03_couplers_imp_11UJ584' (0#1) [/home/cs2401.03/mini1-gemm/build/hw/_x/link/vivado/vpl/prj/prj.gen/my_rm/bd/ulp/ip/ulp_ulp_ucs_0/bd_0/synth/bd_22c0.v:4093]
INFO: [Synth 8-6157] synthesizing module 'm04_couplers_imp_1AVVDZ3' [/home/cs2401.03/mini1-gemm/build/hw/_x/link/vivado/vpl/prj/prj.gen/my_rm/bd/ulp/ip/ulp_ulp_ucs_0/bd_0/synth/bd_22c0.v:4323]
INFO: [Synth 8-6155] done synthesizing module 'm04_couplers_imp_1AVVDZ3' (0#1) [/home/cs2401.03/mini1-gemm/build/hw/_x/link/vivado/vpl/prj/prj.gen/my_rm/bd/ulp/ip/ulp_ulp_ucs_0/bd_0/synth/bd_22c0.v:4323]
INFO: [Synth 8-6157] synthesizing module 'm05_couplers_imp_D52VCS' [/home/cs2401.03/mini1-gemm/build/hw/_x/link/vivado/vpl/prj/prj.gen/my_rm/bd/ulp/ip/ulp_ulp_ucs_0/bd_0/synth/bd_22c0.v:4438]
INFO: [Synth 8-6155] done synthesizing module 'm05_couplers_imp_D52VCS' (0#1) [/home/cs2401.03/mini1-gemm/build/hw/_x/link/vivado/vpl/prj/prj.gen/my_rm/bd/ulp/ip/ulp_ulp_ucs_0/bd_0/synth/bd_22c0.v:4438]
INFO: [Synth 8-6157] synthesizing module 'm06_couplers_imp_YMD03C' [/home/cs2401.03/mini1-gemm/build/hw/_x/link/vivado/vpl/prj/prj.gen/my_rm/bd/ulp/ip/ulp_ulp_ucs_0/bd_0/synth/bd_22c0.v:4565]
INFO: [Synth 8-6155] done synthesizing module 'm06_couplers_imp_YMD03C' (0#1) [/home/cs2401.03/mini1-gemm/build/hw/_x/link/vivado/vpl/prj/prj.gen/my_rm/bd/ulp/ip/ulp_ulp_ucs_0/bd_0/synth/bd_22c0.v:4565]
INFO: [Synth 8-6157] synthesizing module 's00_couplers_imp_PQYZAK' [/home/cs2401.03/mini1-gemm/build/hw/_x/link/vivado/vpl/prj/prj.gen/my_rm/bd/ulp/ip/ulp_ulp_ucs_0/bd_0/synth/bd_22c0.v:4680]
INFO: [Synth 8-6155] done synthesizing module 's00_couplers_imp_PQYZAK' (0#1) [/home/cs2401.03/mini1-gemm/build/hw/_x/link/vivado/vpl/prj/prj.gen/my_rm/bd/ulp/ip/ulp_ulp_ucs_0/bd_0/synth/bd_22c0.v:4680]
INFO: [Synth 8-6157] synthesizing module 'bd_22c0_axi_ic_ctrl_mgmt_top_imp_xbar_0' [/home/cs2401.03/mini1-gemm/build/hw/_x/link/vivado/vpl/prj/prj.runs/ulp_ulp_ucs_0_synth_1/.Xil/Vivado-2281848-node06.local/realtime/bd_22c0_axi_ic_ctrl_mgmt_top_imp_xbar_0_stub.v:6]
INFO: [Synth 8-6155] done synthesizing module 'bd_22c0_axi_ic_ctrl_mgmt_top_imp_xbar_0' (0#1) [/home/cs2401.03/mini1-gemm/build/hw/_x/link/vivado/vpl/prj/prj.runs/ulp_ulp_ucs_0_synth_1/.Xil/Vivado-2281848-node06.local/realtime/bd_22c0_axi_ic_ctrl_mgmt_top_imp_xbar_0_stub.v:6]
WARNING: [Synth 8-689] width (18) of port connection 'm_axi_arprot' does not match port width (21) of module 'bd_22c0_axi_ic_ctrl_mgmt_top_imp_xbar_0' [/home/cs2401.03/mini1-gemm/build/hw/_x/link/vivado/vpl/prj/prj.gen/my_rm/bd/ulp/ip/ulp_ulp_ucs_0/bd_0/synth/bd_22c0.v:2609]
WARNING: [Synth 8-689] width (18) of port connection 'm_axi_awprot' does not match port width (21) of module 'bd_22c0_axi_ic_ctrl_mgmt_top_imp_xbar_0' [/home/cs2401.03/mini1-gemm/build/hw/_x/link/vivado/vpl/prj/prj.gen/my_rm/bd/ulp/ip/ulp_ulp_ucs_0/bd_0/synth/bd_22c0.v:2613]
INFO: [Synth 8-6155] done synthesizing module 'bd_22c0_axi_ic_ctrl_mgmt_top_0' (0#1) [/home/cs2401.03/mini1-gemm/build/hw/_x/link/vivado/vpl/prj/prj.gen/my_rm/bd/ulp/ip/ulp_ulp_ucs_0/bd_0/synth/bd_22c0.v:1682]
INFO: [Synth 8-6157] synthesizing module 'bd_22c0_build_info_0' [/home/cs2401.03/mini1-gemm/build/hw/_x/link/vivado/vpl/prj/prj.runs/ulp_ulp_ucs_0_synth_1/.Xil/Vivado-2281848-node06.local/realtime/bd_22c0_build_info_0_stub.v:6]
INFO: [Synth 8-6155] done synthesizing module 'bd_22c0_build_info_0' (0#1) [/home/cs2401.03/mini1-gemm/build/hw/_x/link/vivado/vpl/prj/prj.runs/ulp_ulp_ucs_0_synth_1/.Xil/Vivado-2281848-node06.local/realtime/bd_22c0_build_info_0_stub.v:6]
INFO: [Synth 8-6157] synthesizing module 'fanout_aresetn_ctrl_imp_1QSDUUK' [/home/cs2401.03/mini1-gemm/build/hw/_x/link/vivado/vpl/prj/prj.gen/my_rm/bd/ulp/ip/ulp_ulp_ucs_0/bd_0/synth/bd_22c0.v:2648]
INFO: [Synth 8-6157] synthesizing module 'bd_22c0_fanout_aresetn_ctrl_slr0_1_0' [/home/cs2401.03/mini1-gemm/build/hw/_x/link/vivado/vpl/prj/prj.runs/ulp_ulp_ucs_0_synth_1/.Xil/Vivado-2281848-node06.local/realtime/bd_22c0_fanout_aresetn_ctrl_slr0_1_0_stub.v:6]
INFO: [Synth 8-6155] done synthesizing module 'bd_22c0_fanout_aresetn_ctrl_slr0_1_0' (0#1) [/home/cs2401.03/mini1-gemm/build/hw/_x/link/vivado/vpl/prj/prj.runs/ulp_ulp_ucs_0_synth_1/.Xil/Vivado-2281848-node06.local/realtime/bd_22c0_fanout_aresetn_ctrl_slr0_1_0_stub.v:6]
INFO: [Synth 8-6157] synthesizing module 'bd_22c0_fanout_aresetn_ctrl_slr0_2_0' [/home/cs2401.03/mini1-gemm/build/hw/_x/link/vivado/vpl/prj/prj.runs/ulp_ulp_ucs_0_synth_1/.Xil/Vivado-2281848-node06.local/realtime/bd_22c0_fanout_aresetn_ctrl_slr0_2_0_stub.v:6]
INFO: [Synth 8-6155] done synthesizing module 'bd_22c0_fanout_aresetn_ctrl_slr0_2_0' (0#1) [/home/cs2401.03/mini1-gemm/build/hw/_x/link/vivado/vpl/prj/prj.runs/ulp_ulp_ucs_0_synth_1/.Xil/Vivado-2281848-node06.local/realtime/bd_22c0_fanout_aresetn_ctrl_slr0_2_0_stub.v:6]
INFO: [Synth 8-6157] synthesizing module 'bd_22c0_fanout_aresetn_ctrl_slr0_3_0' [/home/cs2401.03/mini1-gemm/build/hw/_x/link/vivado/vpl/prj/prj.runs/ulp_ulp_ucs_0_synth_1/.Xil/Vivado-2281848-node06.local/realtime/bd_22c0_fanout_aresetn_ctrl_slr0_3_0_stub.v:6]
INFO: [Synth 8-6155] done synthesizing module 'bd_22c0_fanout_aresetn_ctrl_slr0_3_0' (0#1) [/home/cs2401.03/mini1-gemm/build/hw/_x/link/vivado/vpl/prj/prj.runs/ulp_ulp_ucs_0_synth_1/.Xil/Vivado-2281848-node06.local/realtime/bd_22c0_fanout_aresetn_ctrl_slr0_3_0_stub.v:6]
INFO: [Synth 8-6157] synthesizing module 'bd_22c0_fanout_aresetn_ctrl_slr0_4_0' [/home/cs2401.03/mini1-gemm/build/hw/_x/link/vivado/vpl/prj/prj.runs/ulp_ulp_ucs_0_synth_1/.Xil/Vivado-2281848-node06.local/realtime/bd_22c0_fanout_aresetn_ctrl_slr0_4_0_stub.v:6]
INFO: [Synth 8-6155] done synthesizing module 'bd_22c0_fanout_aresetn_ctrl_slr0_4_0' (0#1) [/home/cs2401.03/mini1-gemm/build/hw/_x/link/vivado/vpl/prj/prj.runs/ulp_ulp_ucs_0_synth_1/.Xil/Vivado-2281848-node06.local/realtime/bd_22c0_fanout_aresetn_ctrl_slr0_4_0_stub.v:6]
INFO: [Synth 8-6157] synthesizing module 'bd_22c0_fanout_aresetn_ctrl_slr1_1_0' [/home/cs2401.03/mini1-gemm/build/hw/_x/link/vivado/vpl/prj/prj.runs/ulp_ulp_ucs_0_synth_1/.Xil/Vivado-2281848-node06.local/realtime/bd_22c0_fanout_aresetn_ctrl_slr1_1_0_stub.v:6]
INFO: [Synth 8-6155] done synthesizing module 'bd_22c0_fanout_aresetn_ctrl_slr1_1_0' (0#1) [/home/cs2401.03/mini1-gemm/build/hw/_x/link/vivado/vpl/prj/prj.runs/ulp_ulp_ucs_0_synth_1/.Xil/Vivado-2281848-node06.local/realtime/bd_22c0_fanout_aresetn_ctrl_slr1_1_0_stub.v:6]
INFO: [Synth 8-6157] synthesizing module 'bd_22c0_fanout_aresetn_ctrl_slr1_2_0' [/home/cs2401.03/mini1-gemm/build/hw/_x/link/vivado/vpl/prj/prj.runs/ulp_ulp_ucs_0_synth_1/.Xil/Vivado-2281848-node06.local/realtime/bd_22c0_fanout_aresetn_ctrl_slr1_2_0_stub.v:6]
INFO: [Synth 8-6155] done synthesizing module 'bd_22c0_fanout_aresetn_ctrl_slr1_2_0' (0#1) [/home/cs2401.03/mini1-gemm/build/hw/_x/link/vivado/vpl/prj/prj.runs/ulp_ulp_ucs_0_synth_1/.Xil/Vivado-2281848-node06.local/realtime/bd_22c0_fanout_aresetn_ctrl_slr1_2_0_stub.v:6]
INFO: [Synth 8-6157] synthesizing module 'bd_22c0_fanout_aresetn_ctrl_slr1_3_0' [/home/cs2401.03/mini1-gemm/build/hw/_x/link/vivado/vpl/prj/prj.runs/ulp_ulp_ucs_0_synth_1/.Xil/Vivado-2281848-node06.local/realtime/bd_22c0_fanout_aresetn_ctrl_slr1_3_0_stub.v:6]
INFO: [Synth 8-6155] done synthesizing module 'bd_22c0_fanout_aresetn_ctrl_slr1_3_0' (0#1) [/home/cs2401.03/mini1-gemm/build/hw/_x/link/vivado/vpl/prj/prj.runs/ulp_ulp_ucs_0_synth_1/.Xil/Vivado-2281848-node06.local/realtime/bd_22c0_fanout_aresetn_ctrl_slr1_3_0_stub.v:6]
INFO: [Synth 8-6157] synthesizing module 'bd_22c0_fanout_aresetn_ctrl_slr1_4_0' [/home/cs2401.03/mini1-gemm/build/hw/_x/link/vivado/vpl/prj/prj.runs/ulp_ulp_ucs_0_synth_1/.Xil/Vivado-2281848-node06.local/realtime/bd_22c0_fanout_aresetn_ctrl_slr1_4_0_stub.v:6]
INFO: [Synth 8-6155] done synthesizing module 'bd_22c0_fanout_aresetn_ctrl_slr1_4_0' (0#1) [/home/cs2401.03/mini1-gemm/build/hw/_x/link/vivado/vpl/prj/prj.runs/ulp_ulp_ucs_0_synth_1/.Xil/Vivado-2281848-node06.local/realtime/bd_22c0_fanout_aresetn_ctrl_slr1_4_0_stub.v:6]
INFO: [Synth 8-6157] synthesizing module 'bd_22c0_vcc_1' [/home/cs2401.03/mini1-gemm/build/hw/_x/link/vivado/vpl/prj/prj.gen/my_rm/bd/ulp/ip/ulp_ulp_ucs_0/bd_0/ip/ip_36/synth/bd_22c0_vcc_1.v:53]
INFO: [Synth 8-6155] done synthesizing module 'bd_22c0_vcc_1' (0#1) [/home/cs2401.03/mini1-gemm/build/hw/_x/link/vivado/vpl/prj/prj.gen/my_rm/bd/ulp/ip/ulp_ulp_ucs_0/bd_0/ip/ip_36/synth/bd_22c0_vcc_1.v:53]
INFO: [Synth 8-6155] done synthesizing module 'fanout_aresetn_ctrl_imp_1QSDUUK' (0#1) [/home/cs2401.03/mini1-gemm/build/hw/_x/link/vivado/vpl/prj/prj.gen/my_rm/bd/ulp/ip/ulp_ulp_ucs_0/bd_0/synth/bd_22c0.v:2648]
INFO: [Synth 8-6157] synthesizing module 'fanout_aresetn_pcie_imp_9FAOQ8' [/home/cs2401.03/mini1-gemm/build/hw/_x/link/vivado/vpl/prj/prj.gen/my_rm/bd/ulp/ip/ulp_ulp_ucs_0/bd_0/synth/bd_22c0.v:2846]
INFO: [Synth 8-6157] synthesizing module 'bd_22c0_fanout_aresetn_pcie_slr0_1_0' [/home/cs2401.03/mini1-gemm/build/hw/_x/link/vivado/vpl/prj/prj.runs/ulp_ulp_ucs_0_synth_1/.Xil/Vivado-2281848-node06.local/realtime/bd_22c0_fanout_aresetn_pcie_slr0_1_0_stub.v:6]
INFO: [Synth 8-6155] done synthesizing module 'bd_22c0_fanout_aresetn_pcie_slr0_1_0' (0#1) [/home/cs2401.03/mini1-gemm/build/hw/_x/link/vivado/vpl/prj/prj.runs/ulp_ulp_ucs_0_synth_1/.Xil/Vivado-2281848-node06.local/realtime/bd_22c0_fanout_aresetn_pcie_slr0_1_0_stub.v:6]
INFO: [Synth 8-6157] synthesizing module 'bd_22c0_fanout_aresetn_pcie_slr0_2_0' [/home/cs2401.03/mini1-gemm/build/hw/_x/link/vivado/vpl/prj/prj.runs/ulp_ulp_ucs_0_synth_1/.Xil/Vivado-2281848-node06.local/realtime/bd_22c0_fanout_aresetn_pcie_slr0_2_0_stub.v:6]
INFO: [Synth 8-6155] done synthesizing module 'bd_22c0_fanout_aresetn_pcie_slr0_2_0' (0#1) [/home/cs2401.03/mini1-gemm/build/hw/_x/link/vivado/vpl/prj/prj.runs/ulp_ulp_ucs_0_synth_1/.Xil/Vivado-2281848-node06.local/realtime/bd_22c0_fanout_aresetn_pcie_slr0_2_0_stub.v:6]
INFO: [Synth 8-6157] synthesizing module 'bd_22c0_fanout_aresetn_pcie_slr0_3_0' [/home/cs2401.03/mini1-gemm/build/hw/_x/link/vivado/vpl/prj/prj.runs/ulp_ulp_ucs_0_synth_1/.Xil/Vivado-2281848-node06.local/realtime/bd_22c0_fanout_aresetn_pcie_slr0_3_0_stub.v:6]
INFO: [Synth 8-6155] done synthesizing module 'bd_22c0_fanout_aresetn_pcie_slr0_3_0' (0#1) [/home/cs2401.03/mini1-gemm/build/hw/_x/link/vivado/vpl/prj/prj.runs/ulp_ulp_ucs_0_synth_1/.Xil/Vivado-2281848-node06.local/realtime/bd_22c0_fanout_aresetn_pcie_slr0_3_0_stub.v:6]
INFO: [Synth 8-6157] synthesizing module 'bd_22c0_fanout_aresetn_pcie_slr0_4_0' [/home/cs2401.03/mini1-gemm/build/hw/_x/link/vivado/vpl/prj/prj.runs/ulp_ulp_ucs_0_synth_1/.Xil/Vivado-2281848-node06.local/realtime/bd_22c0_fanout_aresetn_pcie_slr0_4_0_stub.v:6]
INFO: [Synth 8-6155] done synthesizing module 'bd_22c0_fanout_aresetn_pcie_slr0_4_0' (0#1) [/home/cs2401.03/mini1-gemm/build/hw/_x/link/vivado/vpl/prj/prj.runs/ulp_ulp_ucs_0_synth_1/.Xil/Vivado-2281848-node06.local/realtime/bd_22c0_fanout_aresetn_pcie_slr0_4_0_stub.v:6]
INFO: [Synth 8-6157] synthesizing module 'bd_22c0_fanout_aresetn_pcie_slr1_1_0' [/home/cs2401.03/mini1-gemm/build/hw/_x/link/vivado/vpl/prj/prj.runs/ulp_ulp_ucs_0_synth_1/.Xil/Vivado-2281848-node06.local/realtime/bd_22c0_fanout_aresetn_pcie_slr1_1_0_stub.v:6]
INFO: [Synth 8-6155] done synthesizing module 'bd_22c0_fanout_aresetn_pcie_slr1_1_0' (0#1) [/home/cs2401.03/mini1-gemm/build/hw/_x/link/vivado/vpl/prj/prj.runs/ulp_ulp_ucs_0_synth_1/.Xil/Vivado-2281848-node06.local/realtime/bd_22c0_fanout_aresetn_pcie_slr1_1_0_stub.v:6]
INFO: [Synth 8-6157] synthesizing module 'bd_22c0_fanout_aresetn_pcie_slr1_2_0' [/home/cs2401.03/mini1-gemm/build/hw/_x/link/vivado/vpl/prj/prj.runs/ulp_ulp_ucs_0_synth_1/.Xil/Vivado-2281848-node06.local/realtime/bd_22c0_fanout_aresetn_pcie_slr1_2_0_stub.v:6]
INFO: [Synth 8-6155] done synthesizing module 'bd_22c0_fanout_aresetn_pcie_slr1_2_0' (0#1) [/home/cs2401.03/mini1-gemm/build/hw/_x/link/vivado/vpl/prj/prj.runs/ulp_ulp_ucs_0_synth_1/.Xil/Vivado-2281848-node06.local/realtime/bd_22c0_fanout_aresetn_pcie_slr1_2_0_stub.v:6]
INFO: [Synth 8-6157] synthesizing module 'bd_22c0_fanout_aresetn_pcie_slr1_3_0' [/home/cs2401.03/mini1-gemm/build/hw/_x/link/vivado/vpl/prj/prj.runs/ulp_ulp_ucs_0_synth_1/.Xil/Vivado-2281848-node06.local/realtime/bd_22c0_fanout_aresetn_pcie_slr1_3_0_stub.v:6]
INFO: [Synth 8-6155] done synthesizing module 'bd_22c0_fanout_aresetn_pcie_slr1_3_0' (0#1) [/home/cs2401.03/mini1-gemm/build/hw/_x/link/vivado/vpl/prj/prj.runs/ulp_ulp_ucs_0_synth_1/.Xil/Vivado-2281848-node06.local/realtime/bd_22c0_fanout_aresetn_pcie_slr1_3_0_stub.v:6]
INFO: [Synth 8-6157] synthesizing module 'bd_22c0_fanout_aresetn_pcie_slr1_4_0' [/home/cs2401.03/mini1-gemm/build/hw/_x/link/vivado/vpl/prj/prj.runs/ulp_ulp_ucs_0_synth_1/.Xil/Vivado-2281848-node06.local/realtime/bd_22c0_fanout_aresetn_pcie_slr1_4_0_stub.v:6]
INFO: [Synth 8-6155] done synthesizing module 'bd_22c0_fanout_aresetn_pcie_slr1_4_0' (0#1) [/home/cs2401.03/mini1-gemm/build/hw/_x/link/vivado/vpl/prj/prj.runs/ulp_ulp_ucs_0_synth_1/.Xil/Vivado-2281848-node06.local/realtime/bd_22c0_fanout_aresetn_pcie_slr1_4_0_stub.v:6]
INFO: [Synth 8-6157] synthesizing module 'bd_22c0_vcc_0' [/home/cs2401.03/mini1-gemm/build/hw/_x/link/vivado/vpl/prj/prj.gen/my_rm/bd/ulp/ip/ulp_ulp_ucs_0/bd_0/ip/ip_27/synth/bd_22c0_vcc_0.v:53]
INFO: [Synth 8-6155] done synthesizing module 'bd_22c0_vcc_0' (0#1) [/home/cs2401.03/mini1-gemm/build/hw/_x/link/vivado/vpl/prj/prj.gen/my_rm/bd/ulp/ip/ulp_ulp_ucs_0/bd_0/ip/ip_27/synth/bd_22c0_vcc_0.v:53]
INFO: [Synth 8-6155] done synthesizing module 'fanout_aresetn_pcie_imp_9FAOQ8' (0#1) [/home/cs2401.03/mini1-gemm/build/hw/_x/link/vivado/vpl/prj/prj.gen/my_rm/bd/ulp/ip/ulp_ulp_ucs_0/bd_0/synth/bd_22c0.v:2846]
INFO: [Synth 8-6157] synthesizing module 'frequency_counters_imp_129ZTEO' [/home/cs2401.03/mini1-gemm/build/hw/_x/link/vivado/vpl/prj/prj.gen/my_rm/bd/ulp/ip/ulp_ulp_ucs_0/bd_0/synth/bd_22c0.v:2912]
INFO: [Synth 8-6157] synthesizing module 'bd_22c0_axi_ic_ctrl_mgmt_freq_0' [/home/cs2401.03/mini1-gemm/build/hw/_x/link/vivado/vpl/prj/prj.gen/my_rm/bd/ulp/ip/ulp_ulp_ucs_0/bd_0/synth/bd_22c0.v:1055]
INFO: [Synth 8-6157] synthesizing module 'm00_couplers_imp_1V3Q0F3' [/home/cs2401.03/mini1-gemm/build/hw/_x/link/vivado/vpl/prj/prj.gen/my_rm/bd/ulp/ip/ulp_ulp_ucs_0/bd_0/synth/bd_22c0.v:3518]
INFO: [Synth 8-6155] done synthesizing module 'm00_couplers_imp_1V3Q0F3' (0#1) [/home/cs2401.03/mini1-gemm/build/hw/_x/link/vivado/vpl/prj/prj.gen/my_rm/bd/ulp/ip/ulp_ulp_ucs_0/bd_0/synth/bd_22c0.v:3518]
INFO: [Synth 8-6157] synthesizing module 'm01_couplers_imp_WVLWWS' [/home/cs2401.03/mini1-gemm/build/hw/_x/link/vivado/vpl/prj/prj.gen/my_rm/bd/ulp/ip/ulp_ulp_ucs_0/bd_0/synth/bd_22c0.v:3748]
INFO: [Synth 8-6155] done synthesizing module 'm01_couplers_imp_WVLWWS' (0#1) [/home/cs2401.03/mini1-gemm/build/hw/_x/link/vivado/vpl/prj/prj.gen/my_rm/bd/ulp/ip/ulp_ulp_ucs_0/bd_0/synth/bd_22c0.v:3748]
INFO: [Synth 8-6157] synthesizing module 'm02_couplers_imp_AIIB88' [/home/cs2401.03/mini1-gemm/build/hw/_x/link/vivado/vpl/prj/prj.gen/my_rm/bd/ulp/ip/ulp_ulp_ucs_0/bd_0/synth/bd_22c0.v:3978]
INFO: [Synth 8-6155] done synthesizing module 'm02_couplers_imp_AIIB88' (0#1) [/home/cs2401.03/mini1-gemm/build/hw/_x/link/vivado/vpl/prj/prj.gen/my_rm/bd/ulp/ip/ulp_ulp_ucs_0/bd_0/synth/bd_22c0.v:3978]
INFO: [Synth 8-6157] synthesizing module 'm03_couplers_imp_190QZ2Z' [/home/cs2401.03/mini1-gemm/build/hw/_x/link/vivado/vpl/prj/prj.gen/my_rm/bd/ulp/ip/ulp_ulp_ucs_0/bd_0/synth/bd_22c0.v:4208]
INFO: [Synth 8-6155] done synthesizing module 'm03_couplers_imp_190QZ2Z' (0#1) [/home/cs2401.03/mini1-gemm/build/hw/_x/link/vivado/vpl/prj/prj.gen/my_rm/bd/ulp/ip/ulp_ulp_ucs_0/bd_0/synth/bd_22c0.v:4208]
INFO: [Synth 8-6157] synthesizing module 's00_couplers_imp_WZP98J' [/home/cs2401.03/mini1-gemm/build/hw/_x/link/vivado/vpl/prj/prj.gen/my_rm/bd/ulp/ip/ulp_ulp_ucs_0/bd_0/synth/bd_22c0.v:4807]
INFO: [Synth 8-6157] synthesizing module 'bd_22c0_axi_ic_ctrl_mgmt_freq_imp_auto_cc_0' [/home/cs2401.03/mini1-gemm/build/hw/_x/link/vivado/vpl/prj/prj.runs/ulp_ulp_ucs_0_synth_1/.Xil/Vivado-2281848-node06.local/realtime/bd_22c0_axi_ic_ctrl_mgmt_freq_imp_auto_cc_0_stub.v:6]
INFO: [Synth 8-6155] done synthesizing module 'bd_22c0_axi_ic_ctrl_mgmt_freq_imp_auto_cc_0' (0#1) [/home/cs2401.03/mini1-gemm/build/hw/_x/link/vivado/vpl/prj/prj.runs/ulp_ulp_ucs_0_synth_1/.Xil/Vivado-2281848-node06.local/realtime/bd_22c0_axi_ic_ctrl_mgmt_freq_imp_auto_cc_0_stub.v:6]
INFO: [Synth 8-6155] done synthesizing module 's00_couplers_imp_WZP98J' (0#1) [/home/cs2401.03/mini1-gemm/build/hw/_x/link/vivado/vpl/prj/prj.gen/my_rm/bd/ulp/ip/ulp_ulp_ucs_0/bd_0/synth/bd_22c0.v:4807]
INFO: [Synth 8-6157] synthesizing module 'bd_22c0_axi_ic_ctrl_mgmt_freq_imp_xbar_0' [/home/cs2401.03/mini1-gemm/build/hw/_x/link/vivado/vpl/prj/prj.runs/ulp_ulp_ucs_0_synth_1/.Xil/Vivado-2281848-node06.local/realtime/bd_22c0_axi_ic_ctrl_mgmt_freq_imp_xbar_0_stub.v:6]
INFO: [Synth 8-6155] done synthesizing module 'bd_22c0_axi_ic_ctrl_mgmt_freq_imp_xbar_0' (0#1) [/home/cs2401.03/mini1-gemm/build/hw/_x/link/vivado/vpl/prj/prj.runs/ulp_ulp_ucs_0_synth_1/.Xil/Vivado-2281848-node06.local/realtime/bd_22c0_axi_ic_ctrl_mgmt_freq_imp_xbar_0_stub.v:6]
WARNING: [Synth 8-7071] port 'm_axi_awprot' of module 'bd_22c0_axi_ic_ctrl_mgmt_freq_imp_xbar_0' is unconnected for instance 'xbar' [/home/cs2401.03/mini1-gemm/build/hw/_x/link/vivado/vpl/prj/prj.gen/my_rm/bd/ulp/ip/ulp_ulp_ucs_0/bd_0/synth/bd_22c0.v:1641]
WARNING: [Synth 8-7071] port 'm_axi_arprot' of module 'bd_22c0_axi_ic_ctrl_mgmt_freq_imp_xbar_0' is unconnected for instance 'xbar' [/home/cs2401.03/mini1-gemm/build/hw/_x/link/vivado/vpl/prj/prj.gen/my_rm/bd/ulp/ip/ulp_ulp_ucs_0/bd_0/synth/bd_22c0.v:1641]
WARNING: [Synth 8-7023] instance 'xbar' of module 'bd_22c0_axi_ic_ctrl_mgmt_freq_imp_xbar_0' has 40 connections declared, but only 38 given [/home/cs2401.03/mini1-gemm/build/hw/_x/link/vivado/vpl/prj/prj.gen/my_rm/bd/ulp/ip/ulp_ulp_ucs_0/bd_0/synth/bd_22c0.v:1641]
INFO: [Synth 8-6155] done synthesizing module 'bd_22c0_axi_ic_ctrl_mgmt_freq_0' (0#1) [/home/cs2401.03/mini1-gemm/build/hw/_x/link/vivado/vpl/prj/prj.gen/my_rm/bd/ulp/ip/ulp_ulp_ucs_0/bd_0/synth/bd_22c0.v:1055]
INFO: [Synth 8-6157] synthesizing module 'bd_22c0_frequency_counter_aclk_0' [/home/cs2401.03/mini1-gemm/build/hw/_x/link/vivado/vpl/prj/prj.runs/ulp_ulp_ucs_0_synth_1/.Xil/Vivado-2281848-node06.local/realtime/bd_22c0_frequency_counter_aclk_0_stub.v:6]
INFO: [Synth 8-6155] done synthesizing module 'bd_22c0_frequency_counter_aclk_0' (0#1) [/home/cs2401.03/mini1-gemm/build/hw/_x/link/vivado/vpl/prj/prj.runs/ulp_ulp_ucs_0_synth_1/.Xil/Vivado-2281848-node06.local/realtime/bd_22c0_frequency_counter_aclk_0_stub.v:6]
INFO: [Synth 8-6157] synthesizing module 'bd_22c0_frequency_counter_aclk_hbm_0' [/home/cs2401.03/mini1-gemm/build/hw/_x/link/vivado/vpl/prj/prj.runs/ulp_ulp_ucs_0_synth_1/.Xil/Vivado-2281848-node06.local/realtime/bd_22c0_frequency_counter_aclk_hbm_0_stub.v:6]
INFO: [Synth 8-6155] done synthesizing module 'bd_22c0_frequency_counter_aclk_hbm_0' (0#1) [/home/cs2401.03/mini1-gemm/build/hw/_x/link/vivado/vpl/prj/prj.runs/ulp_ulp_ucs_0_synth_1/.Xil/Vivado-2281848-node06.local/realtime/bd_22c0_frequency_counter_aclk_hbm_0_stub.v:6]
INFO: [Synth 8-6157] synthesizing module 'bd_22c0_frequency_counter_aclk_kernel_00_0' [/home/cs2401.03/mini1-gemm/build/hw/_x/link/vivado/vpl/prj/prj.runs/ulp_ulp_ucs_0_synth_1/.Xil/Vivado-2281848-node06.local/realtime/bd_22c0_frequency_counter_aclk_kernel_00_0_stub.v:6]
INFO: [Synth 8-6155] done synthesizing module 'bd_22c0_frequency_counter_aclk_kernel_00_0' (0#1) [/home/cs2401.03/mini1-gemm/build/hw/_x/link/vivado/vpl/prj/prj.runs/ulp_ulp_ucs_0_synth_1/.Xil/Vivado-2281848-node06.local/realtime/bd_22c0_frequency_counter_aclk_kernel_00_0_stub.v:6]
INFO: [Synth 8-6157] synthesizing module 'bd_22c0_frequency_counter_aclk_kernel_01_0' [/home/cs2401.03/mini1-gemm/build/hw/_x/link/vivado/vpl/prj/prj.runs/ulp_ulp_ucs_0_synth_1/.Xil/Vivado-2281848-node06.local/realtime/bd_22c0_frequency_counter_aclk_kernel_01_0_stub.v:6]
INFO: [Synth 8-6155] done synthesizing module 'bd_22c0_frequency_counter_aclk_kernel_01_0' (0#1) [/home/cs2401.03/mini1-gemm/build/hw/_x/link/vivado/vpl/prj/prj.runs/ulp_ulp_ucs_0_synth_1/.Xil/Vivado-2281848-node06.local/realtime/bd_22c0_frequency_counter_aclk_kernel_01_0_stub.v:6]
INFO: [Synth 8-6157] synthesizing module 'bd_22c0_psreset_aclk_freerun_0' [/home/cs2401.03/mini1-gemm/build/hw/_x/link/vivado/vpl/prj/prj.runs/ulp_ulp_ucs_0_synth_1/.Xil/Vivado-2281848-node06.local/realtime/bd_22c0_psreset_aclk_freerun_0_stub.v:6]
INFO: [Synth 8-6155] done synthesizing module 'bd_22c0_psreset_aclk_freerun_0' (0#1) [/home/cs2401.03/mini1-gemm/build/hw/_x/link/vivado/vpl/prj/prj.runs/ulp_ulp_ucs_0_synth_1/.Xil/Vivado-2281848-node06.local/realtime/bd_22c0_psreset_aclk_freerun_0_stub.v:6]
WARNING: [Synth 8-7071] port 'mb_reset' of module 'bd_22c0_psreset_aclk_freerun_0' is unconnected for instance 'psreset_aclk_freerun' [/home/cs2401.03/mini1-gemm/build/hw/_x/link/vivado/vpl/prj/prj.gen/my_rm/bd/ulp/ip/ulp_ulp_ucs_0/bd_0/synth/bd_22c0.v:3259]
WARNING: [Synth 8-7071] port 'bus_struct_reset' of module 'bd_22c0_psreset_aclk_freerun_0' is unconnected for instance 'psreset_aclk_freerun' [/home/cs2401.03/mini1-gemm/build/hw/_x/link/vivado/vpl/prj/prj.gen/my_rm/bd/ulp/ip/ulp_ulp_ucs_0/bd_0/synth/bd_22c0.v:3259]
WARNING: [Synth 8-7071] port 'peripheral_reset' of module 'bd_22c0_psreset_aclk_freerun_0' is unconnected for instance 'psreset_aclk_freerun' [/home/cs2401.03/mini1-gemm/build/hw/_x/link/vivado/vpl/prj/prj.gen/my_rm/bd/ulp/ip/ulp_ulp_ucs_0/bd_0/synth/bd_22c0.v:3259]
WARNING: [Synth 8-7071] port 'peripheral_aresetn' of module 'bd_22c0_psreset_aclk_freerun_0' is unconnected for instance 'psreset_aclk_freerun' [/home/cs2401.03/mini1-gemm/build/hw/_x/link/vivado/vpl/prj/prj.gen/my_rm/bd/ulp/ip/ulp_ulp_ucs_0/bd_0/synth/bd_22c0.v:3259]
WARNING: [Synth 8-7023] instance 'psreset_aclk_freerun' of module 'bd_22c0_psreset_aclk_freerun_0' has 10 connections declared, but only 6 given [/home/cs2401.03/mini1-gemm/build/hw/_x/link/vivado/vpl/prj/prj.gen/my_rm/bd/ulp/ip/ulp_ulp_ucs_0/bd_0/synth/bd_22c0.v:3259]
INFO: [Synth 8-6155] done synthesizing module 'frequency_counters_imp_129ZTEO' (0#1) [/home/cs2401.03/mini1-gemm/build/hw/_x/link/vivado/vpl/prj/prj.gen/my_rm/bd/ulp/ip/ulp_ulp_ucs_0/bd_0/synth/bd_22c0.v:2912]
INFO: [Synth 8-6157] synthesizing module 'gapping_demand_imp_15CEGP6' [/home/cs2401.03/mini1-gemm/build/hw/_x/link/vivado/vpl/prj/prj.gen/my_rm/bd/ulp/ip/ulp_ulp_ucs_0/bd_0/synth/bd_22c0.v:3268]
INFO: [Synth 8-6157] synthesizing module 'bd_22c0_clock_throttling_avg_0' [/home/cs2401.03/mini1-gemm/build/hw/_x/link/vivado/vpl/prj/prj.runs/ulp_ulp_ucs_0_synth_1/.Xil/Vivado-2281848-node06.local/realtime/bd_22c0_clock_throttling_avg_0_stub.v:6]
INFO: [Synth 8-6155] done synthesizing module 'bd_22c0_clock_throttling_avg_0' (0#1) [/home/cs2401.03/mini1-gemm/build/hw/_x/link/vivado/vpl/prj/prj.runs/ulp_ulp_ucs_0_synth_1/.Xil/Vivado-2281848-node06.local/realtime/bd_22c0_clock_throttling_avg_0_stub.v:6]
INFO: [Synth 8-6157] synthesizing module 'bd_22c0_gapping_demand_toggle_0' [/home/cs2401.03/mini1-gemm/build/hw/_x/link/vivado/vpl/prj/prj.runs/ulp_ulp_ucs_0_synth_1/.Xil/Vivado-2281848-node06.local/realtime/bd_22c0_gapping_demand_toggle_0_stub.v:6]
INFO: [Synth 8-6155] done synthesizing module 'bd_22c0_gapping_demand_toggle_0' (0#1) [/home/cs2401.03/mini1-gemm/build/hw/_x/link/vivado/vpl/prj/prj.runs/ulp_ulp_ucs_0_synth_1/.Xil/Vivado-2281848-node06.local/realtime/bd_22c0_gapping_demand_toggle_0_stub.v:6]
INFO: [Synth 8-6157] synthesizing module 'bd_22c0_gapping_demand_update_0' [/home/cs2401.03/mini1-gemm/build/hw/_x/link/vivado/vpl/prj/prj.runs/ulp_ulp_ucs_0_synth_1/.Xil/Vivado-2281848-node06.local/realtime/bd_22c0_gapping_demand_update_0_stub.v:6]
INFO: [Synth 8-6155] done synthesizing module 'bd_22c0_gapping_demand_update_0' (0#1) [/home/cs2401.03/mini1-gemm/build/hw/_x/link/vivado/vpl/prj/prj.runs/ulp_ulp_ucs_0_synth_1/.Xil/Vivado-2281848-node06.local/realtime/bd_22c0_gapping_demand_update_0_stub.v:6]
INFO: [Synth 8-6157] synthesizing module 'bd_22c0_gnd31_0' [/home/cs2401.03/mini1-gemm/build/hw/_x/link/vivado/vpl/prj/prj.gen/my_rm/bd/ulp/ip/ulp_ulp_ucs_0/bd_0/ip/ip_5/synth/bd_22c0_gnd31_0.v:53]
INFO: [Synth 8-6157] synthesizing module 'xlconstant_v1_1_10_xlconstant__parameterized0' [/home/cs2401.03/mini1-gemm/build/hw/_x/link/vivado/vpl/prj/prj.gen/my_rm/bd/ulp/ipshared/a165/hdl/xlconstant_v1_1_vl_rfs.v:68]
INFO: [Synth 8-6155] done synthesizing module 'xlconstant_v1_1_10_xlconstant__parameterized0' (0#1) [/home/cs2401.03/mini1-gemm/build/hw/_x/link/vivado/vpl/prj/prj.gen/my_rm/bd/ulp/ipshared/a165/hdl/xlconstant_v1_1_vl_rfs.v:68]
INFO: [Synth 8-6155] done synthesizing module 'bd_22c0_gnd31_0' (0#1) [/home/cs2401.03/mini1-gemm/build/hw/_x/link/vivado/vpl/prj/prj.gen/my_rm/bd/ulp/ip/ulp_ulp_ucs_0/bd_0/ip/ip_5/synth/bd_22c0_gnd31_0.v:53]
INFO: [Synth 8-6157] synthesizing module 'bd_22c0_gpio_gapping_demand_0' [/home/cs2401.03/mini1-gemm/build/hw/_x/link/vivado/vpl/prj/prj.runs/ulp_ulp_ucs_0_synth_1/.Xil/Vivado-2281848-node06.local/realtime/bd_22c0_gpio_gapping_demand_0_stub.v:6]
INFO: [Synth 8-6155] done synthesizing module 'bd_22c0_gpio_gapping_demand_0' (0#1) [/home/cs2401.03/mini1-gemm/build/hw/_x/link/vivado/vpl/prj/prj.runs/ulp_ulp_ucs_0_synth_1/.Xil/Vivado-2281848-node06.local/realtime/bd_22c0_gpio_gapping_demand_0_stub.v:6]
INFO: [Synth 8-6157] synthesizing module 'bd_22c0_gpio_gapping_demand_concat_0' [/home/cs2401.03/mini1-gemm/build/hw/_x/link/vivado/vpl/prj/prj.gen/my_rm/bd/ulp/ip/ulp_ulp_ucs_0/bd_0/ip/ip_7/synth/bd_22c0_gpio_gapping_demand_concat_0.v:53]
INFO: [Synth 8-6157] synthesizing module 'xlconcat_v2_1_7_xlconcat' [/home/cs2401.03/mini1-gemm/build/hw/_x/link/vivado/vpl/prj/prj.gen/my_rm/bd/ulp/ipshared/9c1a/hdl/xlconcat_v2_1_vl_rfs.v:59]
INFO: [Synth 8-6155] done synthesizing module 'xlconcat_v2_1_7_xlconcat' (0#1) [/home/cs2401.03/mini1-gemm/build/hw/_x/link/vivado/vpl/prj/prj.gen/my_rm/bd/ulp/ipshared/9c1a/hdl/xlconcat_v2_1_vl_rfs.v:59]
INFO: [Synth 8-6155] done synthesizing module 'bd_22c0_gpio_gapping_demand_concat_0' (0#1) [/home/cs2401.03/mini1-gemm/build/hw/_x/link/vivado/vpl/prj/prj.gen/my_rm/bd/ulp/ip/ulp_ulp_ucs_0/bd_0/ip/ip_7/synth/bd_22c0_gpio_gapping_demand_concat_0.v:53]
INFO: [Synth 8-6157] synthesizing module 'bd_22c0_slice_gapping_demand_ack_0' [/home/cs2401.03/mini1-gemm/build/hw/_x/link/vivado/vpl/prj/prj.gen/my_rm/bd/ulp/ip/ulp_ulp_ucs_0/bd_0/ip/ip_9/synth/bd_22c0_slice_gapping_demand_ack_0.v:53]
INFO: [Synth 8-6157] synthesizing module 'xlslice_v1_0_5_xlslice' [/home/cs2401.03/mini1-gemm/build/hw/_x/link/vivado/vpl/prj/prj.gen/my_rm/bd/ulp/ipshared/6792/hdl/xlslice_v1_0_vl_rfs.v:58]
INFO: [Synth 8-6155] done synthesizing module 'xlslice_v1_0_5_xlslice' (0#1) [/home/cs2401.03/mini1-gemm/build/hw/_x/link/vivado/vpl/prj/prj.gen/my_rm/bd/ulp/ipshared/6792/hdl/xlslice_v1_0_vl_rfs.v:58]
INFO: [Synth 8-6155] done synthesizing module 'bd_22c0_slice_gapping_demand_ack_0' (0#1) [/home/cs2401.03/mini1-gemm/build/hw/_x/link/vivado/vpl/prj/prj.gen/my_rm/bd/ulp/ip/ulp_ulp_ucs_0/bd_0/ip/ip_9/synth/bd_22c0_slice_gapping_demand_ack_0.v:53]
INFO: [Synth 8-6157] synthesizing module 'bd_22c0_slice_gapping_demand_enable_0' [/home/cs2401.03/mini1-gemm/build/hw/_x/link/vivado/vpl/prj/prj.gen/my_rm/bd/ulp/ip/ulp_ulp_ucs_0/bd_0/ip/ip_10/synth/bd_22c0_slice_gapping_demand_enable_0.v:53]
INFO: [Synth 8-6157] synthesizing module 'xlslice_v1_0_5_xlslice__parameterized0' [/home/cs2401.03/mini1-gemm/build/hw/_x/link/vivado/vpl/prj/prj.gen/my_rm/bd/ulp/ipshared/6792/hdl/xlslice_v1_0_vl_rfs.v:58]
INFO: [Synth 8-6155] done synthesizing module 'xlslice_v1_0_5_xlslice__parameterized0' (0#1) [/home/cs2401.03/mini1-gemm/build/hw/_x/link/vivado/vpl/prj/prj.gen/my_rm/bd/ulp/ipshared/6792/hdl/xlslice_v1_0_vl_rfs.v:58]
INFO: [Synth 8-6155] done synthesizing module 'bd_22c0_slice_gapping_demand_enable_0' (0#1) [/home/cs2401.03/mini1-gemm/build/hw/_x/link/vivado/vpl/prj/prj.gen/my_rm/bd/ulp/ip/ulp_ulp_ucs_0/bd_0/ip/ip_10/synth/bd_22c0_slice_gapping_demand_enable_0.v:53]
INFO: [Synth 8-6157] synthesizing module 'bd_22c0_slice_gapping_demand_rate_0' [/home/cs2401.03/mini1-gemm/build/hw/_x/link/vivado/vpl/prj/prj.gen/my_rm/bd/ulp/ip/ulp_ulp_ucs_0/bd_0/ip/ip_8/synth/bd_22c0_slice_gapping_demand_rate_0.v:53]
INFO: [Common 17-14] Message 'Synth 8-6157' appears 100 times and further instances of the messages will be disabled.
INFO: [Synth 8-6155] done synthesizing module 'xlslice_v1_0_5_xlslice__parameterized1' (0#1) [/home/cs2401.03/mini1-gemm/build/hw/_x/link/vivado/vpl/prj/prj.gen/my_rm/bd/ulp/ipshared/6792/hdl/xlslice_v1_0_vl_rfs.v:58]
INFO: [Synth 8-6155] done synthesizing module 'bd_22c0_slice_gapping_demand_rate_0' (0#1) [/home/cs2401.03/mini1-gemm/build/hw/_x/link/vivado/vpl/prj/prj.gen/my_rm/bd/ulp/ip/ulp_ulp_ucs_0/bd_0/ip/ip_8/synth/bd_22c0_slice_gapping_demand_rate_0.v:53]
INFO: [Synth 8-6155] done synthesizing module 'gapping_demand_imp_15CEGP6' (0#1) [/home/cs2401.03/mini1-gemm/build/hw/_x/link/vivado/vpl/prj/prj.gen/my_rm/bd/ulp/ip/ulp_ulp_ucs_0/bd_0/synth/bd_22c0.v:3268]
INFO: [Synth 8-6155] done synthesizing module 'bd_22c0_clock_shutdown_latch_0' (0#1) [/home/cs2401.03/mini1-gemm/build/hw/_x/link/vivado/vpl/prj/prj.runs/ulp_ulp_ucs_0_synth_1/.Xil/Vivado-2281848-node06.local/realtime/bd_22c0_clock_shutdown_latch_0_stub.v:6]
INFO: [Common 17-14] Message 'Synth 8-6155' appears 100 times and further instances of the messages will be disabled.
WARNING: [Synth 8-7129] Port Din[31] in module xlslice_v1_0_5_xlslice__parameterized3 is either unconnected or has no load
WARNING: [Synth 8-7129] Port Din[30] in module xlslice_v1_0_5_xlslice__parameterized3 is either unconnected or has no load
WARNING: [Synth 8-7129] Port Din[29] in module xlslice_v1_0_5_xlslice__parameterized3 is either unconnected or has no load
WARNING: [Synth 8-7129] Port Din[28] in module xlslice_v1_0_5_xlslice__parameterized3 is either unconnected or has no load
WARNING: [Synth 8-7129] Port Din[27] in module xlslice_v1_0_5_xlslice__parameterized3 is either unconnected or has no load
WARNING: [Synth 8-7129] Port Din[26] in module xlslice_v1_0_5_xlslice__parameterized3 is either unconnected or has no load
WARNING: [Synth 8-7129] Port Din[25] in module xlslice_v1_0_5_xlslice__parameterized3 is either unconnected or has no load
WARNING: [Synth 8-7129] Port Din[24] in module xlslice_v1_0_5_xlslice__parameterized3 is either unconnected or has no load
WARNING: [Synth 8-7129] Port Din[23] in module xlslice_v1_0_5_xlslice__parameterized3 is either unconnected or has no load
WARNING: [Synth 8-7129] Port Din[22] in module xlslice_v1_0_5_xlslice__parameterized3 is either unconnected or has no load
WARNING: [Synth 8-7129] Port Din[21] in module xlslice_v1_0_5_xlslice__parameterized3 is either unconnected or has no load
WARNING: [Synth 8-7129] Port Din[4] in module xlslice_v1_0_5_xlslice__parameterized3 is either unconnected or has no load
WARNING: [Synth 8-7129] Port Din[3] in module xlslice_v1_0_5_xlslice__parameterized3 is either unconnected or has no load
WARNING: [Synth 8-7129] Port Din[2] in module xlslice_v1_0_5_xlslice__parameterized3 is either unconnected or has no load
WARNING: [Synth 8-7129] Port Din[1] in module xlslice_v1_0_5_xlslice__parameterized3 is either unconnected or has no load
WARNING: [Synth 8-7129] Port Din[0] in module xlslice_v1_0_5_xlslice__parameterized3 is either unconnected or has no load
WARNING: [Synth 8-7129] Port Din[31] in module xlslice_v1_0_5_xlslice__parameterized2 is either unconnected or has no load
WARNING: [Synth 8-7129] Port Din[30] in module xlslice_v1_0_5_xlslice__parameterized2 is either unconnected or has no load
WARNING: [Synth 8-7129] Port Din[29] in module xlslice_v1_0_5_xlslice__parameterized2 is either unconnected or has no load
WARNING: [Synth 8-7129] Port Din[28] in module xlslice_v1_0_5_xlslice__parameterized2 is either unconnected or has no load
WARNING: [Synth 8-7129] Port Din[27] in module xlslice_v1_0_5_xlslice__parameterized2 is either unconnected or has no load
WARNING: [Synth 8-7129] Port Din[26] in module xlslice_v1_0_5_xlslice__parameterized2 is either unconnected or has no load
WARNING: [Synth 8-7129] Port Din[25] in module xlslice_v1_0_5_xlslice__parameterized2 is either unconnected or has no load
WARNING: [Synth 8-7129] Port Din[24] in module xlslice_v1_0_5_xlslice__parameterized2 is either unconnected or has no load
WARNING: [Synth 8-7129] Port Din[23] in module xlslice_v1_0_5_xlslice__parameterized2 is either unconnected or has no load
WARNING: [Synth 8-7129] Port Din[22] in module xlslice_v1_0_5_xlslice__parameterized2 is either unconnected or has no load
WARNING: [Synth 8-7129] Port Din[21] in module xlslice_v1_0_5_xlslice__parameterized2 is either unconnected or has no load
WARNING: [Synth 8-7129] Port Din[20] in module xlslice_v1_0_5_xlslice__parameterized2 is either unconnected or has no load
WARNING: [Synth 8-7129] Port Din[19] in module xlslice_v1_0_5_xlslice__parameterized2 is either unconnected or has no load
WARNING: [Synth 8-7129] Port Din[18] in module xlslice_v1_0_5_xlslice__parameterized2 is either unconnected or has no load
WARNING: [Synth 8-7129] Port Din[17] in module xlslice_v1_0_5_xlslice__parameterized2 is either unconnected or has no load
WARNING: [Synth 8-7129] Port Din[16] in module xlslice_v1_0_5_xlslice__parameterized2 is either unconnected or has no load
WARNING: [Synth 8-7129] Port Din[15] in module xlslice_v1_0_5_xlslice__parameterized2 is either unconnected or has no load
WARNING: [Synth 8-7129] Port Din[14] in module xlslice_v1_0_5_xlslice__parameterized2 is either unconnected or has no load
WARNING: [Synth 8-7129] Port Din[13] in module xlslice_v1_0_5_xlslice__parameterized2 is either unconnected or has no load
WARNING: [Synth 8-7129] Port Din[12] in module xlslice_v1_0_5_xlslice__parameterized2 is either unconnected or has no load
WARNING: [Synth 8-7129] Port Din[11] in module xlslice_v1_0_5_xlslice__parameterized2 is either unconnected or has no load
WARNING: [Synth 8-7129] Port Din[10] in module xlslice_v1_0_5_xlslice__parameterized2 is either unconnected or has no load
WARNING: [Synth 8-7129] Port Din[9] in module xlslice_v1_0_5_xlslice__parameterized2 is either unconnected or has no load
WARNING: [Synth 8-7129] Port Din[8] in module xlslice_v1_0_5_xlslice__parameterized2 is either unconnected or has no load
WARNING: [Synth 8-7129] Port Din[7] in module xlslice_v1_0_5_xlslice__parameterized2 is either unconnected or has no load
WARNING: [Synth 8-7129] Port Din[6] in module xlslice_v1_0_5_xlslice__parameterized2 is either unconnected or has no load
WARNING: [Synth 8-7129] Port Din[5] in module xlslice_v1_0_5_xlslice__parameterized2 is either unconnected or has no load
WARNING: [Synth 8-7129] Port Din[4] in module xlslice_v1_0_5_xlslice__parameterized2 is either unconnected or has no load
WARNING: [Synth 8-7129] Port Din[3] in module xlslice_v1_0_5_xlslice__parameterized2 is either unconnected or has no load
WARNING: [Synth 8-7129] Port Din[2] in module xlslice_v1_0_5_xlslice__parameterized2 is either unconnected or has no load
WARNING: [Synth 8-7129] Port Din[1] in module xlslice_v1_0_5_xlslice__parameterized2 is either unconnected or has no load
WARNING: [Synth 8-7129] Port In4[0] in module xlconcat_v2_1_7_xlconcat__parameterized0 is either unconnected or has no load
WARNING: [Synth 8-7129] Port In5[0] in module xlconcat_v2_1_7_xlconcat__parameterized0 is either unconnected or has no load
WARNING: [Synth 8-7129] Port In6[0] in module xlconcat_v2_1_7_xlconcat__parameterized0 is either unconnected or has no load
WARNING: [Synth 8-7129] Port In7[0] in module xlconcat_v2_1_7_xlconcat__parameterized0 is either unconnected or has no load
WARNING: [Synth 8-7129] Port In8[0] in module xlconcat_v2_1_7_xlconcat__parameterized0 is either unconnected or has no load
WARNING: [Synth 8-7129] Port In9[0] in module xlconcat_v2_1_7_xlconcat__parameterized0 is either unconnected or has no load
WARNING: [Synth 8-7129] Port In10[0] in module xlconcat_v2_1_7_xlconcat__parameterized0 is either unconnected or has no load
WARNING: [Synth 8-7129] Port In11[0] in module xlconcat_v2_1_7_xlconcat__parameterized0 is either unconnected or has no load
WARNING: [Synth 8-7129] Port In12[0] in module xlconcat_v2_1_7_xlconcat__parameterized0 is either unconnected or has no load
WARNING: [Synth 8-7129] Port In13[0] in module xlconcat_v2_1_7_xlconcat__parameterized0 is either unconnected or has no load
WARNING: [Synth 8-7129] Port In14[0] in module xlconcat_v2_1_7_xlconcat__parameterized0 is either unconnected or has no load
WARNING: [Synth 8-7129] Port In15[0] in module xlconcat_v2_1_7_xlconcat__parameterized0 is either unconnected or has no load
WARNING: [Synth 8-7129] Port In16[0] in module xlconcat_v2_1_7_xlconcat__parameterized0 is either unconnected or has no load
WARNING: [Synth 8-7129] Port In17[0] in module xlconcat_v2_1_7_xlconcat__parameterized0 is either unconnected or has no load
WARNING: [Synth 8-7129] Port In18[0] in module xlconcat_v2_1_7_xlconcat__parameterized0 is either unconnected or has no load
WARNING: [Synth 8-7129] Port In19[0] in module xlconcat_v2_1_7_xlconcat__parameterized0 is either unconnected or has no load
WARNING: [Synth 8-7129] Port In20[0] in module xlconcat_v2_1_7_xlconcat__parameterized0 is either unconnected or has no load
WARNING: [Synth 8-7129] Port In21[0] in module xlconcat_v2_1_7_xlconcat__parameterized0 is either unconnected or has no load
WARNING: [Synth 8-7129] Port In22[0] in module xlconcat_v2_1_7_xlconcat__parameterized0 is either unconnected or has no load
WARNING: [Synth 8-7129] Port In23[0] in module xlconcat_v2_1_7_xlconcat__parameterized0 is either unconnected or has no load
WARNING: [Synth 8-7129] Port In24[0] in module xlconcat_v2_1_7_xlconcat__parameterized0 is either unconnected or has no load
WARNING: [Synth 8-7129] Port In25[0] in module xlconcat_v2_1_7_xlconcat__parameterized0 is either unconnected or has no load
WARNING: [Synth 8-7129] Port In26[0] in module xlconcat_v2_1_7_xlconcat__parameterized0 is either unconnected or has no load
WARNING: [Synth 8-7129] Port In27[0] in module xlconcat_v2_1_7_xlconcat__parameterized0 is either unconnected or has no load
WARNING: [Synth 8-7129] Port In28[0] in module xlconcat_v2_1_7_xlconcat__parameterized0 is either unconnected or has no load
WARNING: [Synth 8-7129] Port In29[0] in module xlconcat_v2_1_7_xlconcat__parameterized0 is either unconnected or has no load
WARNING: [Synth 8-7129] Port In30[0] in module xlconcat_v2_1_7_xlconcat__parameterized0 is either unconnected or has no load
WARNING: [Synth 8-7129] Port In31[0] in module xlconcat_v2_1_7_xlconcat__parameterized0 is either unconnected or has no load
WARNING: [Synth 8-7129] Port In32[0] in module xlconcat_v2_1_7_xlconcat__parameterized0 is either unconnected or has no load
WARNING: [Synth 8-7129] Port In33[0] in module xlconcat_v2_1_7_xlconcat__parameterized0 is either unconnected or has no load
WARNING: [Synth 8-7129] Port In34[0] in module xlconcat_v2_1_7_xlconcat__parameterized0 is either unconnected or has no load
WARNING: [Synth 8-7129] Port In35[0] in module xlconcat_v2_1_7_xlconcat__parameterized0 is either unconnected or has no load
WARNING: [Synth 8-7129] Port In36[0] in module xlconcat_v2_1_7_xlconcat__parameterized0 is either unconnected or has no load
WARNING: [Synth 8-7129] Port In37[0] in module xlconcat_v2_1_7_xlconcat__parameterized0 is either unconnected or has no load
WARNING: [Synth 8-7129] Port In38[0] in module xlconcat_v2_1_7_xlconcat__parameterized0 is either unconnected or has no load
WARNING: [Synth 8-7129] Port In39[0] in module xlconcat_v2_1_7_xlconcat__parameterized0 is either unconnected or has no load
WARNING: [Synth 8-7129] Port In40[0] in module xlconcat_v2_1_7_xlconcat__parameterized0 is either unconnected or has no load
WARNING: [Synth 8-7129] Port In41[0] in module xlconcat_v2_1_7_xlconcat__parameterized0 is either unconnected or has no load
WARNING: [Synth 8-7129] Port In42[0] in module xlconcat_v2_1_7_xlconcat__parameterized0 is either unconnected or has no load
WARNING: [Synth 8-7129] Port In43[0] in module xlconcat_v2_1_7_xlconcat__parameterized0 is either unconnected or has no load
WARNING: [Synth 8-7129] Port In44[0] in module xlconcat_v2_1_7_xlconcat__parameterized0 is either unconnected or has no load
WARNING: [Synth 8-7129] Port In45[0] in module xlconcat_v2_1_7_xlconcat__parameterized0 is either unconnected or has no load
WARNING: [Synth 8-7129] Port In46[0] in module xlconcat_v2_1_7_xlconcat__parameterized0 is either unconnected or has no load
WARNING: [Synth 8-7129] Port In47[0] in module xlconcat_v2_1_7_xlconcat__parameterized0 is either unconnected or has no load
WARNING: [Synth 8-7129] Port In48[0] in module xlconcat_v2_1_7_xlconcat__parameterized0 is either unconnected or has no load
WARNING: [Synth 8-7129] Port In49[0] in module xlconcat_v2_1_7_xlconcat__parameterized0 is either unconnected or has no load
WARNING: [Synth 8-7129] Port In50[0] in module xlconcat_v2_1_7_xlconcat__parameterized0 is either unconnected or has no load
WARNING: [Synth 8-7129] Port In51[0] in module xlconcat_v2_1_7_xlconcat__parameterized0 is either unconnected or has no load
WARNING: [Synth 8-7129] Port In52[0] in module xlconcat_v2_1_7_xlconcat__parameterized0 is either unconnected or has no load
WARNING: [Synth 8-7129] Port In53[0] in module xlconcat_v2_1_7_xlconcat__parameterized0 is either unconnected or has no load
WARNING: [Synth 8-7129] Port In54[0] in module xlconcat_v2_1_7_xlconcat__parameterized0 is either unconnected or has no load
WARNING: [Synth 8-7129] Port In55[0] in module xlconcat_v2_1_7_xlconcat__parameterized0 is either unconnected or has no load
WARNING: [Synth 8-7129] Port In56[0] in module xlconcat_v2_1_7_xlconcat__parameterized0 is either unconnected or has no load
INFO: [Common 17-14] Message 'Synth 8-7129' appears 100 times and further instances of the messages will be disabled.
---------------------------------------------------------------------------------
Finished RTL Elaboration : Time (s): cpu = 00:00:08 ; elapsed = 00:00:09 . Memory (MB): peak = 3552.844 ; gain = 360.711 ; free physical = 156024 ; free virtual = 459239
---------------------------------------------------------------------------------
---------------------------------------------------------------------------------
Start Handling Custom Attributes
---------------------------------------------------------------------------------
---------------------------------------------------------------------------------
Finished Handling Custom Attributes : Time (s): cpu = 00:00:08 ; elapsed = 00:00:10 . Memory (MB): peak = 3564.719 ; gain = 372.586 ; free physical = 156014 ; free virtual = 459229
---------------------------------------------------------------------------------
---------------------------------------------------------------------------------
Finished RTL Optimization Phase 1 : Time (s): cpu = 00:00:08 ; elapsed = 00:00:10 . Memory (MB): peak = 3564.719 ; gain = 372.586 ; free physical = 156014 ; free virtual = 459229
---------------------------------------------------------------------------------
Netlist sorting complete. Time (s): cpu = 00:00:00.04 ; elapsed = 00:00:00.04 . Memory (MB): peak = 3564.719 ; gain = 0.000 ; free physical = 155994 ; free virtual = 459209
INFO: [Project 1-570] Preparing netlist for logic optimization

Processing XDC Constraints
Initializing timing engine
Parsing XDC File [/home/cs2401.03/mini1-gemm/build/hw/_x/link/vivado/vpl/prj/prj.gen/my_rm/bd/ulp/ip/ulp_ulp_ucs_0/bd_0/ip/ip_1/bd_22c0_axi_ic_ctrl_mgmt_top_imp_xbar_0/bd_22c0_axi_ic_ctrl_mgmt_top_imp_xbar_0_in_context.xdc] for cell 'inst/axi_ic_ctrl_mgmt_top/xbar'
Finished Parsing XDC File [/home/cs2401.03/mini1-gemm/build/hw/_x/link/vivado/vpl/prj/prj.gen/my_rm/bd/ulp/ip/ulp_ulp_ucs_0/bd_0/ip/ip_1/bd_22c0_axi_ic_ctrl_mgmt_top_imp_xbar_0/bd_22c0_axi_ic_ctrl_mgmt_top_imp_xbar_0_in_context.xdc] for cell 'inst/axi_ic_ctrl_mgmt_top/xbar'
Parsing XDC File [/home/cs2401.03/mini1-gemm/build/hw/_x/link/vivado/vpl/prj/prj.gen/my_rm/bd/ulp/ip/ulp_ulp_ucs_0/bd_0/ip/ip_2/bd_22c0_build_info_0/bd_22c0_build_info_0_in_context.xdc] for cell 'inst/build_info'
Finished Parsing XDC File [/home/cs2401.03/mini1-gemm/build/hw/_x/link/vivado/vpl/prj/prj.gen/my_rm/bd/ulp/ip/ulp_ulp_ucs_0/bd_0/ip/ip_2/bd_22c0_build_info_0/bd_22c0_build_info_0_in_context.xdc] for cell 'inst/build_info'
Parsing XDC File [/home/cs2401.03/mini1-gemm/build/hw/_x/link/vivado/vpl/prj/prj.gen/my_rm/bd/ulp/ip/ulp_ulp_ucs_0/bd_0/ip/ip_3/bd_22c0_gapping_demand_toggle_0/bd_22c0_gapping_demand_toggle_0_in_context.xdc] for cell 'inst/gapping_demand/gapping_demand_toggle_RnM'
Finished Parsing XDC File [/home/cs2401.03/mini1-gemm/build/hw/_x/link/vivado/vpl/prj/prj.gen/my_rm/bd/ulp/ip/ulp_ulp_ucs_0/bd_0/ip/ip_3/bd_22c0_gapping_demand_toggle_0/bd_22c0_gapping_demand_toggle_0_in_context.xdc] for cell 'inst/gapping_demand/gapping_demand_toggle_RnM'
Parsing XDC File [/home/cs2401.03/mini1-gemm/build/hw/_x/link/vivado/vpl/prj/prj.gen/my_rm/bd/ulp/ip/ulp_ulp_ucs_0/bd_0/ip/ip_4/bd_22c0_gapping_demand_update_0/bd_22c0_gapping_demand_update_0_in_context.xdc] for cell 'inst/gapping_demand/gapping_demand_update'
Finished Parsing XDC File [/home/cs2401.03/mini1-gemm/build/hw/_x/link/vivado/vpl/prj/prj.gen/my_rm/bd/ulp/ip/ulp_ulp_ucs_0/bd_0/ip/ip_4/bd_22c0_gapping_demand_update_0/bd_22c0_gapping_demand_update_0_in_context.xdc] for cell 'inst/gapping_demand/gapping_demand_update'
Parsing XDC File [/home/cs2401.03/mini1-gemm/build/hw/_x/link/vivado/vpl/prj/prj.gen/my_rm/bd/ulp/ip/ulp_ulp_ucs_0/bd_0/ip/ip_6/bd_22c0_gpio_gapping_demand_0/bd_22c0_gpio_gapping_demand_0_in_context.xdc] for cell 'inst/gapping_demand/gpio_gapping_demand'
Finished Parsing XDC File [/home/cs2401.03/mini1-gemm/build/hw/_x/link/vivado/vpl/prj/prj.gen/my_rm/bd/ulp/ip/ulp_ulp_ucs_0/bd_0/ip/ip_6/bd_22c0_gpio_gapping_demand_0/bd_22c0_gpio_gapping_demand_0_in_context.xdc] for cell 'inst/gapping_demand/gpio_gapping_demand'
Parsing XDC File [/home/cs2401.03/mini1-gemm/build/hw/_x/link/vivado/vpl/prj/prj.gen/my_rm/bd/ulp/ip/ulp_ulp_ucs_0/bd_0/ip/ip_11/bd_22c0_clock_throttling_avg_0/bd_22c0_clock_throttling_avg_0_in_context.xdc] for cell 'inst/gapping_demand/clock_throttling_avg'
Finished Parsing XDC File [/home/cs2401.03/mini1-gemm/build/hw/_x/link/vivado/vpl/prj/prj.gen/my_rm/bd/ulp/ip/ulp_ulp_ucs_0/bd_0/ip/ip_11/bd_22c0_clock_throttling_avg_0/bd_22c0_clock_throttling_avg_0_in_context.xdc] for cell 'inst/gapping_demand/clock_throttling_avg'
Parsing XDC File [/home/cs2401.03/mini1-gemm/build/hw/_x/link/vivado/vpl/prj/prj.gen/my_rm/bd/ulp/ip/ulp_ulp_ucs_0/bd_0/ip/ip_14/bd_22c0_gpio_ucs_control_status_0/bd_22c0_gpio_ucs_control_status_0_in_context.xdc] for cell 'inst/ucs_control_status/gpio_ucs_control_status'
Finished Parsing XDC File [/home/cs2401.03/mini1-gemm/build/hw/_x/link/vivado/vpl/prj/prj.gen/my_rm/bd/ulp/ip/ulp_ulp_ucs_0/bd_0/ip/ip_14/bd_22c0_gpio_ucs_control_status_0/bd_22c0_gpio_ucs_control_status_0_in_context.xdc] for cell 'inst/ucs_control_status/gpio_ucs_control_status'
Parsing XDC File [/home/cs2401.03/mini1-gemm/build/hw/_x/link/vivado/vpl/prj/prj.gen/my_rm/bd/ulp/ip/ulp_ulp_ucs_0/bd_0/ip/ip_17/bd_22c0_clock_shutdown_latch_0/bd_22c0_clock_shutdown_latch_0_in_context.xdc] for cell 'inst/ucs_control_status/clock_shutdown_latch'
Finished Parsing XDC File [/home/cs2401.03/mini1-gemm/build/hw/_x/link/vivado/vpl/prj/prj.gen/my_rm/bd/ulp/ip/ulp_ulp_ucs_0/bd_0/ip/ip_17/bd_22c0_clock_shutdown_latch_0/bd_22c0_clock_shutdown_latch_0_in_context.xdc] for cell 'inst/ucs_control_status/clock_shutdown_latch'
Parsing XDC File [/home/cs2401.03/mini1-gemm/build/hw/_x/link/vivado/vpl/prj/prj.gen/my_rm/bd/ulp/ip/ulp_ulp_ucs_0/bd_0/ip/ip_19/bd_22c0_fanout_aresetn_pcie_slr0_1_0/bd_22c0_fanout_aresetn_pcie_slr0_3_0_in_context.xdc] for cell 'inst/fanout_aresetn_pcie/fanout_aresetn_pcie_slr0_1'
Finished Parsing XDC File [/home/cs2401.03/mini1-gemm/build/hw/_x/link/vivado/vpl/prj/prj.gen/my_rm/bd/ulp/ip/ulp_ulp_ucs_0/bd_0/ip/ip_19/bd_22c0_fanout_aresetn_pcie_slr0_1_0/bd_22c0_fanout_aresetn_pcie_slr0_3_0_in_context.xdc] for cell 'inst/fanout_aresetn_pcie/fanout_aresetn_pcie_slr0_1'
Parsing XDC File [/home/cs2401.03/mini1-gemm/build/hw/_x/link/vivado/vpl/prj/prj.gen/my_rm/bd/ulp/ip/ulp_ulp_ucs_0/bd_0/ip/ip_20/bd_22c0_fanout_aresetn_pcie_slr0_2_0/bd_22c0_fanout_aresetn_pcie_slr0_3_0_in_context.xdc] for cell 'inst/fanout_aresetn_pcie/fanout_aresetn_pcie_slr0_2'
Finished Parsing XDC File [/home/cs2401.03/mini1-gemm/build/hw/_x/link/vivado/vpl/prj/prj.gen/my_rm/bd/ulp/ip/ulp_ulp_ucs_0/bd_0/ip/ip_20/bd_22c0_fanout_aresetn_pcie_slr0_2_0/bd_22c0_fanout_aresetn_pcie_slr0_3_0_in_context.xdc] for cell 'inst/fanout_aresetn_pcie/fanout_aresetn_pcie_slr0_2'
Parsing XDC File [/home/cs2401.03/mini1-gemm/build/hw/_x/link/vivado/vpl/prj/prj.gen/my_rm/bd/ulp/ip/ulp_ulp_ucs_0/bd_0/ip/ip_21/bd_22c0_fanout_aresetn_pcie_slr0_3_0/bd_22c0_fanout_aresetn_pcie_slr0_3_0_in_context.xdc] for cell 'inst/fanout_aresetn_pcie/fanout_aresetn_pcie_slr0_3'
Finished Parsing XDC File [/home/cs2401.03/mini1-gemm/build/hw/_x/link/vivado/vpl/prj/prj.gen/my_rm/bd/ulp/ip/ulp_ulp_ucs_0/bd_0/ip/ip_21/bd_22c0_fanout_aresetn_pcie_slr0_3_0/bd_22c0_fanout_aresetn_pcie_slr0_3_0_in_context.xdc] for cell 'inst/fanout_aresetn_pcie/fanout_aresetn_pcie_slr0_3'
Parsing XDC File [/home/cs2401.03/mini1-gemm/build/hw/_x/link/vivado/vpl/prj/prj.gen/my_rm/bd/ulp/ip/ulp_ulp_ucs_0/bd_0/ip/ip_22/bd_22c0_fanout_aresetn_pcie_slr0_4_0/bd_22c0_fanout_aresetn_pcie_slr0_3_0_in_context.xdc] for cell 'inst/fanout_aresetn_pcie/fanout_aresetn_pcie_slr0_4'
Finished Parsing XDC File [/home/cs2401.03/mini1-gemm/build/hw/_x/link/vivado/vpl/prj/prj.gen/my_rm/bd/ulp/ip/ulp_ulp_ucs_0/bd_0/ip/ip_22/bd_22c0_fanout_aresetn_pcie_slr0_4_0/bd_22c0_fanout_aresetn_pcie_slr0_3_0_in_context.xdc] for cell 'inst/fanout_aresetn_pcie/fanout_aresetn_pcie_slr0_4'
Parsing XDC File [/home/cs2401.03/mini1-gemm/build/hw/_x/link/vivado/vpl/prj/prj.gen/my_rm/bd/ulp/ip/ulp_ulp_ucs_0/bd_0/ip/ip_23/bd_22c0_fanout_aresetn_pcie_slr1_1_0/bd_22c0_fanout_aresetn_pcie_slr0_3_0_in_context.xdc] for cell 'inst/fanout_aresetn_pcie/fanout_aresetn_pcie_slr1_1'
Finished Parsing XDC File [/home/cs2401.03/mini1-gemm/build/hw/_x/link/vivado/vpl/prj/prj.gen/my_rm/bd/ulp/ip/ulp_ulp_ucs_0/bd_0/ip/ip_23/bd_22c0_fanout_aresetn_pcie_slr1_1_0/bd_22c0_fanout_aresetn_pcie_slr0_3_0_in_context.xdc] for cell 'inst/fanout_aresetn_pcie/fanout_aresetn_pcie_slr1_1'
Parsing XDC File [/home/cs2401.03/mini1-gemm/build/hw/_x/link/vivado/vpl/prj/prj.gen/my_rm/bd/ulp/ip/ulp_ulp_ucs_0/bd_0/ip/ip_24/bd_22c0_fanout_aresetn_pcie_slr1_2_0/bd_22c0_fanout_aresetn_pcie_slr0_3_0_in_context.xdc] for cell 'inst/fanout_aresetn_pcie/fanout_aresetn_pcie_slr1_2'
Finished Parsing XDC File [/home/cs2401.03/mini1-gemm/build/hw/_x/link/vivado/vpl/prj/prj.gen/my_rm/bd/ulp/ip/ulp_ulp_ucs_0/bd_0/ip/ip_24/bd_22c0_fanout_aresetn_pcie_slr1_2_0/bd_22c0_fanout_aresetn_pcie_slr0_3_0_in_context.xdc] for cell 'inst/fanout_aresetn_pcie/fanout_aresetn_pcie_slr1_2'
Parsing XDC File [/home/cs2401.03/mini1-gemm/build/hw/_x/link/vivado/vpl/prj/prj.gen/my_rm/bd/ulp/ip/ulp_ulp_ucs_0/bd_0/ip/ip_25/bd_22c0_fanout_aresetn_pcie_slr1_3_0/bd_22c0_fanout_aresetn_pcie_slr0_3_0_in_context.xdc] for cell 'inst/fanout_aresetn_pcie/fanout_aresetn_pcie_slr1_3'
Finished Parsing XDC File [/home/cs2401.03/mini1-gemm/build/hw/_x/link/vivado/vpl/prj/prj.gen/my_rm/bd/ulp/ip/ulp_ulp_ucs_0/bd_0/ip/ip_25/bd_22c0_fanout_aresetn_pcie_slr1_3_0/bd_22c0_fanout_aresetn_pcie_slr0_3_0_in_context.xdc] for cell 'inst/fanout_aresetn_pcie/fanout_aresetn_pcie_slr1_3'
Parsing XDC File [/home/cs2401.03/mini1-gemm/build/hw/_x/link/vivado/vpl/prj/prj.gen/my_rm/bd/ulp/ip/ulp_ulp_ucs_0/bd_0/ip/ip_26/bd_22c0_fanout_aresetn_pcie_slr1_4_0/bd_22c0_fanout_aresetn_pcie_slr0_3_0_in_context.xdc] for cell 'inst/fanout_aresetn_pcie/fanout_aresetn_pcie_slr1_4'
Finished Parsing XDC File [/home/cs2401.03/mini1-gemm/build/hw/_x/link/vivado/vpl/prj/prj.gen/my_rm/bd/ulp/ip/ulp_ulp_ucs_0/bd_0/ip/ip_26/bd_22c0_fanout_aresetn_pcie_slr1_4_0/bd_22c0_fanout_aresetn_pcie_slr0_3_0_in_context.xdc] for cell 'inst/fanout_aresetn_pcie/fanout_aresetn_pcie_slr1_4'
Parsing XDC File [/home/cs2401.03/mini1-gemm/build/hw/_x/link/vivado/vpl/prj/prj.gen/my_rm/bd/ulp/ip/ulp_ulp_ucs_0/bd_0/ip/ip_28/bd_22c0_fanout_aresetn_ctrl_slr0_1_0/bd_22c0_fanout_aresetn_ctrl_slr0_4_0_in_context.xdc] for cell 'inst/fanout_aresetn_ctrl/fanout_aresetn_ctrl_slr0_1'
Finished Parsing XDC File [/home/cs2401.03/mini1-gemm/build/hw/_x/link/vivado/vpl/prj/prj.gen/my_rm/bd/ulp/ip/ulp_ulp_ucs_0/bd_0/ip/ip_28/bd_22c0_fanout_aresetn_ctrl_slr0_1_0/bd_22c0_fanout_aresetn_ctrl_slr0_4_0_in_context.xdc] for cell 'inst/fanout_aresetn_ctrl/fanout_aresetn_ctrl_slr0_1'
Parsing XDC File [/home/cs2401.03/mini1-gemm/build/hw/_x/link/vivado/vpl/prj/prj.gen/my_rm/bd/ulp/ip/ulp_ulp_ucs_0/bd_0/ip/ip_29/bd_22c0_fanout_aresetn_ctrl_slr0_2_0/bd_22c0_fanout_aresetn_ctrl_slr0_4_0_in_context.xdc] for cell 'inst/fanout_aresetn_ctrl/fanout_aresetn_ctrl_slr0_2'
Finished Parsing XDC File [/home/cs2401.03/mini1-gemm/build/hw/_x/link/vivado/vpl/prj/prj.gen/my_rm/bd/ulp/ip/ulp_ulp_ucs_0/bd_0/ip/ip_29/bd_22c0_fanout_aresetn_ctrl_slr0_2_0/bd_22c0_fanout_aresetn_ctrl_slr0_4_0_in_context.xdc] for cell 'inst/fanout_aresetn_ctrl/fanout_aresetn_ctrl_slr0_2'
Parsing XDC File [/home/cs2401.03/mini1-gemm/build/hw/_x/link/vivado/vpl/prj/prj.gen/my_rm/bd/ulp/ip/ulp_ulp_ucs_0/bd_0/ip/ip_30/bd_22c0_fanout_aresetn_ctrl_slr0_3_0/bd_22c0_fanout_aresetn_ctrl_slr0_4_0_in_context.xdc] for cell 'inst/fanout_aresetn_ctrl/fanout_aresetn_ctrl_slr0_3'
Finished Parsing XDC File [/home/cs2401.03/mini1-gemm/build/hw/_x/link/vivado/vpl/prj/prj.gen/my_rm/bd/ulp/ip/ulp_ulp_ucs_0/bd_0/ip/ip_30/bd_22c0_fanout_aresetn_ctrl_slr0_3_0/bd_22c0_fanout_aresetn_ctrl_slr0_4_0_in_context.xdc] for cell 'inst/fanout_aresetn_ctrl/fanout_aresetn_ctrl_slr0_3'
Parsing XDC File [/home/cs2401.03/mini1-gemm/build/hw/_x/link/vivado/vpl/prj/prj.gen/my_rm/bd/ulp/ip/ulp_ulp_ucs_0/bd_0/ip/ip_31/bd_22c0_fanout_aresetn_ctrl_slr0_4_0/bd_22c0_fanout_aresetn_ctrl_slr0_4_0_in_context.xdc] for cell 'inst/fanout_aresetn_ctrl/fanout_aresetn_ctrl_slr0_4'
Finished Parsing XDC File [/home/cs2401.03/mini1-gemm/build/hw/_x/link/vivado/vpl/prj/prj.gen/my_rm/bd/ulp/ip/ulp_ulp_ucs_0/bd_0/ip/ip_31/bd_22c0_fanout_aresetn_ctrl_slr0_4_0/bd_22c0_fanout_aresetn_ctrl_slr0_4_0_in_context.xdc] for cell 'inst/fanout_aresetn_ctrl/fanout_aresetn_ctrl_slr0_4'
Parsing XDC File [/home/cs2401.03/mini1-gemm/build/hw/_x/link/vivado/vpl/prj/prj.gen/my_rm/bd/ulp/ip/ulp_ulp_ucs_0/bd_0/ip/ip_32/bd_22c0_fanout_aresetn_ctrl_slr1_1_0/bd_22c0_fanout_aresetn_ctrl_slr0_4_0_in_context.xdc] for cell 'inst/fanout_aresetn_ctrl/fanout_aresetn_ctrl_slr1_1'
Finished Parsing XDC File [/home/cs2401.03/mini1-gemm/build/hw/_x/link/vivado/vpl/prj/prj.gen/my_rm/bd/ulp/ip/ulp_ulp_ucs_0/bd_0/ip/ip_32/bd_22c0_fanout_aresetn_ctrl_slr1_1_0/bd_22c0_fanout_aresetn_ctrl_slr0_4_0_in_context.xdc] for cell 'inst/fanout_aresetn_ctrl/fanout_aresetn_ctrl_slr1_1'
Parsing XDC File [/home/cs2401.03/mini1-gemm/build/hw/_x/link/vivado/vpl/prj/prj.gen/my_rm/bd/ulp/ip/ulp_ulp_ucs_0/bd_0/ip/ip_33/bd_22c0_fanout_aresetn_ctrl_slr1_2_0/bd_22c0_fanout_aresetn_ctrl_slr0_4_0_in_context.xdc] for cell 'inst/fanout_aresetn_ctrl/fanout_aresetn_ctrl_slr1_2'
Finished Parsing XDC File [/home/cs2401.03/mini1-gemm/build/hw/_x/link/vivado/vpl/prj/prj.gen/my_rm/bd/ulp/ip/ulp_ulp_ucs_0/bd_0/ip/ip_33/bd_22c0_fanout_aresetn_ctrl_slr1_2_0/bd_22c0_fanout_aresetn_ctrl_slr0_4_0_in_context.xdc] for cell 'inst/fanout_aresetn_ctrl/fanout_aresetn_ctrl_slr1_2'
Parsing XDC File [/home/cs2401.03/mini1-gemm/build/hw/_x/link/vivado/vpl/prj/prj.gen/my_rm/bd/ulp/ip/ulp_ulp_ucs_0/bd_0/ip/ip_34/bd_22c0_fanout_aresetn_ctrl_slr1_3_0/bd_22c0_fanout_aresetn_ctrl_slr0_4_0_in_context.xdc] for cell 'inst/fanout_aresetn_ctrl/fanout_aresetn_ctrl_slr1_3'
Finished Parsing XDC File [/home/cs2401.03/mini1-gemm/build/hw/_x/link/vivado/vpl/prj/prj.gen/my_rm/bd/ulp/ip/ulp_ulp_ucs_0/bd_0/ip/ip_34/bd_22c0_fanout_aresetn_ctrl_slr1_3_0/bd_22c0_fanout_aresetn_ctrl_slr0_4_0_in_context.xdc] for cell 'inst/fanout_aresetn_ctrl/fanout_aresetn_ctrl_slr1_3'
Parsing XDC File [/home/cs2401.03/mini1-gemm/build/hw/_x/link/vivado/vpl/prj/prj.gen/my_rm/bd/ulp/ip/ulp_ulp_ucs_0/bd_0/ip/ip_35/bd_22c0_fanout_aresetn_ctrl_slr1_4_0/bd_22c0_fanout_aresetn_ctrl_slr0_4_0_in_context.xdc] for cell 'inst/fanout_aresetn_ctrl/fanout_aresetn_ctrl_slr1_4'
Finished Parsing XDC File [/home/cs2401.03/mini1-gemm/build/hw/_x/link/vivado/vpl/prj/prj.gen/my_rm/bd/ulp/ip/ulp_ulp_ucs_0/bd_0/ip/ip_35/bd_22c0_fanout_aresetn_ctrl_slr1_4_0/bd_22c0_fanout_aresetn_ctrl_slr0_4_0_in_context.xdc] for cell 'inst/fanout_aresetn_ctrl/fanout_aresetn_ctrl_slr1_4'
Parsing XDC File [/home/cs2401.03/mini1-gemm/build/hw/_x/link/vivado/vpl/prj/prj.gen/my_rm/bd/ulp/ip/ulp_ulp_ucs_0/bd_0/ip/ip_37/bd_22c0_clk_hbm_adapt_0/bd_22c0_clk_hbm_adapt_0_in_context.xdc] for cell 'inst/aclk_hbm_hierarchy/clk_hbm_adapt'
Finished Parsing XDC File [/home/cs2401.03/mini1-gemm/build/hw/_x/link/vivado/vpl/prj/prj.gen/my_rm/bd/ulp/ip/ulp_ulp_ucs_0/bd_0/ip/ip_37/bd_22c0_clk_hbm_adapt_0/bd_22c0_clk_hbm_adapt_0_in_context.xdc] for cell 'inst/aclk_hbm_hierarchy/clk_hbm_adapt'
Parsing XDC File [/home/cs2401.03/mini1-gemm/build/hw/_x/link/vivado/vpl/prj/prj.gen/my_rm/bd/ulp/ip/ulp_ulp_ucs_0/bd_0/ip/ip_38/bd_22c0_clkwiz_hbm_0/bd_22c0_clkwiz_hbm_0_in_context.xdc] for cell 'inst/aclk_hbm_hierarchy/clkwiz_hbm'
create_generated_clock: Time (s): cpu = 00:00:09 ; elapsed = 00:00:09 . Memory (MB): peak = 3585.648 ; gain = 3.117 ; free physical = 154051 ; free virtual = 457267
Finished Parsing XDC File [/home/cs2401.03/mini1-gemm/build/hw/_x/link/vivado/vpl/prj/prj.gen/my_rm/bd/ulp/ip/ulp_ulp_ucs_0/bd_0/ip/ip_38/bd_22c0_clkwiz_hbm_0/bd_22c0_clkwiz_hbm_0_in_context.xdc] for cell 'inst/aclk_hbm_hierarchy/clkwiz_hbm'
Parsing XDC File [/home/cs2401.03/mini1-gemm/build/hw/_x/link/vivado/vpl/prj/prj.gen/my_rm/bd/ulp/ip/ulp_ulp_ucs_0/bd_0/ip/ip_39/bd_22c0_fanout_aresetn_hbm_0/bd_22c0_fanout_aresetn_hbm_0_in_context.xdc] for cell 'inst/aclk_hbm_hierarchy/fanout_aresetn_hbm'
Finished Parsing XDC File [/home/cs2401.03/mini1-gemm/build/hw/_x/link/vivado/vpl/prj/prj.gen/my_rm/bd/ulp/ip/ulp_ulp_ucs_0/bd_0/ip/ip_39/bd_22c0_fanout_aresetn_hbm_0/bd_22c0_fanout_aresetn_hbm_0_in_context.xdc] for cell 'inst/aclk_hbm_hierarchy/fanout_aresetn_hbm'
Parsing XDC File [/home/cs2401.03/mini1-gemm/build/hw/_x/link/vivado/vpl/prj/prj.gen/my_rm/bd/ulp/ip/ulp_ulp_ucs_0/bd_0/ip/ip_40/bd_22c0_psreset_hbm_0/bd_22c0_psreset_hbm_0_in_context.xdc] for cell 'inst/aclk_hbm_hierarchy/psreset_hbm'
Finished Parsing XDC File [/home/cs2401.03/mini1-gemm/build/hw/_x/link/vivado/vpl/prj/prj.gen/my_rm/bd/ulp/ip/ulp_ulp_ucs_0/bd_0/ip/ip_40/bd_22c0_psreset_hbm_0/bd_22c0_psreset_hbm_0_in_context.xdc] for cell 'inst/aclk_hbm_hierarchy/psreset_hbm'
Parsing XDC File [/home/cs2401.03/mini1-gemm/build/hw/_x/link/vivado/vpl/prj/prj.gen/my_rm/bd/ulp/ip/ulp_ulp_ucs_0/bd_0/ip/ip_43/bd_22c0_axi_ic_ctrl_mgmt_freq_imp_xbar_0/bd_22c0_axi_ic_ctrl_mgmt_freq_imp_xbar_0_in_context.xdc] for cell 'inst/frequency_counters/axi_ic_ctrl_mgmt_freq/xbar'
Finished Parsing XDC File [/home/cs2401.03/mini1-gemm/build/hw/_x/link/vivado/vpl/prj/prj.gen/my_rm/bd/ulp/ip/ulp_ulp_ucs_0/bd_0/ip/ip_43/bd_22c0_axi_ic_ctrl_mgmt_freq_imp_xbar_0/bd_22c0_axi_ic_ctrl_mgmt_freq_imp_xbar_0_in_context.xdc] for cell 'inst/frequency_counters/axi_ic_ctrl_mgmt_freq/xbar'
Parsing XDC File [/home/cs2401.03/mini1-gemm/build/hw/_x/link/vivado/vpl/prj/prj.gen/my_rm/bd/ulp/ip/ulp_ulp_ucs_0/bd_0/ip/ip_77/bd_22c0_axi_ic_ctrl_mgmt_freq_imp_auto_cc_0/bd_22c0_axi_ic_ctrl_mgmt_freq_imp_auto_cc_0_in_context.xdc] for cell 'inst/frequency_counters/axi_ic_ctrl_mgmt_freq/s00_couplers/auto_cc'
Finished Parsing XDC File [/home/cs2401.03/mini1-gemm/build/hw/_x/link/vivado/vpl/prj/prj.gen/my_rm/bd/ulp/ip/ulp_ulp_ucs_0/bd_0/ip/ip_77/bd_22c0_axi_ic_ctrl_mgmt_freq_imp_auto_cc_0/bd_22c0_axi_ic_ctrl_mgmt_freq_imp_auto_cc_0_in_context.xdc] for cell 'inst/frequency_counters/axi_ic_ctrl_mgmt_freq/s00_couplers/auto_cc'
Parsing XDC File [/home/cs2401.03/mini1-gemm/build/hw/_x/link/vivado/vpl/prj/prj.gen/my_rm/bd/ulp/ip/ulp_ulp_ucs_0/bd_0/ip/ip_44/bd_22c0_frequency_counter_aclk_0/bd_22c0_frequency_counter_aclk_0_in_context.xdc] for cell 'inst/frequency_counters/frequency_counter_aclk'
Finished Parsing XDC File [/home/cs2401.03/mini1-gemm/build/hw/_x/link/vivado/vpl/prj/prj.gen/my_rm/bd/ulp/ip/ulp_ulp_ucs_0/bd_0/ip/ip_44/bd_22c0_frequency_counter_aclk_0/bd_22c0_frequency_counter_aclk_0_in_context.xdc] for cell 'inst/frequency_counters/frequency_counter_aclk'
Parsing XDC File [/home/cs2401.03/mini1-gemm/build/hw/_x/link/vivado/vpl/prj/prj.gen/my_rm/bd/ulp/ip/ulp_ulp_ucs_0/bd_0/ip/ip_45/bd_22c0_frequency_counter_aclk_hbm_0/bd_22c0_frequency_counter_aclk_hbm_0_in_context.xdc] for cell 'inst/frequency_counters/frequency_counter_aclk_hbm'
Finished Parsing XDC File [/home/cs2401.03/mini1-gemm/build/hw/_x/link/vivado/vpl/prj/prj.gen/my_rm/bd/ulp/ip/ulp_ulp_ucs_0/bd_0/ip/ip_45/bd_22c0_frequency_counter_aclk_hbm_0/bd_22c0_frequency_counter_aclk_hbm_0_in_context.xdc] for cell 'inst/frequency_counters/frequency_counter_aclk_hbm'
Parsing XDC File [/home/cs2401.03/mini1-gemm/build/hw/_x/link/vivado/vpl/prj/prj.gen/my_rm/bd/ulp/ip/ulp_ulp_ucs_0/bd_0/ip/ip_46/bd_22c0_frequency_counter_aclk_kernel_00_0/bd_22c0_frequency_counter_aclk_kernel_01_0_in_context.xdc] for cell 'inst/frequency_counters/frequency_counter_aclk_kernel_00'
Finished Parsing XDC File [/home/cs2401.03/mini1-gemm/build/hw/_x/link/vivado/vpl/prj/prj.gen/my_rm/bd/ulp/ip/ulp_ulp_ucs_0/bd_0/ip/ip_46/bd_22c0_frequency_counter_aclk_kernel_00_0/bd_22c0_frequency_counter_aclk_kernel_01_0_in_context.xdc] for cell 'inst/frequency_counters/frequency_counter_aclk_kernel_00'
Parsing XDC File [/home/cs2401.03/mini1-gemm/build/hw/_x/link/vivado/vpl/prj/prj.gen/my_rm/bd/ulp/ip/ulp_ulp_ucs_0/bd_0/ip/ip_47/bd_22c0_frequency_counter_aclk_kernel_01_0/bd_22c0_frequency_counter_aclk_kernel_01_0_in_context.xdc] for cell 'inst/frequency_counters/frequency_counter_aclk_kernel_01'
Finished Parsing XDC File [/home/cs2401.03/mini1-gemm/build/hw/_x/link/vivado/vpl/prj/prj.gen/my_rm/bd/ulp/ip/ulp_ulp_ucs_0/bd_0/ip/ip_47/bd_22c0_frequency_counter_aclk_kernel_01_0/bd_22c0_frequency_counter_aclk_kernel_01_0_in_context.xdc] for cell 'inst/frequency_counters/frequency_counter_aclk_kernel_01'
Parsing XDC File [/home/cs2401.03/mini1-gemm/build/hw/_x/link/vivado/vpl/prj/prj.gen/my_rm/bd/ulp/ip/ulp_ulp_ucs_0/bd_0/ip/ip_48/bd_22c0_psreset_aclk_freerun_0/bd_22c0_psreset_aclk_freerun_0_in_context.xdc] for cell 'inst/frequency_counters/psreset_aclk_freerun'
Finished Parsing XDC File [/home/cs2401.03/mini1-gemm/build/hw/_x/link/vivado/vpl/prj/prj.gen/my_rm/bd/ulp/ip/ulp_ulp_ucs_0/bd_0/ip/ip_48/bd_22c0_psreset_aclk_freerun_0/bd_22c0_psreset_aclk_freerun_0_in_context.xdc] for cell 'inst/frequency_counters/psreset_aclk_freerun'
Parsing XDC File [/home/cs2401.03/mini1-gemm/build/hw/_x/link/vivado/vpl/prj/prj.gen/my_rm/bd/ulp/ip/ulp_ulp_ucs_0/bd_0/ip/ip_49/bd_22c0_aclk_kernel_00_adapt_0/bd_22c0_aclk_kernel_00_cont_adapt_0_in_context.xdc] for cell 'inst/aclk_kernel_00_hierarchy/aclk_kernel_00_adapt'
Finished Parsing XDC File [/home/cs2401.03/mini1-gemm/build/hw/_x/link/vivado/vpl/prj/prj.gen/my_rm/bd/ulp/ip/ulp_ulp_ucs_0/bd_0/ip/ip_49/bd_22c0_aclk_kernel_00_adapt_0/bd_22c0_aclk_kernel_00_cont_adapt_0_in_context.xdc] for cell 'inst/aclk_kernel_00_hierarchy/aclk_kernel_00_adapt'
Parsing XDC File [/home/cs2401.03/mini1-gemm/build/hw/_x/link/vivado/vpl/prj/prj.gen/my_rm/bd/ulp/ip/ulp_ulp_ucs_0/bd_0/ip/ip_50/bd_22c0_aclk_kernel_00_cont_adapt_0/bd_22c0_aclk_kernel_00_cont_adapt_0_in_context.xdc] for cell 'inst/aclk_kernel_00_hierarchy/aclk_kernel_00_cont_adapt'
Finished Parsing XDC File [/home/cs2401.03/mini1-gemm/build/hw/_x/link/vivado/vpl/prj/prj.gen/my_rm/bd/ulp/ip/ulp_ulp_ucs_0/bd_0/ip/ip_50/bd_22c0_aclk_kernel_00_cont_adapt_0/bd_22c0_aclk_kernel_00_cont_adapt_0_in_context.xdc] for cell 'inst/aclk_kernel_00_hierarchy/aclk_kernel_00_cont_adapt'
Parsing XDC File [/home/cs2401.03/mini1-gemm/build/hw/_x/link/vivado/vpl/prj/prj.gen/my_rm/bd/ulp/ip/ulp_ulp_ucs_0/bd_0/ip/ip_51/bd_22c0_clkwiz_aclk_kernel_00_0/bd_22c0_clkwiz_aclk_kernel_00_0_in_context.xdc] for cell 'inst/aclk_kernel_00_hierarchy/clkwiz_aclk_kernel_00'
Finished Parsing XDC File [/home/cs2401.03/mini1-gemm/build/hw/_x/link/vivado/vpl/prj/prj.gen/my_rm/bd/ulp/ip/ulp_ulp_ucs_0/bd_0/ip/ip_51/bd_22c0_clkwiz_aclk_kernel_00_0/bd_22c0_clkwiz_aclk_kernel_00_0_in_context.xdc] for cell 'inst/aclk_kernel_00_hierarchy/clkwiz_aclk_kernel_00'
Parsing XDC File [/home/cs2401.03/mini1-gemm/build/hw/_x/link/vivado/vpl/prj/prj.gen/my_rm/bd/ulp/ip/ulp_ulp_ucs_0/bd_0/ip/ip_52/bd_22c0_clock_throttling_aclk_kernel_00_0/bd_22c0_clock_throttling_aclk_kernel_00_0_in_context.xdc] for cell 'inst/aclk_kernel_00_hierarchy/clock_throttling_aclk_kernel_00'
Finished Parsing XDC File [/home/cs2401.03/mini1-gemm/build/hw/_x/link/vivado/vpl/prj/prj.gen/my_rm/bd/ulp/ip/ulp_ulp_ucs_0/bd_0/ip/ip_52/bd_22c0_clock_throttling_aclk_kernel_00_0/bd_22c0_clock_throttling_aclk_kernel_00_0_in_context.xdc] for cell 'inst/aclk_kernel_00_hierarchy/clock_throttling_aclk_kernel_00'
Parsing XDC File [/home/cs2401.03/mini1-gemm/build/hw/_x/link/vivado/vpl/prj/prj.gen/my_rm/bd/ulp/ip/ulp_ulp_ucs_0/bd_0/ip/ip_53/bd_22c0_fanout_aresetn_kernel_00_slr0_1_0/bd_22c0_fanout_aresetn_kernel_00_slr1_2_0_in_context.xdc] for cell 'inst/aclk_kernel_00_hierarchy/fanout_aresetn_kernel_00/fanout_aresetn_kernel_00_slr0_1'
Finished Parsing XDC File [/home/cs2401.03/mini1-gemm/build/hw/_x/link/vivado/vpl/prj/prj.gen/my_rm/bd/ulp/ip/ulp_ulp_ucs_0/bd_0/ip/ip_53/bd_22c0_fanout_aresetn_kernel_00_slr0_1_0/bd_22c0_fanout_aresetn_kernel_00_slr1_2_0_in_context.xdc] for cell 'inst/aclk_kernel_00_hierarchy/fanout_aresetn_kernel_00/fanout_aresetn_kernel_00_slr0_1'
Parsing XDC File [/home/cs2401.03/mini1-gemm/build/hw/_x/link/vivado/vpl/prj/prj.gen/my_rm/bd/ulp/ip/ulp_ulp_ucs_0/bd_0/ip/ip_54/bd_22c0_fanout_aresetn_kernel_00_slr0_2_0/bd_22c0_fanout_aresetn_kernel_00_slr1_2_0_in_context.xdc] for cell 'inst/aclk_kernel_00_hierarchy/fanout_aresetn_kernel_00/fanout_aresetn_kernel_00_slr0_2'
Finished Parsing XDC File [/home/cs2401.03/mini1-gemm/build/hw/_x/link/vivado/vpl/prj/prj.gen/my_rm/bd/ulp/ip/ulp_ulp_ucs_0/bd_0/ip/ip_54/bd_22c0_fanout_aresetn_kernel_00_slr0_2_0/bd_22c0_fanout_aresetn_kernel_00_slr1_2_0_in_context.xdc] for cell 'inst/aclk_kernel_00_hierarchy/fanout_aresetn_kernel_00/fanout_aresetn_kernel_00_slr0_2'
Parsing XDC File [/home/cs2401.03/mini1-gemm/build/hw/_x/link/vivado/vpl/prj/prj.gen/my_rm/bd/ulp/ip/ulp_ulp_ucs_0/bd_0/ip/ip_55/bd_22c0_fanout_aresetn_kernel_00_slr0_3_0/bd_22c0_fanout_aresetn_kernel_00_slr1_2_0_in_context.xdc] for cell 'inst/aclk_kernel_00_hierarchy/fanout_aresetn_kernel_00/fanout_aresetn_kernel_00_slr0_3'
Finished Parsing XDC File [/home/cs2401.03/mini1-gemm/build/hw/_x/link/vivado/vpl/prj/prj.gen/my_rm/bd/ulp/ip/ulp_ulp_ucs_0/bd_0/ip/ip_55/bd_22c0_fanout_aresetn_kernel_00_slr0_3_0/bd_22c0_fanout_aresetn_kernel_00_slr1_2_0_in_context.xdc] for cell 'inst/aclk_kernel_00_hierarchy/fanout_aresetn_kernel_00/fanout_aresetn_kernel_00_slr0_3'
Parsing XDC File [/home/cs2401.03/mini1-gemm/build/hw/_x/link/vivado/vpl/prj/prj.gen/my_rm/bd/ulp/ip/ulp_ulp_ucs_0/bd_0/ip/ip_56/bd_22c0_fanout_aresetn_kernel_00_slr0_4_0/bd_22c0_fanout_aresetn_kernel_00_slr1_2_0_in_context.xdc] for cell 'inst/aclk_kernel_00_hierarchy/fanout_aresetn_kernel_00/fanout_aresetn_kernel_00_slr0_4'
Finished Parsing XDC File [/home/cs2401.03/mini1-gemm/build/hw/_x/link/vivado/vpl/prj/prj.gen/my_rm/bd/ulp/ip/ulp_ulp_ucs_0/bd_0/ip/ip_56/bd_22c0_fanout_aresetn_kernel_00_slr0_4_0/bd_22c0_fanout_aresetn_kernel_00_slr1_2_0_in_context.xdc] for cell 'inst/aclk_kernel_00_hierarchy/fanout_aresetn_kernel_00/fanout_aresetn_kernel_00_slr0_4'
Parsing XDC File [/home/cs2401.03/mini1-gemm/build/hw/_x/link/vivado/vpl/prj/prj.gen/my_rm/bd/ulp/ip/ulp_ulp_ucs_0/bd_0/ip/ip_57/bd_22c0_fanout_aresetn_kernel_00_slr1_1_0/bd_22c0_fanout_aresetn_kernel_00_slr1_2_0_in_context.xdc] for cell 'inst/aclk_kernel_00_hierarchy/fanout_aresetn_kernel_00/fanout_aresetn_kernel_00_slr1_1'
Finished Parsing XDC File [/home/cs2401.03/mini1-gemm/build/hw/_x/link/vivado/vpl/prj/prj.gen/my_rm/bd/ulp/ip/ulp_ulp_ucs_0/bd_0/ip/ip_57/bd_22c0_fanout_aresetn_kernel_00_slr1_1_0/bd_22c0_fanout_aresetn_kernel_00_slr1_2_0_in_context.xdc] for cell 'inst/aclk_kernel_00_hierarchy/fanout_aresetn_kernel_00/fanout_aresetn_kernel_00_slr1_1'
Parsing XDC File [/home/cs2401.03/mini1-gemm/build/hw/_x/link/vivado/vpl/prj/prj.gen/my_rm/bd/ulp/ip/ulp_ulp_ucs_0/bd_0/ip/ip_58/bd_22c0_fanout_aresetn_kernel_00_slr1_2_0/bd_22c0_fanout_aresetn_kernel_00_slr1_2_0_in_context.xdc] for cell 'inst/aclk_kernel_00_hierarchy/fanout_aresetn_kernel_00/fanout_aresetn_kernel_00_slr1_2'
Finished Parsing XDC File [/home/cs2401.03/mini1-gemm/build/hw/_x/link/vivado/vpl/prj/prj.gen/my_rm/bd/ulp/ip/ulp_ulp_ucs_0/bd_0/ip/ip_58/bd_22c0_fanout_aresetn_kernel_00_slr1_2_0/bd_22c0_fanout_aresetn_kernel_00_slr1_2_0_in_context.xdc] for cell 'inst/aclk_kernel_00_hierarchy/fanout_aresetn_kernel_00/fanout_aresetn_kernel_00_slr1_2'
Parsing XDC File [/home/cs2401.03/mini1-gemm/build/hw/_x/link/vivado/vpl/prj/prj.gen/my_rm/bd/ulp/ip/ulp_ulp_ucs_0/bd_0/ip/ip_59/bd_22c0_fanout_aresetn_kernel_00_slr1_3_0/bd_22c0_fanout_aresetn_kernel_00_slr1_2_0_in_context.xdc] for cell 'inst/aclk_kernel_00_hierarchy/fanout_aresetn_kernel_00/fanout_aresetn_kernel_00_slr1_3'
Finished Parsing XDC File [/home/cs2401.03/mini1-gemm/build/hw/_x/link/vivado/vpl/prj/prj.gen/my_rm/bd/ulp/ip/ulp_ulp_ucs_0/bd_0/ip/ip_59/bd_22c0_fanout_aresetn_kernel_00_slr1_3_0/bd_22c0_fanout_aresetn_kernel_00_slr1_2_0_in_context.xdc] for cell 'inst/aclk_kernel_00_hierarchy/fanout_aresetn_kernel_00/fanout_aresetn_kernel_00_slr1_3'
Parsing XDC File [/home/cs2401.03/mini1-gemm/build/hw/_x/link/vivado/vpl/prj/prj.gen/my_rm/bd/ulp/ip/ulp_ulp_ucs_0/bd_0/ip/ip_60/bd_22c0_fanout_aresetn_kernel_00_slr1_4_0/bd_22c0_fanout_aresetn_kernel_00_slr1_2_0_in_context.xdc] for cell 'inst/aclk_kernel_00_hierarchy/fanout_aresetn_kernel_00/fanout_aresetn_kernel_00_slr1_4'
Finished Parsing XDC File [/home/cs2401.03/mini1-gemm/build/hw/_x/link/vivado/vpl/prj/prj.gen/my_rm/bd/ulp/ip/ulp_ulp_ucs_0/bd_0/ip/ip_60/bd_22c0_fanout_aresetn_kernel_00_slr1_4_0/bd_22c0_fanout_aresetn_kernel_00_slr1_2_0_in_context.xdc] for cell 'inst/aclk_kernel_00_hierarchy/fanout_aresetn_kernel_00/fanout_aresetn_kernel_00_slr1_4'
Parsing XDC File [/home/cs2401.03/mini1-gemm/build/hw/_x/link/vivado/vpl/prj/prj.gen/my_rm/bd/ulp/ip/ulp_ulp_ucs_0/bd_0/ip/ip_62/bd_22c0_psreset_kernel_00_0/bd_22c0_psreset_kernel_00_0_in_context.xdc] for cell 'inst/aclk_kernel_00_hierarchy/psreset_kernel_00'
Finished Parsing XDC File [/home/cs2401.03/mini1-gemm/build/hw/_x/link/vivado/vpl/prj/prj.gen/my_rm/bd/ulp/ip/ulp_ulp_ucs_0/bd_0/ip/ip_62/bd_22c0_psreset_kernel_00_0/bd_22c0_psreset_kernel_00_0_in_context.xdc] for cell 'inst/aclk_kernel_00_hierarchy/psreset_kernel_00'
Parsing XDC File [/home/cs2401.03/mini1-gemm/build/hw/_x/link/vivado/vpl/prj/prj.gen/my_rm/bd/ulp/ip/ulp_ulp_ucs_0/bd_0/ip/ip_63/bd_22c0_aclk_kernel_01_adapt_0/bd_22c0_aclk_kernel_01_cont_adapt_0_in_context.xdc] for cell 'inst/aclk_kernel_01_hierarchy/aclk_kernel_01_adapt'
Finished Parsing XDC File [/home/cs2401.03/mini1-gemm/build/hw/_x/link/vivado/vpl/prj/prj.gen/my_rm/bd/ulp/ip/ulp_ulp_ucs_0/bd_0/ip/ip_63/bd_22c0_aclk_kernel_01_adapt_0/bd_22c0_aclk_kernel_01_cont_adapt_0_in_context.xdc] for cell 'inst/aclk_kernel_01_hierarchy/aclk_kernel_01_adapt'
Parsing XDC File [/home/cs2401.03/mini1-gemm/build/hw/_x/link/vivado/vpl/prj/prj.gen/my_rm/bd/ulp/ip/ulp_ulp_ucs_0/bd_0/ip/ip_64/bd_22c0_aclk_kernel_01_cont_adapt_0/bd_22c0_aclk_kernel_01_cont_adapt_0_in_context.xdc] for cell 'inst/aclk_kernel_01_hierarchy/aclk_kernel_01_cont_adapt'
Finished Parsing XDC File [/home/cs2401.03/mini1-gemm/build/hw/_x/link/vivado/vpl/prj/prj.gen/my_rm/bd/ulp/ip/ulp_ulp_ucs_0/bd_0/ip/ip_64/bd_22c0_aclk_kernel_01_cont_adapt_0/bd_22c0_aclk_kernel_01_cont_adapt_0_in_context.xdc] for cell 'inst/aclk_kernel_01_hierarchy/aclk_kernel_01_cont_adapt'
Parsing XDC File [/home/cs2401.03/mini1-gemm/build/hw/_x/link/vivado/vpl/prj/prj.gen/my_rm/bd/ulp/ip/ulp_ulp_ucs_0/bd_0/ip/ip_65/bd_22c0_clkwiz_aclk_kernel_01_0/bd_22c0_clkwiz_aclk_kernel_01_0_in_context.xdc] for cell 'inst/aclk_kernel_01_hierarchy/clkwiz_aclk_kernel_01'
Finished Parsing XDC File [/home/cs2401.03/mini1-gemm/build/hw/_x/link/vivado/vpl/prj/prj.gen/my_rm/bd/ulp/ip/ulp_ulp_ucs_0/bd_0/ip/ip_65/bd_22c0_clkwiz_aclk_kernel_01_0/bd_22c0_clkwiz_aclk_kernel_01_0_in_context.xdc] for cell 'inst/aclk_kernel_01_hierarchy/clkwiz_aclk_kernel_01'
Parsing XDC File [/home/cs2401.03/mini1-gemm/build/hw/_x/link/vivado/vpl/prj/prj.gen/my_rm/bd/ulp/ip/ulp_ulp_ucs_0/bd_0/ip/ip_66/bd_22c0_clock_throttling_aclk_kernel_01_0/bd_22c0_clock_throttling_aclk_kernel_01_0_in_context.xdc] for cell 'inst/aclk_kernel_01_hierarchy/clock_throttling_aclk_kernel_01'
Finished Parsing XDC File [/home/cs2401.03/mini1-gemm/build/hw/_x/link/vivado/vpl/prj/prj.gen/my_rm/bd/ulp/ip/ulp_ulp_ucs_0/bd_0/ip/ip_66/bd_22c0_clock_throttling_aclk_kernel_01_0/bd_22c0_clock_throttling_aclk_kernel_01_0_in_context.xdc] for cell 'inst/aclk_kernel_01_hierarchy/clock_throttling_aclk_kernel_01'
Parsing XDC File [/home/cs2401.03/mini1-gemm/build/hw/_x/link/vivado/vpl/prj/prj.gen/my_rm/bd/ulp/ip/ulp_ulp_ucs_0/bd_0/ip/ip_67/bd_22c0_fanout_aresetn_kernel_01_slr0_1_0/bd_22c0_fanout_aresetn_kernel_01_slr0_3_0_in_context.xdc] for cell 'inst/aclk_kernel_01_hierarchy/fanout_aresetn_kernel_01/fanout_aresetn_kernel_01_slr0_1'
Finished Parsing XDC File [/home/cs2401.03/mini1-gemm/build/hw/_x/link/vivado/vpl/prj/prj.gen/my_rm/bd/ulp/ip/ulp_ulp_ucs_0/bd_0/ip/ip_67/bd_22c0_fanout_aresetn_kernel_01_slr0_1_0/bd_22c0_fanout_aresetn_kernel_01_slr0_3_0_in_context.xdc] for cell 'inst/aclk_kernel_01_hierarchy/fanout_aresetn_kernel_01/fanout_aresetn_kernel_01_slr0_1'
Parsing XDC File [/home/cs2401.03/mini1-gemm/build/hw/_x/link/vivado/vpl/prj/prj.gen/my_rm/bd/ulp/ip/ulp_ulp_ucs_0/bd_0/ip/ip_68/bd_22c0_fanout_aresetn_kernel_01_slr0_2_0/bd_22c0_fanout_aresetn_kernel_01_slr0_3_0_in_context.xdc] for cell 'inst/aclk_kernel_01_hierarchy/fanout_aresetn_kernel_01/fanout_aresetn_kernel_01_slr0_2'
Finished Parsing XDC File [/home/cs2401.03/mini1-gemm/build/hw/_x/link/vivado/vpl/prj/prj.gen/my_rm/bd/ulp/ip/ulp_ulp_ucs_0/bd_0/ip/ip_68/bd_22c0_fanout_aresetn_kernel_01_slr0_2_0/bd_22c0_fanout_aresetn_kernel_01_slr0_3_0_in_context.xdc] for cell 'inst/aclk_kernel_01_hierarchy/fanout_aresetn_kernel_01/fanout_aresetn_kernel_01_slr0_2'
Parsing XDC File [/home/cs2401.03/mini1-gemm/build/hw/_x/link/vivado/vpl/prj/prj.gen/my_rm/bd/ulp/ip/ulp_ulp_ucs_0/bd_0/ip/ip_69/bd_22c0_fanout_aresetn_kernel_01_slr0_3_0/bd_22c0_fanout_aresetn_kernel_01_slr0_3_0_in_context.xdc] for cell 'inst/aclk_kernel_01_hierarchy/fanout_aresetn_kernel_01/fanout_aresetn_kernel_01_slr0_3'
Finished Parsing XDC File [/home/cs2401.03/mini1-gemm/build/hw/_x/link/vivado/vpl/prj/prj.gen/my_rm/bd/ulp/ip/ulp_ulp_ucs_0/bd_0/ip/ip_69/bd_22c0_fanout_aresetn_kernel_01_slr0_3_0/bd_22c0_fanout_aresetn_kernel_01_slr0_3_0_in_context.xdc] for cell 'inst/aclk_kernel_01_hierarchy/fanout_aresetn_kernel_01/fanout_aresetn_kernel_01_slr0_3'
Parsing XDC File [/home/cs2401.03/mini1-gemm/build/hw/_x/link/vivado/vpl/prj/prj.gen/my_rm/bd/ulp/ip/ulp_ulp_ucs_0/bd_0/ip/ip_70/bd_22c0_fanout_aresetn_kernel_01_slr0_4_0/bd_22c0_fanout_aresetn_kernel_01_slr0_3_0_in_context.xdc] for cell 'inst/aclk_kernel_01_hierarchy/fanout_aresetn_kernel_01/fanout_aresetn_kernel_01_slr0_4'
Finished Parsing XDC File [/home/cs2401.03/mini1-gemm/build/hw/_x/link/vivado/vpl/prj/prj.gen/my_rm/bd/ulp/ip/ulp_ulp_ucs_0/bd_0/ip/ip_70/bd_22c0_fanout_aresetn_kernel_01_slr0_4_0/bd_22c0_fanout_aresetn_kernel_01_slr0_3_0_in_context.xdc] for cell 'inst/aclk_kernel_01_hierarchy/fanout_aresetn_kernel_01/fanout_aresetn_kernel_01_slr0_4'
Parsing XDC File [/home/cs2401.03/mini1-gemm/build/hw/_x/link/vivado/vpl/prj/prj.gen/my_rm/bd/ulp/ip/ulp_ulp_ucs_0/bd_0/ip/ip_71/bd_22c0_fanout_aresetn_kernel_01_slr1_1_0/bd_22c0_fanout_aresetn_kernel_01_slr0_3_0_in_context.xdc] for cell 'inst/aclk_kernel_01_hierarchy/fanout_aresetn_kernel_01/fanout_aresetn_kernel_01_slr1_1'
Finished Parsing XDC File [/home/cs2401.03/mini1-gemm/build/hw/_x/link/vivado/vpl/prj/prj.gen/my_rm/bd/ulp/ip/ulp_ulp_ucs_0/bd_0/ip/ip_71/bd_22c0_fanout_aresetn_kernel_01_slr1_1_0/bd_22c0_fanout_aresetn_kernel_01_slr0_3_0_in_context.xdc] for cell 'inst/aclk_kernel_01_hierarchy/fanout_aresetn_kernel_01/fanout_aresetn_kernel_01_slr1_1'
Parsing XDC File [/home/cs2401.03/mini1-gemm/build/hw/_x/link/vivado/vpl/prj/prj.gen/my_rm/bd/ulp/ip/ulp_ulp_ucs_0/bd_0/ip/ip_72/bd_22c0_fanout_aresetn_kernel_01_slr1_2_0/bd_22c0_fanout_aresetn_kernel_01_slr0_3_0_in_context.xdc] for cell 'inst/aclk_kernel_01_hierarchy/fanout_aresetn_kernel_01/fanout_aresetn_kernel_01_slr1_2'
Finished Parsing XDC File [/home/cs2401.03/mini1-gemm/build/hw/_x/link/vivado/vpl/prj/prj.gen/my_rm/bd/ulp/ip/ulp_ulp_ucs_0/bd_0/ip/ip_72/bd_22c0_fanout_aresetn_kernel_01_slr1_2_0/bd_22c0_fanout_aresetn_kernel_01_slr0_3_0_in_context.xdc] for cell 'inst/aclk_kernel_01_hierarchy/fanout_aresetn_kernel_01/fanout_aresetn_kernel_01_slr1_2'
Parsing XDC File [/home/cs2401.03/mini1-gemm/build/hw/_x/link/vivado/vpl/prj/prj.gen/my_rm/bd/ulp/ip/ulp_ulp_ucs_0/bd_0/ip/ip_73/bd_22c0_fanout_aresetn_kernel_01_slr1_3_0/bd_22c0_fanout_aresetn_kernel_01_slr0_3_0_in_context.xdc] for cell 'inst/aclk_kernel_01_hierarchy/fanout_aresetn_kernel_01/fanout_aresetn_kernel_01_slr1_3'
Finished Parsing XDC File [/home/cs2401.03/mini1-gemm/build/hw/_x/link/vivado/vpl/prj/prj.gen/my_rm/bd/ulp/ip/ulp_ulp_ucs_0/bd_0/ip/ip_73/bd_22c0_fanout_aresetn_kernel_01_slr1_3_0/bd_22c0_fanout_aresetn_kernel_01_slr0_3_0_in_context.xdc] for cell 'inst/aclk_kernel_01_hierarchy/fanout_aresetn_kernel_01/fanout_aresetn_kernel_01_slr1_3'
Parsing XDC File [/home/cs2401.03/mini1-gemm/build/hw/_x/link/vivado/vpl/prj/prj.gen/my_rm/bd/ulp/ip/ulp_ulp_ucs_0/bd_0/ip/ip_74/bd_22c0_fanout_aresetn_kernel_01_slr1_4_0/bd_22c0_fanout_aresetn_kernel_01_slr0_3_0_in_context.xdc] for cell 'inst/aclk_kernel_01_hierarchy/fanout_aresetn_kernel_01/fanout_aresetn_kernel_01_slr1_4'
Finished Parsing XDC File [/home/cs2401.03/mini1-gemm/build/hw/_x/link/vivado/vpl/prj/prj.gen/my_rm/bd/ulp/ip/ulp_ulp_ucs_0/bd_0/ip/ip_74/bd_22c0_fanout_aresetn_kernel_01_slr1_4_0/bd_22c0_fanout_aresetn_kernel_01_slr0_3_0_in_context.xdc] for cell 'inst/aclk_kernel_01_hierarchy/fanout_aresetn_kernel_01/fanout_aresetn_kernel_01_slr1_4'
Parsing XDC File [/home/cs2401.03/mini1-gemm/build/hw/_x/link/vivado/vpl/prj/prj.gen/my_rm/bd/ulp/ip/ulp_ulp_ucs_0/bd_0/ip/ip_76/bd_22c0_psreset_kernel_01_0/bd_22c0_psreset_kernel_01_0_in_context.xdc] for cell 'inst/aclk_kernel_01_hierarchy/psreset_kernel_01'
Finished Parsing XDC File [/home/cs2401.03/mini1-gemm/build/hw/_x/link/vivado/vpl/prj/prj.gen/my_rm/bd/ulp/ip/ulp_ulp_ucs_0/bd_0/ip/ip_76/bd_22c0_psreset_kernel_01_0/bd_22c0_psreset_kernel_01_0_in_context.xdc] for cell 'inst/aclk_kernel_01_hierarchy/psreset_kernel_01'
Parsing XDC File [/home/cs2401.03/mini1-gemm/build/hw/_x/link/vivado/vpl/prj/prj.gen/my_rm/bd/ulp/ip/ulp_ulp_ucs_0/synth/ulp_ulp_ucs_0_ooc.xdc] for cell 'inst'
Finished Parsing XDC File [/home/cs2401.03/mini1-gemm/build/hw/_x/link/vivado/vpl/prj/prj.gen/my_rm/bd/ulp/ip/ulp_ulp_ucs_0/synth/ulp_ulp_ucs_0_ooc.xdc] for cell 'inst'
Parsing XDC File [/home/cs2401.03/mini1-gemm/build/hw/_x/link/vivado/vpl/prj/prj.runs/ulp_ulp_ucs_0_synth_1/dont_touch.xdc]
Finished Parsing XDC File [/home/cs2401.03/mini1-gemm/build/hw/_x/link/vivado/vpl/prj/prj.runs/ulp_ulp_ucs_0_synth_1/dont_touch.xdc]
Parsing XDC File [/home/cs2401.03/mini1-gemm/build/hw/_x/link/vivado/vpl/prj/prj.gen/my_rm/bd/ulp/ip/ulp_ulp_ucs_0/ulp_ulp_ucs_0.xdc] for cell 'inst'
WARNING: [Vivado 12-180] No cells matched 'aclk_kernel_*_hierarchy/fanout_aresetn_kernel_*/fanout_aresetn_kernel_*/*/q_i_reg[0]'. [/home/cs2401.03/mini1-gemm/build/hw/_x/link/vivado/vpl/prj/prj.gen/my_rm/bd/ulp/ip/ulp_ulp_ucs_0/ulp_ulp_ucs_0.xdc:52]
WARNING: [Vivado 12-180] No cells matched 'fanout_aresetn_ctrl/fanout_aresetn_ctrl*/*/q_i_reg[0]'. [/home/cs2401.03/mini1-gemm/build/hw/_x/link/vivado/vpl/prj/prj.gen/my_rm/bd/ulp/ip/ulp_ulp_ucs_0/ulp_ulp_ucs_0.xdc:53]
WARNING: [Vivado 12-180] No cells matched 'fanout_aresetn_pcie/fanout_aresetn_pcie*/*/q_i_reg[0]'. [/home/cs2401.03/mini1-gemm/build/hw/_x/link/vivado/vpl/prj/prj.gen/my_rm/bd/ulp/ip/ulp_ulp_ucs_0/ulp_ulp_ucs_0.xdc:54]
Finished Parsing XDC File [/home/cs2401.03/mini1-gemm/build/hw/_x/link/vivado/vpl/prj/prj.gen/my_rm/bd/ulp/ip/ulp_ulp_ucs_0/ulp_ulp_ucs_0.xdc] for cell 'inst'
WARNING: [Project 1-498] One or more constraints failed evaluation while reading constraint file [/home/cs2401.03/mini1-gemm/build/hw/_x/link/vivado/vpl/prj/prj.gen/my_rm/bd/ulp/ip/ulp_ulp_ucs_0/ulp_ulp_ucs_0.xdc] and the design contains unresolved black boxes. These constraints will be read post-synthesis (as long as their source constraint file is marked as used_in_implementation) and should be applied correctly then. You should review the constraints listed in the file [.Xil/ulp_ulp_ucs_0_propImpl.xdc] and check the run log file to verify that these constraints were correctly applied.
INFO: [Project 1-236] Implementation specific constraints were found while reading constraint file [/home/cs2401.03/mini1-gemm/build/hw/_x/link/vivado/vpl/prj/prj.gen/my_rm/bd/ulp/ip/ulp_ulp_ucs_0/ulp_ulp_ucs_0.xdc]. These constraints will be ignored for synthesis but will be used in implementation. Impacted constraints are listed in the file [.Xil/ulp_ulp_ucs_0_propImpl.xdc].
Resolution: To avoid this warning, move constraints listed in [.Xil/ulp_ulp_ucs_0_propImpl.xdc] to another XDC file and exclude this new file from synthesis with the used_in_synthesis property (File Properties dialog in GUI) and re-run elaboration/synthesis.
Completed Processing XDC Constraints

Netlist sorting complete. Time (s): cpu = 00:00:00 ; elapsed = 00:00:00 . Memory (MB): peak = 3585.648 ; gain = 0.000 ; free physical = 154046 ; free virtual = 457262
INFO: [Project 1-111] Unisim Transformation Summary:
No Unisim elements were transformed.

Constraint Validation Runtime : Time (s): cpu = 00:00:00.04 ; elapsed = 00:00:00.04 . Memory (MB): peak = 3585.684 ; gain = 0.000 ; free physical = 154018 ; free virtual = 457234
INFO: [Designutils 20-5008] Incremental synthesis strategy off
---------------------------------------------------------------------------------
Finished Constraint Validation : Time (s): cpu = 00:00:26 ; elapsed = 00:00:28 . Memory (MB): peak = 3585.684 ; gain = 393.551 ; free physical = 153089 ; free virtual = 456308
---------------------------------------------------------------------------------
---------------------------------------------------------------------------------
Start Loading Part and Timing Information
---------------------------------------------------------------------------------
Loading part: xcu50-fsvh2104-2-e
INFO: [Synth 8-6742] Reading net delay rules and data
---------------------------------------------------------------------------------
Finished Loading Part and Timing Information : Time (s): cpu = 00:00:26 ; elapsed = 00:00:28 . Memory (MB): peak = 3587.652 ; gain = 395.520 ; free physical = 153082 ; free virtual = 456301
---------------------------------------------------------------------------------
---------------------------------------------------------------------------------
Start Applying 'set_property' XDC Constraints
---------------------------------------------------------------------------------
---------------------------------------------------------------------------------
Finished applying 'set_property' XDC Constraints : Time (s): cpu = 00:00:27 ; elapsed = 00:00:29 . Memory (MB): peak = 3587.652 ; gain = 395.520 ; free physical = 153011 ; free virtual = 456230
---------------------------------------------------------------------------------
---------------------------------------------------------------------------------
Finished RTL Optimization Phase 2 : Time (s): cpu = 00:00:27 ; elapsed = 00:00:29 . Memory (MB): peak = 3587.652 ; gain = 395.520 ; free physical = 152943 ; free virtual = 456162
---------------------------------------------------------------------------------
---------------------------------------------------------------------------------
Start RTL Component Statistics 
---------------------------------------------------------------------------------
Detailed RTL Component Info : 
---------------------------------------------------------------------------------
Finished RTL Component Statistics 
---------------------------------------------------------------------------------
---------------------------------------------------------------------------------
Start Part Resource Summary
---------------------------------------------------------------------------------
Part Resources:
DSPs: 5952 (col length:93)
BRAMs: 2688 (col length: RAMB18 192 RAMB36 96)
---------------------------------------------------------------------------------
Finished Part Resource Summary
---------------------------------------------------------------------------------
---------------------------------------------------------------------------------
Start Cross Boundary and Area Optimization
---------------------------------------------------------------------------------
WARNING: [Synth 8-7080] Parallel synthesis criteria is not met
---------------------------------------------------------------------------------
Finished Cross Boundary and Area Optimization : Time (s): cpu = 00:00:29 ; elapsed = 00:00:31 . Memory (MB): peak = 3587.652 ; gain = 395.520 ; free physical = 152272 ; free virtual = 455491
---------------------------------------------------------------------------------
---------------------------------------------------------------------------------
Start Applying XDC Timing Constraints
---------------------------------------------------------------------------------
---------------------------------------------------------------------------------
Finished Applying XDC Timing Constraints : Time (s): cpu = 00:00:35 ; elapsed = 00:00:38 . Memory (MB): peak = 4063.875 ; gain = 871.742 ; free physical = 150750 ; free virtual = 453970
---------------------------------------------------------------------------------
---------------------------------------------------------------------------------
Start Timing Optimization
---------------------------------------------------------------------------------
---------------------------------------------------------------------------------
Finished Timing Optimization : Time (s): cpu = 00:00:35 ; elapsed = 00:00:38 . Memory (MB): peak = 4064.875 ; gain = 872.742 ; free physical = 150749 ; free virtual = 453969
---------------------------------------------------------------------------------
---------------------------------------------------------------------------------
Start Technology Mapping
---------------------------------------------------------------------------------
---------------------------------------------------------------------------------
Finished Technology Mapping : Time (s): cpu = 00:00:36 ; elapsed = 00:00:38 . Memory (MB): peak = 4074.891 ; gain = 882.758 ; free physical = 150736 ; free virtual = 453957
---------------------------------------------------------------------------------
---------------------------------------------------------------------------------
Start IO Insertion
---------------------------------------------------------------------------------
---------------------------------------------------------------------------------
Start Flattening Before IO Insertion
---------------------------------------------------------------------------------
---------------------------------------------------------------------------------
Finished Flattening Before IO Insertion
---------------------------------------------------------------------------------
---------------------------------------------------------------------------------
Start Final Netlist Cleanup
---------------------------------------------------------------------------------
---------------------------------------------------------------------------------
Finished Final Netlist Cleanup
---------------------------------------------------------------------------------
---------------------------------------------------------------------------------
Finished IO Insertion : Time (s): cpu = 00:00:40 ; elapsed = 00:00:43 . Memory (MB): peak = 4247.703 ; gain = 1055.570 ; free physical = 153552 ; free virtual = 456771
---------------------------------------------------------------------------------
---------------------------------------------------------------------------------
Start Renaming Generated Instances
---------------------------------------------------------------------------------
---------------------------------------------------------------------------------
Finished Renaming Generated Instances : Time (s): cpu = 00:00:40 ; elapsed = 00:00:43 . Memory (MB): peak = 4247.703 ; gain = 1055.570 ; free physical = 153551 ; free virtual = 456771
---------------------------------------------------------------------------------
---------------------------------------------------------------------------------
Start Rebuilding User Hierarchy
---------------------------------------------------------------------------------
---------------------------------------------------------------------------------
Finished Rebuilding User Hierarchy : Time (s): cpu = 00:00:40 ; elapsed = 00:00:43 . Memory (MB): peak = 4247.703 ; gain = 1055.570 ; free physical = 153551 ; free virtual = 456770
---------------------------------------------------------------------------------
---------------------------------------------------------------------------------
Start Renaming Generated Ports
---------------------------------------------------------------------------------
---------------------------------------------------------------------------------
Finished Renaming Generated Ports : Time (s): cpu = 00:00:40 ; elapsed = 00:00:43 . Memory (MB): peak = 4247.703 ; gain = 1055.570 ; free physical = 153550 ; free virtual = 456770
---------------------------------------------------------------------------------
---------------------------------------------------------------------------------
Start Handling Custom Attributes
---------------------------------------------------------------------------------
---------------------------------------------------------------------------------
Finished Handling Custom Attributes : Time (s): cpu = 00:00:40 ; elapsed = 00:00:43 . Memory (MB): peak = 4247.703 ; gain = 1055.570 ; free physical = 153550 ; free virtual = 456770
---------------------------------------------------------------------------------
---------------------------------------------------------------------------------
Start Renaming Generated Nets
---------------------------------------------------------------------------------
---------------------------------------------------------------------------------
Finished Renaming Generated Nets : Time (s): cpu = 00:00:40 ; elapsed = 00:00:43 . Memory (MB): peak = 4247.703 ; gain = 1055.570 ; free physical = 153550 ; free virtual = 456769
---------------------------------------------------------------------------------
---------------------------------------------------------------------------------
Start Writing Synthesis Report
---------------------------------------------------------------------------------

Report BlackBoxes: 
+------+--------------------------------------------+----------+
|      |BlackBox name                               |Instances |
+------+--------------------------------------------+----------+
|1     |bd_22c0_axi_ic_ctrl_mgmt_top_imp_xbar_0     |         1|
|2     |bd_22c0_build_info_0                        |         1|
|3     |bd_22c0_clk_hbm_adapt_0                     |         1|
|4     |bd_22c0_clkwiz_hbm_0                        |         1|
|5     |bd_22c0_fanout_aresetn_hbm_0                |         1|
|6     |bd_22c0_psreset_hbm_0                       |         1|
|7     |bd_22c0_aclk_kernel_00_adapt_0              |         1|
|8     |bd_22c0_aclk_kernel_00_cont_adapt_0         |         1|
|9     |bd_22c0_clkwiz_aclk_kernel_00_0             |         1|
|10    |bd_22c0_clock_throttling_aclk_kernel_00_0   |         1|
|11    |bd_22c0_psreset_kernel_00_0                 |         1|
|12    |bd_22c0_fanout_aresetn_kernel_00_slr0_1_0   |         1|
|13    |bd_22c0_fanout_aresetn_kernel_00_slr0_2_0   |         1|
|14    |bd_22c0_fanout_aresetn_kernel_00_slr0_3_0   |         1|
|15    |bd_22c0_fanout_aresetn_kernel_00_slr0_4_0   |         1|
|16    |bd_22c0_fanout_aresetn_kernel_00_slr1_1_0   |         1|
|17    |bd_22c0_fanout_aresetn_kernel_00_slr1_2_0   |         1|
|18    |bd_22c0_fanout_aresetn_kernel_00_slr1_3_0   |         1|
|19    |bd_22c0_fanout_aresetn_kernel_00_slr1_4_0   |         1|
|20    |bd_22c0_aclk_kernel_01_adapt_0              |         1|
|21    |bd_22c0_aclk_kernel_01_cont_adapt_0         |         1|
|22    |bd_22c0_clkwiz_aclk_kernel_01_0             |         1|
|23    |bd_22c0_clock_throttling_aclk_kernel_01_0   |         1|
|24    |bd_22c0_psreset_kernel_01_0                 |         1|
|25    |bd_22c0_fanout_aresetn_kernel_01_slr0_1_0   |         1|
|26    |bd_22c0_fanout_aresetn_kernel_01_slr0_2_0   |         1|
|27    |bd_22c0_fanout_aresetn_kernel_01_slr0_3_0   |         1|
|28    |bd_22c0_fanout_aresetn_kernel_01_slr0_4_0   |         1|
|29    |bd_22c0_fanout_aresetn_kernel_01_slr1_1_0   |         1|
|30    |bd_22c0_fanout_aresetn_kernel_01_slr1_2_0   |         1|
|31    |bd_22c0_fanout_aresetn_kernel_01_slr1_3_0   |         1|
|32    |bd_22c0_fanout_aresetn_kernel_01_slr1_4_0   |         1|
|33    |bd_22c0_fanout_aresetn_ctrl_slr0_1_0        |         1|
|34    |bd_22c0_fanout_aresetn_ctrl_slr0_2_0        |         1|
|35    |bd_22c0_fanout_aresetn_ctrl_slr0_3_0        |         1|
|36    |bd_22c0_fanout_aresetn_ctrl_slr0_4_0        |         1|
|37    |bd_22c0_fanout_aresetn_ctrl_slr1_1_0        |         1|
|38    |bd_22c0_fanout_aresetn_ctrl_slr1_2_0        |         1|
|39    |bd_22c0_fanout_aresetn_ctrl_slr1_3_0        |         1|
|40    |bd_22c0_fanout_aresetn_ctrl_slr1_4_0        |         1|
|41    |bd_22c0_fanout_aresetn_pcie_slr0_1_0        |         1|
|42    |bd_22c0_fanout_aresetn_pcie_slr0_2_0        |         1|
|43    |bd_22c0_fanout_aresetn_pcie_slr0_3_0        |         1|
|44    |bd_22c0_fanout_aresetn_pcie_slr0_4_0        |         1|
|45    |bd_22c0_fanout_aresetn_pcie_slr1_1_0        |         1|
|46    |bd_22c0_fanout_aresetn_pcie_slr1_2_0        |         1|
|47    |bd_22c0_fanout_aresetn_pcie_slr1_3_0        |         1|
|48    |bd_22c0_fanout_aresetn_pcie_slr1_4_0        |         1|
|49    |bd_22c0_axi_ic_ctrl_mgmt_freq_imp_xbar_0    |         1|
|50    |bd_22c0_axi_ic_ctrl_mgmt_freq_imp_auto_cc_0 |         1|
|51    |bd_22c0_frequency_counter_aclk_0            |         1|
|52    |bd_22c0_frequency_counter_aclk_hbm_0        |         1|
|53    |bd_22c0_frequency_counter_aclk_kernel_00_0  |         1|
|54    |bd_22c0_frequency_counter_aclk_kernel_01_0  |         1|
|55    |bd_22c0_psreset_aclk_freerun_0              |         1|
|56    |bd_22c0_clock_throttling_avg_0              |         1|
|57    |bd_22c0_gapping_demand_toggle_0             |         1|
|58    |bd_22c0_gapping_demand_update_0             |         1|
|59    |bd_22c0_gpio_gapping_demand_0               |         1|
|60    |bd_22c0_clock_shutdown_latch_0              |         1|
|61    |bd_22c0_gpio_ucs_control_status_0           |         1|
+------+--------------------------------------------+----------+

Report Cell Usage: 
+------+------------------------------------------+------+
|      |Cell                                      |Count |
+------+------------------------------------------+------+
|1     |bd_22c0_aclk_kernel_00_adapt              |     1|
|2     |bd_22c0_aclk_kernel_00_cont_adapt         |     1|
|3     |bd_22c0_aclk_kernel_01_adapt              |     1|
|4     |bd_22c0_aclk_kernel_01_cont_adapt         |     1|
|5     |bd_22c0_axi_ic_ctrl_mgmt_freq_imp_auto_cc |     1|
|6     |bd_22c0_axi_ic_ctrl_mgmt_freq_imp_xbar    |     1|
|7     |bd_22c0_axi_ic_ctrl_mgmt_top_imp_xbar     |     1|
|8     |bd_22c0_build_info                        |     1|
|9     |bd_22c0_clk_hbm_adapt                     |     1|
|10    |bd_22c0_clkwiz_aclk_kernel_00             |     1|
|11    |bd_22c0_clkwiz_aclk_kernel_01             |     1|
|12    |bd_22c0_clkwiz_hbm                        |     1|
|13    |bd_22c0_clock_shutdown_latch              |     1|
|14    |bd_22c0_clock_throttling_aclk_kernel_00   |     1|
|15    |bd_22c0_clock_throttling_aclk_kernel_01   |     1|
|16    |bd_22c0_clock_throttling_avg              |     1|
|17    |bd_22c0_fanout_aresetn_ctrl_slr0_1        |     1|
|18    |bd_22c0_fanout_aresetn_ctrl_slr0_2        |     1|
|19    |bd_22c0_fanout_aresetn_ctrl_slr0_3        |     1|
|20    |bd_22c0_fanout_aresetn_ctrl_slr0_4        |     1|
|21    |bd_22c0_fanout_aresetn_ctrl_slr1_1        |     1|
|22    |bd_22c0_fanout_aresetn_ctrl_slr1_2        |     1|
|23    |bd_22c0_fanout_aresetn_ctrl_slr1_3        |     1|
|24    |bd_22c0_fanout_aresetn_ctrl_slr1_4        |     1|
|25    |bd_22c0_fanout_aresetn_hbm                |     1|
|26    |bd_22c0_fanout_aresetn_kernel_00_slr0_1   |     1|
|27    |bd_22c0_fanout_aresetn_kernel_00_slr0_2   |     1|
|28    |bd_22c0_fanout_aresetn_kernel_00_slr0_3   |     1|
|29    |bd_22c0_fanout_aresetn_kernel_00_slr0_4   |     1|
|30    |bd_22c0_fanout_aresetn_kernel_00_slr1_1   |     1|
|31    |bd_22c0_fanout_aresetn_kernel_00_slr1_2   |     1|
|32    |bd_22c0_fanout_aresetn_kernel_00_slr1_3   |     1|
|33    |bd_22c0_fanout_aresetn_kernel_00_slr1_4   |     1|
|34    |bd_22c0_fanout_aresetn_kernel_01_slr0_1   |     1|
|35    |bd_22c0_fanout_aresetn_kernel_01_slr0_2   |     1|
|36    |bd_22c0_fanout_aresetn_kernel_01_slr0_3   |     1|
|37    |bd_22c0_fanout_aresetn_kernel_01_slr0_4   |     1|
|38    |bd_22c0_fanout_aresetn_kernel_01_slr1_1   |     1|
|39    |bd_22c0_fanout_aresetn_kernel_01_slr1_2   |     1|
|40    |bd_22c0_fanout_aresetn_kernel_01_slr1_3   |     1|
|41    |bd_22c0_fanout_aresetn_kernel_01_slr1_4   |     1|
|42    |bd_22c0_fanout_aresetn_pcie_slr0_1        |     1|
|43    |bd_22c0_fanout_aresetn_pcie_slr0_2        |     1|
|44    |bd_22c0_fanout_aresetn_pcie_slr0_3        |     1|
|45    |bd_22c0_fanout_aresetn_pcie_slr0_4        |     1|
|46    |bd_22c0_fanout_aresetn_pcie_slr1_1        |     1|
|47    |bd_22c0_fanout_aresetn_pcie_slr1_2        |     1|
|48    |bd_22c0_fanout_aresetn_pcie_slr1_3        |     1|
|49    |bd_22c0_fanout_aresetn_pcie_slr1_4        |     1|
|50    |bd_22c0_frequency_counter_aclk            |     1|
|51    |bd_22c0_frequency_counter_aclk_hbm        |     1|
|52    |bd_22c0_frequency_counter_aclk_kernel_00  |     1|
|53    |bd_22c0_frequency_counter_aclk_kernel_01  |     1|
|54    |bd_22c0_gapping_demand_toggle             |     1|
|55    |bd_22c0_gapping_demand_update             |     1|
|56    |bd_22c0_gpio_gapping_demand               |     1|
|57    |bd_22c0_gpio_ucs_control_status           |     1|
|58    |bd_22c0_psreset_aclk_freerun              |     1|
|59    |bd_22c0_psreset_hbm                       |     1|
|60    |bd_22c0_psreset_kernel_00                 |     1|
|61    |bd_22c0_psreset_kernel_01                 |     1|
+------+------------------------------------------+------+
---------------------------------------------------------------------------------
Finished Writing Synthesis Report : Time (s): cpu = 00:00:40 ; elapsed = 00:00:43 . Memory (MB): peak = 4247.703 ; gain = 1055.570 ; free physical = 153549 ; free virtual = 456769
---------------------------------------------------------------------------------
Synthesis finished with 0 errors, 0 critical warnings and 158 warnings.
Synthesis Optimization Runtime : Time (s): cpu = 00:00:29 ; elapsed = 00:00:31 . Memory (MB): peak = 4247.703 ; gain = 1034.605 ; free physical = 153531 ; free virtual = 456751
Synthesis Optimization Complete : Time (s): cpu = 00:00:40 ; elapsed = 00:00:43 . Memory (MB): peak = 4247.703 ; gain = 1055.570 ; free physical = 153531 ; free virtual = 456750
INFO: [Project 1-571] Translating synthesized netlist
Netlist sorting complete. Time (s): cpu = 00:00:00.02 ; elapsed = 00:00:00.02 . Memory (MB): peak = 4247.703 ; gain = 0.000 ; free physical = 153621 ; free virtual = 456841
INFO: [Project 1-570] Preparing netlist for logic optimization
INFO: [Opt 31-138] Pushed 0 inverter(s) to 0 load pin(s).
Netlist sorting complete. Time (s): cpu = 00:00:00 ; elapsed = 00:00:00 . Memory (MB): peak = 4247.703 ; gain = 0.000 ; free physical = 153249 ; free virtual = 456467
INFO: [Project 1-111] Unisim Transformation Summary:
No Unisim elements were transformed.

Synth Design complete | Checksum: 25f5e7f
INFO: [Common 17-83] Releasing license: Synthesis
224 Infos, 134 Warnings, 0 Critical Warnings and 0 Errors encountered.
synth_design completed successfully
synth_design: Time (s): cpu = 00:00:57 ; elapsed = 00:01:00 . Memory (MB): peak = 4247.703 ; gain = 2398.523 ; free physical = 153201 ; free virtual = 456419
INFO: [Common 17-2834] synth_design peak Physical Memory [PSS] (MB): overall = 3078.045; main = 2991.691; forked = 185.188
INFO: [Common 17-2834] synth_design peak Virtual Memory [VSS] (MB): overall = 5734.883; main = 4220.008; forked = 1591.988
INFO: [Common 17-1381] The checkpoint '/home/cs2401.03/mini1-gemm/build/hw/_x/link/vivado/vpl/prj/prj.runs/ulp_ulp_ucs_0_synth_1/ulp_ulp_ucs_0.dcp' has been generated.
INFO: [Coretcl 2-1648] Added synthesis output to IP cache for IP ulp_ulp_ucs_0, cache-ID = f3143930842cfefe
INFO: [Coretcl 2-1174] Renamed 82 cell refs.
INFO: [Common 17-1381] The checkpoint '/home/cs2401.03/mini1-gemm/build/hw/_x/link/vivado/vpl/prj/prj.runs/ulp_ulp_ucs_0_synth_1/ulp_ulp_ucs_0.dcp' has been generated.
INFO: [Vivado 12-24828] Executing command : report_utilization -file ulp_ulp_ucs_0_utilization_synth.rpt -pb ulp_ulp_ucs_0_utilization_synth.pb
INFO: [Common 17-206] Exiting Vivado at Thu Oct  1 03:10:18 2026...
