Execute       source -notrace -encoding utf-8 /home/Xilinx/2025.1/Vitis/tps/tcl/tcl8.6/clock.tcl 
Execute         source -encoding utf-8 /home/Xilinx/2025.1/tps/tcl/tcl8/8.5/msgcat-1.6.1.tm 
INFO-FLOW: Workspace /home/cs2401.03/mini1-gemm/build/hls/hls opened at Thu Oct 01 02:36:10 IST 2026
Execute       send_msg_by_id INFO @200-1505@%s%s default  vivado 
INFO: [HLS 200-1505] Using default flow_target 'vivado'
Execute       send_msg_by_id INFO @200-2174@%s%s component /home/cs2401.03/mini1-gemm/hls_config.cfg 
INFO: [HLS 200-2174] Applying component config ini file /home/cs2401.03/mini1-gemm/hls_config.cfg
Execute       apply_ini /home/cs2401.03/mini1-gemm/hls_config.cfg 
Execute         send_msg_by_id INFO @200-1465@%s 'syn.file=src/kernel.cpp' from /home/cs2401.03/mini1-gemm/hls_config.cfg(7) 
INFO: [HLS 200-1465] Applying config ini 'syn.file=src/kernel.cpp' from /home/cs2401.03/mini1-gemm/hls_config.cfg(7)
Execute         add_files /home/cs2401.03/mini1-gemm/src/kernel.cpp 
INFO: [HLS 200-10] Adding design file '/home/cs2401.03/mini1-gemm/src/kernel.cpp' to the project
Execute         send_msg_by_id INFO @200-1465@%s 'tb.file=src/kernel_tb.cpp' from /home/cs2401.03/mini1-gemm/hls_config.cfg(9) 
INFO: [HLS 200-1465] Applying config ini 'tb.file=src/kernel_tb.cpp' from /home/cs2401.03/mini1-gemm/hls_config.cfg(9)
Execute         add_files -tb /home/cs2401.03/mini1-gemm/src/kernel_tb.cpp 
INFO: [HLS 200-10] Adding test bench file '/home/cs2401.03/mini1-gemm/src/kernel_tb.cpp' to the project
Execute         send_msg_by_id INFO @200-1465@%s 'syn.top=gemm' from /home/cs2401.03/mini1-gemm/hls_config.cfg(8) 
INFO: [HLS 200-1465] Applying config ini 'syn.top=gemm' from /home/cs2401.03/mini1-gemm/hls_config.cfg(8)
Execute         set_top gemm 
Execute         send_msg_by_id INFO @200-1465@%s 'flow_target=vitis' from /home/cs2401.03/mini1-gemm/hls_config.cfg(5) 
INFO: [HLS 200-1465] Applying config ini 'flow_target=vitis' from /home/cs2401.03/mini1-gemm/hls_config.cfg(5)
Execute         send_msg_by_id INFO @200-1505@%s%s  vitis 
INFO: [HLS 200-1505] Using flow_target 'vitis'
Execute         send_msg_by_id INFO @200-435@%s%s 'open_solution -flow_target vitis' config_interface -m_axi_latency=64 
INFO: [HLS 200-435] Setting 'open_solution -flow_target vitis' configuration: config_interface -m_axi_latency=64
Execute         config_interface -m_axi_latency=64 
Execute         send_msg_by_id INFO @200-435@%s%s 'open_solution -flow_target vitis' config_interface -m_axi_alignment_byte_size=64 
INFO: [HLS 200-435] Setting 'open_solution -flow_target vitis' configuration: config_interface -m_axi_alignment_byte_size=64
Execute         config_interface -m_axi_alignment_byte_size=64 
Execute         send_msg_by_id INFO @200-435@%s%s 'open_solution -flow_target vitis' config_interface -m_axi_max_widen_bitwidth=512 
INFO: [HLS 200-435] Setting 'open_solution -flow_target vitis' configuration: config_interface -m_axi_max_widen_bitwidth=512
Execute         config_interface -m_axi_max_widen_bitwidth=512 
INFO-FLOW: Setting macro_cmd open_solution -flow_target vitis configuration: config_interface -default_interface=kernel
Execute         config_interface -default_interface=kernel 
Execute         send_msg_by_id INFO @200-435@%s%s 'open_solution -flow_target vitis' config_rtl -register_reset_num=3 
INFO: [HLS 200-435] Setting 'open_solution -flow_target vitis' configuration: config_rtl -register_reset_num=3
Execute         config_rtl -register_reset_num=3 
Execute         send_msg_by_id INFO @200-1465@%s 'part=xcu50-fsvh2104-2-e' from /home/cs2401.03/mini1-gemm/hls_config.cfg(2) 
INFO: [HLS 200-1465] Applying config ini 'part=xcu50-fsvh2104-2-e' from /home/cs2401.03/mini1-gemm/hls_config.cfg(2)
Execute         set_part xcu50-fsvh2104-2-e 
Execute           create_platform xcu50-fsvh2104-2-e -board  
DBG:HLSDevice: Trying to load device library: /home/Xilinx/2025.1/Vitis/lib/lnx64.o/libxv_hlsvwrap.so
DBG:HLSDevice: first parts/arch.xml in RDI_DATADIR: /home/Xilinx/2025.1/Vivado/data/parts/arch.xml
DBG:HLSDevice: init success
INFO: [HLS 200-1611] Setting target device to 'xcu50-fsvh2104-2-e'
Command           create_platform done; 1.1 sec.
Execute           source /home/Xilinx/2025.1/Vitis/common/technology/xilinx/common/xilinx.gen 
Execute             source /home/Xilinx/2025.1/Vitis/common/technology/xilinx/interface/plb46.gen 
Execute             source /home/Xilinx/2025.1/Vitis/common/technology/xilinx/interface/axi4.gen 
Execute             source /home/Xilinx/2025.1/Vitis/common/technology/xilinx/interface/nativeAXI4.gen 
Execute               source /home/Xilinx/2025.1/Vitis/common/technology/xilinx/interface/saxilite.gen 
Execute             source /home/Xilinx/2025.1/Vitis/common/technology/xilinx/scripts/xilinxcoregen.gen 
Execute             source /home/Xilinx/2025.1/Vitis/common/technology/xilinx/interface/XilEDKCoreGen.gen 
Execute             source /home/Xilinx/2025.1/Vitis/common/technology/xilinx/ip/xfir.gen 
Execute             source /home/Xilinx/2025.1/Vitis/common/technology/xilinx/ip/dds_compiler.gen 
Execute             source /home/Xilinx/2025.1/Vitis/common/technology/xilinx/ip/xfft.gen 
Execute             source /home/Xilinx/2025.1/Vitis/common/technology/xilinx/ip/util.gen 
Execute             source /home/Xilinx/2025.1/Vitis/common/technology/xilinx/DSP48/dsp48.gen 
Execute           ap_part_info -name xcu50-fsvh2104-2-e -data info 
Execute           config_compile -quiet -complex-mul-dsp=0 
Command         set_part done; 1.2 sec.
Execute         send_msg_by_id INFO @200-1465@%s 'clock=3.33ns' from /home/cs2401.03/mini1-gemm/hls_config.cfg(10) 
INFO: [HLS 200-1465] Applying config ini 'clock=3.33ns' from /home/cs2401.03/mini1-gemm/hls_config.cfg(10)
Execute         create_clock -period 3.33ns 
Execute           ap_set_clock -name default -period 3.33 -unit ns -default=false 
INFO: [SYN 201-201] Setting up clock 'default' with a period of 3.33ns.
Execute         send_msg_by_id INFO @200-1465@%s 'csim.argv=full' from /home/cs2401.03/mini1-gemm/hls_config.cfg(12) 
INFO: [HLS 200-1465] Applying config ini 'csim.argv=full' from /home/cs2401.03/mini1-gemm/hls_config.cfg(12)
Execute         config_csim -argv=full 
Execute         send_msg_by_id INFO @200-1465@%s 'package.output.format=xo' from /home/cs2401.03/mini1-gemm/hls_config.cfg(6) 
INFO: [HLS 200-1465] Applying config ini 'package.output.format=xo' from /home/cs2401.03/mini1-gemm/hls_config.cfg(6)
Execute         config_export -format=xo 
Command       apply_ini done; 1.22 sec.
Execute       write_component -config /home/cs2401.03/mini1-gemm/hls_config.cfg 
Execute         send_msg_by_id INFO @200-2176@%s /home/cs2401.03/mini1-gemm/build/hls/vitis-comp.json 
INFO: [HLS 200-2176] Writing Vitis IDE component file /home/cs2401.03/mini1-gemm/build/hls/vitis-comp.json
Command     open_solution done; 1.25 sec.
Command   open_component done; 1.25 sec.
Execute   apply_ini /home/cs2401.03/mini1-gemm/build/hls/hls/config.cmdline -iscmdline 
Execute   ::AP::init_summary_file csynth-xo 
Execute     AP::app_get_file_relativeroot [AP::app_get_root] {}
Execute     AP::get_vpp_package_output_file
Execute   csynth_design 
Execute     ap_part_info -name xcu50-fsvh2104-2-e -data info 
INFO-FLOW: run_clang exec: /home/Xilinx/2025.1/Vitis/lnx64/tools/clang-3.9-csynth/bin/xilinx-performance-pragma-detector ../src/kernel.cpp -- -fhls -D__VITIS_HLS__ -DAESL_SYN -D__SYNTHESIS__ -D__HLS_SYN__ -I /home/Xilinx/2025.1/Vitis/common/technology/autopilot -I /home/Xilinx/2025.1/Vitis/common/technology/autopilot/ap_sysc -include etc/autopilot_ssdm_op.h -D__DSP48E2__ -I /usr/include/x86_64-linux-gnu > /home/cs2401.03/mini1-gemm/build/hls/hls/.autopilot/db/kernel.cpp.xilinx-performance-pragma-detector.out.log 2> /home/cs2401.03/mini1-gemm/build/hls/hls/.autopilot/db/kernel.cpp.xilinx-performance-pragma-detector.err.log
INFO-FLOW: Running SLX 'csynth' proc: ::SLX::run_csynth
Execute     elaborate -effort=medium -skip_syncheck=0 -keep_printf=0 -skip_cdt=0 -skip_transform=0 -ng=0 -g=0 -from_csynth_design=1 
INFO: [HLS 200-111] Finished File checks and directory preparation: CPU user time: 2.08 seconds. CPU system time: 0.4 seconds. Elapsed time: 2.38 seconds; current allocated memory: 469.984 MB.
Execute       set_directive_top gemm -name=gemm 
INFO: [HLS 200-10] Analyzing design file '../src/kernel.cpp' ... 
INFO-FLOW: Compiling one TU...
INFO-FLOW: Handling ../src/kernel.cpp as C++
Execute       ap_part_info -name xcu50-fsvh2104-2-e -data info 
INFO-FLOW: Running: GCC PP 39
INFO-FLOW: Source preprocessing
INFO-FLOW: run_clang exec: /home/Xilinx/2025.1/Vitis/lnx64/tools/clang-3.9-csynth/bin/clang ../src/kernel.cpp -foptimization-record-file=/home/cs2401.03/mini1-gemm/build/hls/hls/.autopilot/db/kernel.cpp.clang.diag.yml -mllvm -pass-remarks-missed=reflow|pasta|unroll|inline -mllvm -pass-remarks=reflow|pasta|unroll|inline -fno-limit-debug-info --gcc-toolchain=/home/Xilinx/2025.1/Vitis/tps/lnx64/gcc-8.3.0 -fhls -fno-exceptions -insert-hls-directive=/home/cs2401.03/mini1-gemm/build/hls/hls/.autopilot/db/all.directive.json -E -fno-math-errno -c -emit-llvm -mllvm -disable-llvm-optzns -Werror=implicit-function-declaration -Werror=implicit-hls-streams -Werror=return-type -Wpragmas -Wunused-parameter -Wdump-hls-pragmas -Wno-error=dump-hls-pragmas -hls-clock-period=3.33 -fno-threadsafe-statics -fno-use-cxa-atexit -target fpga64-xilinx-linux-gnu -fno-threadsafe-statics -fno-use-cxa-atexit -D__VITIS_HLS__ -DAESL_SYN -D__SYNTHESIS__ -D__HLS_SYN__ -I /home/Xilinx/2025.1/Vitis/common/technology/autopilot -I /home/Xilinx/2025.1/Vitis/common/technology/autopilot/ap_sysc -include etc/autopilot_ssdm_op.h -D__DSP48E2__ -I /usr/include/x86_64-linux-gnu -o /home/cs2401.03/mini1-gemm/build/hls/hls/.autopilot/db/kernel.pp.0.cpp -hls-platform-db-name=/home/Xilinx/2025.1/Vitis/common/technology/xilinx/common/platform.db -hls-platform-name=virtexuplus_medium -device-resource-info=BRAM_2688.000000_DSP_5952.000000_FF_1743360.000000_LUT_871680.000000_SLICE_108960.000000_SLR_2.000000_URAM_640.000000 -device-name-info=xcu50-fsvh2104-2-e > /home/cs2401.03/mini1-gemm/build/hls/hls/.autopilot/db/kernel.cpp.clang.out.log 2> /home/cs2401.03/mini1-gemm/build/hls/hls/.autopilot/db/kernel.cpp.clang.err.log
INFO-FLOW: Done: GCC PP 39 time: 0.3 seconds per iteration
INFO-FLOW: Source syntax check for synthesis
INFO-FLOW: run_clang exec: /home/Xilinx/2025.1/Vitis/lnx64/tools/clang-3.9-csynth/bin/clang -foptimization-record-file=/home/cs2401.03/mini1-gemm/build/hls/hls/.autopilot/db/clang.diag.yml -mllvm -pass-remarks-missed=reflow|pasta|unroll|inline -mllvm -pass-remarks=reflow|pasta|unroll|inline -fsyntax-only -fhls -target fpga64-xilinx-linux-gnu /home/cs2401.03/mini1-gemm/build/hls/hls/.autopilot/db/kernel.pp.0.cpp -hls-platform-db-name=/home/Xilinx/2025.1/Vitis/common/technology/xilinx/common/platform.db -hls-platform-name=virtexuplus_medium -device-resource-info=BRAM_2688.000000_DSP_5952.000000_FF_1743360.000000_LUT_871680.000000_SLICE_108960.000000_SLR_2.000000_URAM_640.000000 -device-name-info=xcu50-fsvh2104-2-e > /home/cs2401.03/mini1-gemm/build/hls/hls/.autopilot/db/clang.out.log 2> /home/cs2401.03/mini1-gemm/build/hls/hls/.autopilot/db/clang.err.log
Execute       clang_tidy xilinx-systemc-detector -desc systemc-detector /home/cs2401.03/mini1-gemm/build/hls/hls/.autopilot/db/kernel.pp.0.cpp  -target fpga  -directive=/home/cs2401.03/mini1-gemm/build/hls/hls/.autopilot/db/.systemc_flag 
INFO-FLOW: exec /home/Xilinx/2025.1/Vitis/lnx64/tools/clang-3.9-csynth/bin/clang-tidy -header-filter=.* --checks=-*,xilinx-systemc-detector -import-directive=/home/cs2401.03/mini1-gemm/build/hls/hls/.autopilot/db/.systemc_flag -fix-errors /home/cs2401.03/mini1-gemm/build/hls/hls/.autopilot/db/kernel.pp.0.cpp -- - -target fpga -fhls -ferror-limit=0
INFO-FLOW: Running: clang-tidy CDT preprocess 39
Execute       clang_tidy xilinx-directive2pragma -desc directive2pragma /home/cs2401.03/mini1-gemm/build/hls/hls/.autopilot/db/kernel.pp.0.cpp  -target fpga  -directive=/home/cs2401.03/mini1-gemm/build/hls/hls/.autopilot/db/all.directive.json 
INFO-FLOW: exec /home/Xilinx/2025.1/Vitis/lnx64/tools/clang-3.9-csynth/bin/clang-tidy -header-filter=.* --checks=-*,xilinx-directive2pragma -import-directive=/home/cs2401.03/mini1-gemm/build/hls/hls/.autopilot/db/all.directive.json -fix-errors /home/cs2401.03/mini1-gemm/build/hls/hls/.autopilot/db/kernel.pp.0.cpp -- - -target fpga -fhls -ferror-limit=0
INFO-FLOW: Done: clang-tidy CDT preprocess 39 time: 0 seconds per iteration
INFO-FLOW: Calling xilinx-label-all-loops ... 
INFO-FLOW: Calling xilinx-aggregate-on-hls-vector ... 
Execute       clang_tidy -errorcheck -desc loop-label xilinx-label-all-loops,xilinx-aggregate-on-hls-vector,,xilinx-warn-mayneed-no-ctor-attribute /home/cs2401.03/mini1-gemm/build/hls/hls/.autopilot/db/kernel.pp.0.cpp  -target fpga  
INFO-FLOW: run_clang exec: /home/Xilinx/2025.1/Vitis/lnx64/tools/clang-3.9-csynth/bin/clang-tidy -export-fixes=/home/cs2401.03/mini1-gemm/build/hls/hls/.autopilot/db/kernel.pp.0.cpp.clang-tidy.loop-label.diag.yml -header-filter=.* --checks=-*,xilinx-label-all-loops,xilinx-aggregate-on-hls-vector,,xilinx-warn-mayneed-no-ctor-attribute -fix-errors /home/cs2401.03/mini1-gemm/build/hls/hls/.autopilot/db/kernel.pp.0.cpp -- - -target fpga -fhls -ferror-limit=0 > /home/cs2401.03/mini1-gemm/build/hls/hls/.autopilot/db/kernel.pp.0.cpp.clang-tidy.loop-label.out.log 2> /home/cs2401.03/mini1-gemm/build/hls/hls/.autopilot/db/kernel.pp.0.cpp.clang-tidy.loop-label.err.log
Execute         source /home/Xilinx/2025.1/Vitis/tps/tcl/tcllib2.0/yaml/yaml.tcl 
INFO-FLOW: run_clang exec: /home/Xilinx/2025.1/Vitis/lnx64/tools/clang-3.9-csynth/bin/xilinx-dataflow-lawyer -export-fixes=/home/cs2401.03/mini1-gemm/build/hls/hls/.autopilot/db/kernel.pp.0.cpp.xilinx-dataflow-lawyer.diag.yml /home/cs2401.03/mini1-gemm/build/hls/hls/.autopilot/db/kernel.pp.0.cpp -- - -target fpga -fhls -ferror-limit=0 -fstrict-dataflow > /home/cs2401.03/mini1-gemm/build/hls/hls/.autopilot/db/kernel.pp.0.cpp.xilinx-dataflow-lawyer.out.log 2> /home/cs2401.03/mini1-gemm/build/hls/hls/.autopilot/db/kernel.pp.0.cpp.xilinx-dataflow-lawyer.err.log
Execute       ap_part_info -name xcu50-fsvh2104-2-e -data info 
INFO-FLOW: compiling source code to llvm bc
INFO-FLOW: run_clang exec: /home/Xilinx/2025.1/Vitis/lnx64/tools/clang-3.9-csynth/bin/clang -foptimization-record-file=/home/cs2401.03/mini1-gemm/build/hls/hls/.autopilot/db/kernel.pp.0.cpp.clang.diag.yml -mllvm -pass-remarks-missed=reflow|pasta|unroll|inline -mllvm -pass-remarks=reflow|pasta|unroll|inline -fno-limit-debug-info -fhls -flto -fno-exceptions -Wno-error=c++11-narrowing -hls-emit-hint-scope /home/cs2401.03/mini1-gemm/build/hls/hls/.autopilot/db/kernel.pp.0.cpp -fno-math-errno -c -emit-llvm -mllvm -disable-llvm-optzns -Werror=implicit-function-declaration -Werror=implicit-hls-streams -Werror=return-type -Wpragmas -Wunused-parameter -Wdump-hls-pragmas -Wno-error=dump-hls-pragmas -hls-clock-period=3.33 -fno-threadsafe-statics -fno-use-cxa-atexit -target fpga64-xilinx-linux-gnu -D__VITIS_HLS__ -DAESL_SYN -D__SYNTHESIS__ -D__HLS_SYN__ -I /home/Xilinx/2025.1/Vitis/common/technology/autopilot -I /home/Xilinx/2025.1/Vitis/common/technology/autopilot/ap_sysc -include etc/autopilot_ssdm_op.h -D__DSP48E2__ -g -o /home/cs2401.03/mini1-gemm/build/hls/hls/.autopilot/db/kernel.bc -hls-platform-db-name=/home/Xilinx/2025.1/Vitis/common/technology/xilinx/common/platform.db -hls-platform-name=virtexuplus_medium -device-resource-info=BRAM_2688.000000_DSP_5952.000000_FF_1743360.000000_LUT_871680.000000_SLICE_108960.000000_SLR_2.000000_URAM_640.000000 -device-name-info=xcu50-fsvh2104-2-e > /home/cs2401.03/mini1-gemm/build/hls/hls/.autopilot/db/kernel.pp.0.cpp.clang.out.log 2> /home/cs2401.03/mini1-gemm/build/hls/hls/.autopilot/db/kernel.pp.0.cpp.clang.err.log
INFO: [HLS 200-111] Finished Source Code Analysis and Preprocessing: CPU user time: 0.23 seconds. CPU system time: 0.3 seconds. Elapsed time: 0.77 seconds; current allocated memory: 471.652 MB.
INFO-FLOW: Linking Debug ...
INFO-FLOW: Linking dut bc code.
Execute       run_link_or_opt -out /home/cs2401.03/mini1-gemm/build/hls/hls/.autopilot/db/a.g.ld.0.bc -args  "/home/cs2401.03/mini1-gemm/build/hls/hls/.autopilot/db/kernel.g.bc"  
INFO-FLOW: run_clang exec: /home/Xilinx/2025.1/Vitis/lnx64/tools/clang-3.9-csynth/bin/llvm-link /home/cs2401.03/mini1-gemm/build/hls/hls/.autopilot/db/kernel.g.bc -o /home/cs2401.03/mini1-gemm/build/hls/hls/.autopilot/db/a.g.ld.0.bc > /home/cs2401.03/mini1-gemm/build/hls/hls/.autopilot/db/a.g.ld.0.bc.llvm-link.out.log 2> /home/cs2401.03/mini1-gemm/build/hls/hls/.autopilot/db/a.g.ld.0.bc.llvm-link.err.log
Execute       run_link_or_opt -opt -out /home/cs2401.03/mini1-gemm/build/hls/hls/.autopilot/db/a.g.ld.1.lower.bc -args /home/cs2401.03/mini1-gemm/build/hls/hls/.autopilot/db/a.g.ld.0.bc -reflow-lower-math-intrinsics 
INFO-FLOW: run_clang exec: /home/Xilinx/2025.1/Vitis/lnx64/tools/clang-3.9-csynth/bin/opt -pass-remarks-missed=reflow|pasta|unroll|inline -pass-remarks=reflow|pasta|unroll|inline -pass-remarks-output=/home/cs2401.03/mini1-gemm/build/hls/hls/.autopilot/db/a.g.ld.1.lower.bc.opt.diag.yml /home/cs2401.03/mini1-gemm/build/hls/hls/.autopilot/db/a.g.ld.0.bc -reflow-lower-math-intrinsics -o /home/cs2401.03/mini1-gemm/build/hls/hls/.autopilot/db/a.g.ld.1.lower.bc > /home/cs2401.03/mini1-gemm/build/hls/hls/.autopilot/db/a.g.ld.1.lower.bc.opt.out.log 2> /home/cs2401.03/mini1-gemm/build/hls/hls/.autopilot/db/a.g.ld.1.lower.bc.opt.err.log
INFO-FLOW: Running: gen_design_size_report post-opt
INFO-FLOW: Done: gen_design_size_report post-opt time: 0 seconds per iteration
INFO-FLOW: Linking math bc lib
Execute       run_link_or_opt -out /home/cs2401.03/mini1-gemm/build/hls/hls/.autopilot/db/a.g.ld.2.m1.bc -args /home/cs2401.03/mini1-gemm/build/hls/hls/.autopilot/db/a.g.ld.1.lower.bc -only-needed /home/Xilinx/2025.1/Vitis/lnx64/lib/libhlsm_39.bc /home/Xilinx/2025.1/Vitis/lnx64/lib/libhlsmc++_39.bc 
INFO-FLOW: run_clang exec: /home/Xilinx/2025.1/Vitis/lnx64/tools/clang-3.9-csynth/bin/llvm-link /home/cs2401.03/mini1-gemm/build/hls/hls/.autopilot/db/a.g.ld.1.lower.bc -only-needed /home/Xilinx/2025.1/Vitis/lnx64/lib/libhlsm_39.bc /home/Xilinx/2025.1/Vitis/lnx64/lib/libhlsmc++_39.bc -o /home/cs2401.03/mini1-gemm/build/hls/hls/.autopilot/db/a.g.ld.2.m1.bc > /home/cs2401.03/mini1-gemm/build/hls/hls/.autopilot/db/a.g.ld.2.m1.bc.llvm-link.out.log 2> /home/cs2401.03/mini1-gemm/build/hls/hls/.autopilot/db/a.g.ld.2.m1.bc.llvm-link.err.log
Command       run_link_or_opt done; 1.6 sec.
Execute       run_link_or_opt -opt -out /home/cs2401.03/mini1-gemm/build/hls/hls/.autopilot/db/a.g.ld.3.fpc.bc -args /home/cs2401.03/mini1-gemm/build/hls/hls/.autopilot/db/a.g.ld.2.m1.bc -reflow-globaldce -hls-top-function-name=gemm -reflow-float-conversion 
INFO-FLOW: run_clang exec: /home/Xilinx/2025.1/Vitis/lnx64/tools/clang-3.9-csynth/bin/opt -pass-remarks-missed=reflow|pasta|unroll|inline -pass-remarks=reflow|pasta|unroll|inline -pass-remarks-output=/home/cs2401.03/mini1-gemm/build/hls/hls/.autopilot/db/a.g.ld.3.fpc.bc.opt.diag.yml /home/cs2401.03/mini1-gemm/build/hls/hls/.autopilot/db/a.g.ld.2.m1.bc -reflow-globaldce -hls-top-function-name=gemm -reflow-float-conversion -o /home/cs2401.03/mini1-gemm/build/hls/hls/.autopilot/db/a.g.ld.3.fpc.bc > /home/cs2401.03/mini1-gemm/build/hls/hls/.autopilot/db/a.g.ld.3.fpc.bc.opt.out.log 2> /home/cs2401.03/mini1-gemm/build/hls/hls/.autopilot/db/a.g.ld.3.fpc.bc.opt.err.log
INFO-FLOW: Running: gen_design_size_report post-opt
INFO-FLOW: Done: gen_design_size_report post-opt time: 0 seconds per iteration
Command       run_link_or_opt done; 0.64 sec.
Execute       run_link_or_opt -out /home/cs2401.03/mini1-gemm/build/hls/hls/.autopilot/db/a.g.ld.4.m2.bc -args /home/cs2401.03/mini1-gemm/build/hls/hls/.autopilot/db/a.g.ld.3.fpc.bc -only-needed /home/Xilinx/2025.1/Vitis/lnx64/lib/libfloatconversion_39.bc 
INFO-FLOW: run_clang exec: /home/Xilinx/2025.1/Vitis/lnx64/tools/clang-3.9-csynth/bin/llvm-link /home/cs2401.03/mini1-gemm/build/hls/hls/.autopilot/db/a.g.ld.3.fpc.bc -only-needed /home/Xilinx/2025.1/Vitis/lnx64/lib/libfloatconversion_39.bc -o /home/cs2401.03/mini1-gemm/build/hls/hls/.autopilot/db/a.g.ld.4.m2.bc > /home/cs2401.03/mini1-gemm/build/hls/hls/.autopilot/db/a.g.ld.4.m2.bc.llvm-link.out.log 2> /home/cs2401.03/mini1-gemm/build/hls/hls/.autopilot/db/a.g.ld.4.m2.bc.llvm-link.err.log
Execute       run_link_or_opt -opt -out /home/cs2401.03/mini1-gemm/build/hls/hls/.autopilot/db/a.g.ld.5.gdce.bc -args /home/cs2401.03/mini1-gemm/build/hls/hls/.autopilot/db/a.g.ld.4.m2.bc -reflow-globaldce -hls-top-function-name=gemm 
INFO-FLOW: run_clang exec: /home/Xilinx/2025.1/Vitis/lnx64/tools/clang-3.9-csynth/bin/opt -pass-remarks-missed=reflow|pasta|unroll|inline -pass-remarks=reflow|pasta|unroll|inline -pass-remarks-output=/home/cs2401.03/mini1-gemm/build/hls/hls/.autopilot/db/a.g.ld.5.gdce.bc.opt.diag.yml /home/cs2401.03/mini1-gemm/build/hls/hls/.autopilot/db/a.g.ld.4.m2.bc -reflow-globaldce -hls-top-function-name=gemm -o /home/cs2401.03/mini1-gemm/build/hls/hls/.autopilot/db/a.g.ld.5.gdce.bc > /home/cs2401.03/mini1-gemm/build/hls/hls/.autopilot/db/a.g.ld.5.gdce.bc.opt.out.log 2> /home/cs2401.03/mini1-gemm/build/hls/hls/.autopilot/db/a.g.ld.5.gdce.bc.opt.err.log
INFO-FLOW: Running: gen_design_size_report post-opt
INFO-FLOW: Done: gen_design_size_report post-opt time: 0 seconds per iteration
Execute       send_msg_by_id INFO @200-777@%s Vitis 
INFO: [HLS 200-777] Using interface defaults for 'Vitis' flow target.
Execute       is_m_axi_addr64 
INFO-FLOW: Doing LTO.
INFO-FLOW: run_clang (background poll_ms 5000) exec: /home/Xilinx/2025.1/Vitis/lnx64/tools/clang-3.9-csynth/bin/clang -foptimization-record-file=/home/cs2401.03/mini1-gemm/build/hls/hls/.autopilot/db/a.g.ld.0.bc.clang.reflow.diag.yml -mllvm -pass-remarks-missed=reflow|pasta|unroll|inline -mllvm -pass-remarks=reflow|pasta|unroll|inline -fhls -mllvm -hls-top-function-name=gemm -mllvm -hls-db-dir -mllvm /home/cs2401.03/mini1-gemm/build/hls/hls/.autopilot/db -emit-llvm -c -target fpga64-xilinx-none -mllvm -xcl-xmlinfo=/home/cs2401.03/mini1-gemm/build/hls/hls/.autopilot/db/../../kernel.xml -mllvm -top-io-mapping-info=/home/cs2401.03/mini1-gemm/build/hls/hls/.autopilot/db/top-io-fe.xml -mllvm -hls-bitcode-version=3.1 -mllvm -reflow-enable-slave-interface-default-setting=true -mllvm -gen-kernel-xml=true -mllvm -default-maxi-offset=slave -mllvm -reflow-unroll-size-threshold=10000 -mllvm -reflow-unroll-cost-threshold=1000000 -mllvm -maxi-latency=64 -mllvm -hls-maxi-data-size-in-bits=8 -mllvm -hls-maxi-max-data-size-in-bits=1024 -mllvm -hls-max-widen-size-in-bits=512 -mllvm -xcl-kernel-max-mem-ports=0 -mllvm -maxi-read-trans=16 -mllvm -maxi-write-trans=16 -mllvm -maxi-read-burst-len=16 -mllvm -maxi-write-burst-len=16 -mllvm -reflow-enable-saxi-64bits=0 -mllvm -reflow-basic-block-instr-threshold=200000 -mllvm -reflow-auto-pipeline-threshold=64 -mllvm -reflow-enable-maxi-auto-id-channel=0 -mllvm -reflow-bdd-simplify-threshold=1048576 -mllvm -reflow-fanout-threshold=16 -mllvm -reflow-force-aggressive-unroll=0 -mllvm -reflow-aggressive-unroll-adjust-factor=1.000000 -mllvm -reflow-complete-threshold=4 -mllvm -reflow-array-promotion-threshold=64 -mllvm -reflow-enable-critical-path-for-performance=1 -mllvm -assume-maxi-align=64 -mllvm -reflow-enable-dataflow-strict-mode-checking=1 -ftime-report -mllvm -time-passes -mllvm -reflow-auto-array-partition-mode=default -mllvm -reflow-enable-auto-small-array-partition=true -mllvm -reflow-enable-auto-array-promotion=true -mllvm -reflow-enable-auto-array-partition-for-flatten=true -mllvm -reflow-enable-auto-parallel-performance-driven=true -mllvm -reflow-enable-partition-for-automation=true -mllvm -reflow-aggregate-bitwidth-threshold=4096 -mllvm -reflow-reserved-saxilite-registers=0 -mllvm -enable-reflow-auto-loop-pipeline -mllvm -reflow-max-unroll-threshold=409600 -mllvm -auto-unroll-tripcount-threshold=0 -mllvm -reflow-assume-no-address-wrap=true -mllvm -reflow-enable-occurrence-inference=true -mllvm -reflow-emit-hint-scope=true -mllvm -reflow-enable-codegen-with-if=true -mllvm -reflow-enable-dataflow-canon=true -mllvm -reflow-enable-dataflow-canon2=true -mllvm -reflow-dump-extra-complexity-metric=true -mllvm -hls -mllvm -disable-inlined-alloca-merging=true -mllvm -enable-reflow-vitis-flow-setting=true -mllvm -default-clock-period=3.33 -mllvm -use_read_first_ram_in_loop=1 -mllvm -default-clock-uncertainty=0.899 -x ir /home/cs2401.03/mini1-gemm/build/hls/hls/.autopilot/db/a.g.ld.5.gdce.bc -o /home/cs2401.03/mini1-gemm/build/hls/hls/.autopilot/db/a.g.lto.bc -hls-platform-db-name=/home/Xilinx/2025.1/Vitis/common/technology/xilinx/common/platform.db -hls-platform-name=virtexuplus_medium -device-resource-info=BRAM_2688.000000_DSP_5952.000000_FF_1743360.000000_LUT_871680.000000_SLICE_108960.000000_SLR_2.000000_URAM_640.000000 -device-name-info=xcu50-fsvh2104-2-e 2> /home/cs2401.03/mini1-gemm/build/hls/hls/.autopilot/db/a.g.ld.0.bc.clang.reflow.err.log bg_poll_cmd: ::AP::poll_clang_39_closed_source
Execute       send_msg_by_id INFO @200-1995@%s%s%s 59 Compile/Link (/home/cs2401.03/mini1-gemm/build/hls/hls/syn/report/csynth_design_size.rpt:2) 
INFO: [HLS 200-1995] There were 59 instructions in the design after the 'Compile/Link' phase of compilation. See the Design Size Report for more details (/home/cs2401.03/mini1-gemm/build/hls/hls/syn/report/csynth_design_size.rpt:2)
Execute       send_msg_by_id INFO @200-1995@%s%s%s 66 Unroll/Inline (step 1) (/home/cs2401.03/mini1-gemm/build/hls/hls/syn/report/csynth_design_size.rpt:2) 
INFO: [HLS 200-1995] There were 66 instructions in the design after the 'Unroll/Inline (step 1)' phase of compilation. See the Design Size Report for more details (/home/cs2401.03/mini1-gemm/build/hls/hls/syn/report/csynth_design_size.rpt:2)
Execute       send_msg_by_id INFO @200-1995@%s%s%s 50 Unroll/Inline (step 2) (/home/cs2401.03/mini1-gemm/build/hls/hls/syn/report/csynth_design_size.rpt:2) 
INFO: [HLS 200-1995] There were 50 instructions in the design after the 'Unroll/Inline (step 2)' phase of compilation. See the Design Size Report for more details (/home/cs2401.03/mini1-gemm/build/hls/hls/syn/report/csynth_design_size.rpt:2)
Execute       send_msg_by_id INFO @200-1995@%s%s%s 60 Unroll/Inline (step 3) (/home/cs2401.03/mini1-gemm/build/hls/hls/syn/report/csynth_design_size.rpt:2) 
INFO: [HLS 200-1995] There were 60 instructions in the design after the 'Unroll/Inline (step 3)' phase of compilation. See the Design Size Report for more details (/home/cs2401.03/mini1-gemm/build/hls/hls/syn/report/csynth_design_size.rpt:2)
Execute       send_msg_by_id INFO @200-1995@%s%s%s 60 Unroll/Inline (step 4) (/home/cs2401.03/mini1-gemm/build/hls/hls/syn/report/csynth_design_size.rpt:2) 
INFO: [HLS 200-1995] There were 60 instructions in the design after the 'Unroll/Inline (step 4)' phase of compilation. See the Design Size Report for more details (/home/cs2401.03/mini1-gemm/build/hls/hls/syn/report/csynth_design_size.rpt:2)
Execute       send_msg_by_id INFO @200-1995@%s%s%s 60 Array/Struct (step 1) (/home/cs2401.03/mini1-gemm/build/hls/hls/syn/report/csynth_design_size.rpt:2) 
INFO: [HLS 200-1995] There were 60 instructions in the design after the 'Array/Struct (step 1)' phase of compilation. See the Design Size Report for more details (/home/cs2401.03/mini1-gemm/build/hls/hls/syn/report/csynth_design_size.rpt:2)
Execute       send_msg_by_id INFO @200-1995@%s%s%s 60 Array/Struct (step 2) (/home/cs2401.03/mini1-gemm/build/hls/hls/syn/report/csynth_design_size.rpt:2) 
INFO: [HLS 200-1995] There were 60 instructions in the design after the 'Array/Struct (step 2)' phase of compilation. See the Design Size Report for more details (/home/cs2401.03/mini1-gemm/build/hls/hls/syn/report/csynth_design_size.rpt:2)
Execute       send_msg_by_id INFO @200-1995@%s%s%s 60 Array/Struct (step 3) (/home/cs2401.03/mini1-gemm/build/hls/hls/syn/report/csynth_design_size.rpt:2) 
INFO: [HLS 200-1995] There were 60 instructions in the design after the 'Array/Struct (step 3)' phase of compilation. See the Design Size Report for more details (/home/cs2401.03/mini1-gemm/build/hls/hls/syn/report/csynth_design_size.rpt:2)
Execute       send_msg_by_id INFO @200-1995@%s%s%s 60 Array/Struct (step 4) (/home/cs2401.03/mini1-gemm/build/hls/hls/syn/report/csynth_design_size.rpt:2) 
INFO: [HLS 200-1995] There were 60 instructions in the design after the 'Array/Struct (step 4)' phase of compilation. See the Design Size Report for more details (/home/cs2401.03/mini1-gemm/build/hls/hls/syn/report/csynth_design_size.rpt:2)
Execute       send_msg_by_id INFO @200-1995@%s%s%s 71 Array/Struct (step 5) (/home/cs2401.03/mini1-gemm/build/hls/hls/syn/report/csynth_design_size.rpt:2) 
INFO: [HLS 200-1995] There were 71 instructions in the design after the 'Array/Struct (step 5)' phase of compilation. See the Design Size Report for more details (/home/cs2401.03/mini1-gemm/build/hls/hls/syn/report/csynth_design_size.rpt:2)
Execute       send_msg_by_id INFO @200-1995@%s%s%s 70 Performance (step 1) (/home/cs2401.03/mini1-gemm/build/hls/hls/syn/report/csynth_design_size.rpt:2) 
INFO: [HLS 200-1995] There were 70 instructions in the design after the 'Performance (step 1)' phase of compilation. See the Design Size Report for more details (/home/cs2401.03/mini1-gemm/build/hls/hls/syn/report/csynth_design_size.rpt:2)
Execute       send_msg_by_id INFO @200-1995@%s%s%s 69 Performance (step 2) (/home/cs2401.03/mini1-gemm/build/hls/hls/syn/report/csynth_design_size.rpt:2) 
INFO: [HLS 200-1995] There were 69 instructions in the design after the 'Performance (step 2)' phase of compilation. See the Design Size Report for more details (/home/cs2401.03/mini1-gemm/build/hls/hls/syn/report/csynth_design_size.rpt:2)
Execute       send_msg_by_id INFO @200-1995@%s%s%s 68 Performance (step 3) (/home/cs2401.03/mini1-gemm/build/hls/hls/syn/report/csynth_design_size.rpt:2) 
INFO: [HLS 200-1995] There were 68 instructions in the design after the 'Performance (step 3)' phase of compilation. See the Design Size Report for more details (/home/cs2401.03/mini1-gemm/build/hls/hls/syn/report/csynth_design_size.rpt:2)
Execute       send_msg_by_id INFO @200-1995@%s%s%s 68 Performance (step 4) (/home/cs2401.03/mini1-gemm/build/hls/hls/syn/report/csynth_design_size.rpt:2) 
INFO: [HLS 200-1995] There were 68 instructions in the design after the 'Performance (step 4)' phase of compilation. See the Design Size Report for more details (/home/cs2401.03/mini1-gemm/build/hls/hls/syn/report/csynth_design_size.rpt:2)
Execute       send_msg_by_id INFO @200-1995@%s%s%s 85 HW Transforms (step 1) (/home/cs2401.03/mini1-gemm/build/hls/hls/syn/report/csynth_design_size.rpt:2) 
INFO: [HLS 200-1995] There were 85 instructions in the design after the 'HW Transforms (step 1)' phase of compilation. See the Design Size Report for more details (/home/cs2401.03/mini1-gemm/build/hls/hls/syn/report/csynth_design_size.rpt:2)
Execute       send_msg_by_id INFO @200-1995@%s%s%s 85 HW Transforms (step 2) (/home/cs2401.03/mini1-gemm/build/hls/hls/syn/report/csynth_design_size.rpt:2) 
INFO: [HLS 200-1995] There were 85 instructions in the design after the 'HW Transforms (step 2)' phase of compilation. See the Design Size Report for more details (/home/cs2401.03/mini1-gemm/build/hls/hls/syn/report/csynth_design_size.rpt:2)
INFO: [HLS 214-376] automatically set the pipeline for Loop< VITIS_LOOP_33_3> at ../src/kernel.cpp:33:30 
INFO: [HLS 214-115] Multiple burst writes of variable length and bit width 32 has been inferred on bundle 'gmem2'. These burst requests might be further partitioned into multiple requests during RTL generation, based on max_read_burst_length or max_write_burst_length settings. (../src/kernel.cpp:30:19)
INFO: [HLS 214-115] Multiple burst reads of variable length and bit width 32 in loop 'VITIS_LOOP_33_3'(../src/kernel.cpp:33:30) has been inferred on bundle 'gmem0'. These burst requests might be further partitioned into multiple requests during RTL generation, based on max_read_burst_length or max_write_burst_length settings. (../src/kernel.cpp:33:30)
INFO-FLOW: DBG:PUTS: copy_raw_kernel_xml ap_link_39: copying raw kernel.xml: /home/cs2401.03/mini1-gemm/build/hls/hls/.autopilot/db/../../kernel.xml -> /home/cs2401.03/mini1-gemm/build/hls/hls/.autopilot/db/kernel.internal.xml
INFO: [HLS 200-111] Finished Compiling Optimization and Transform: CPU user time: 2.46 seconds. CPU system time: 0.37 seconds. Elapsed time: 7.58 seconds; current allocated memory: 473.625 MB.
INFO: [HLS 200-111] Finished Checking Pragmas: CPU user time: 0 seconds. CPU system time: 0 seconds. Elapsed time: 0 seconds; current allocated memory: 473.625 MB.
Execute       opt_and_import_c a -opt_level=2 -skip_syncheck=0 -ng=0 -keep_printf=0 
Execute         cleanup_all_models 
INFO: [HLS 200-10] Starting code transformations ...
INFO-FLOW: Running Standard Transforms...
Execute         transform -hls -share-std-xform -demangle-name -inline-byval-memcpy -always-inline -promote-dbg-pointer -interface-preproc -mem2reg -scalarrepl -mem2reg -keep-read-access -instcombine -dce -promote-dbg-pointer -bitop-raise -loop-simplify -indvarspre -indvars -loop-simplify -constprop -instcombine -simplifycfg -indvars -simplifycfg -dce -globaldce -basicaa -simplifycfg -mem2reg -globalopt -global-constprop -deadargelim -instcombine -simplifycfg -scalarrepl -instcombine -reassociate -licm -simplifycfg -loop-simplify -indvars -instcombine -simplifycfg -mem2reg -loop-simplify -indvars -instcombine -gvn -gvn -instcombine -adce -break-crit-edges -simplifycfg -loop-delete -global-array-opt -dce -dse -adce -find-syn-modules -top gemm -deadargelim -mem2reg -instcombine -dce -presyn-prepare -interface-preproc -syn-check -check-rec-only -find-region -simplifycfg -func-extr -function-inline -globaldce -mem2reg -instcombine -dce -gvn -globaldce -adce -adse -constprop -instcombine -bit-constprop -instcombine -dce -simplifycfg -bitop-raise -simplifycfg -dce -loop-delete -reassociate -globalopt -global-privatize -mem2reg -dce -global-constprop -pointer-simplify -constprop -dce -promote-dbg-pointer -norm-name /home/cs2401.03/mini1-gemm/build/hls/hls/.autopilot/db/a.g.0.bc -o /home/cs2401.03/mini1-gemm/build/hls/hls/.autopilot/db/a.g.1.bc -f -phase std-opt 
INFO: [HLS 200-111] Finished Standard Transforms: CPU user time: 0.01 seconds. CPU system time: 0 seconds. Elapsed time: 0.01 seconds; current allocated memory: 473.746 MB.
INFO: [HLS 200-10] Checking synthesizability ...
INFO-FLOW: Checking Synthesizability 1/2..
Execute         transform -hls -syn-check -check-rec-only -scalarrepl -norm-name -dce -mem2reg -instcombine -directive-preproc -mem2reg -dse -dce -dce -pag -array-normalize -instcombine -dce -array-seg-normalize -instcombine -dce -data-pack -instcombine -dce -inst-simplify -array-flatten -instcombine -dce -array-burst -dce -deadargelim -promote-global-argument -simplifycfg -mem2reg -globaldce -dce -deadargelim -dce -instcombine -function-inline -globaldce -dce -doublePtrSimplify -doublePtrElim -dce -doublePtrSimplify -promote-dbg-pointer -dce -scalarrepl -dse -adse -instcombine -ptrLegalization -simplifycfg -dce -instcombine -pointer-simplify -ptrArgReplace -dce -instcombine -resolve-double-ptr -scalarrepl -norm-name -dce -mem2reg -instcombine -ptrLegalization -simplifycfg -deadargelim -instcombine -dce -inst-simplify -directive-preproc -mem2reg -dse -dce -globaldce /home/cs2401.03/mini1-gemm/build/hls/hls/.autopilot/db/a.g.1.bc -o /home/cs2401.03/mini1-gemm/build/hls/hls/.autopilot/db/a.g.2.prechk.bc -f 
INFO-FLOW: Checking Synthesizability 2/2..
Execute         transform -syn-check /home/cs2401.03/mini1-gemm/build/hls/hls/.autopilot/db/a.g.2.prechk.bc -o /home/cs2401.03/mini1-gemm/build/hls/hls/.autopilot/db/a.g.2.bc -f -phase syn-check 
INFO: [HLS 200-111] Finished Checking Synthesizability: CPU user time: 0.01 seconds. CPU system time: 0 seconds. Elapsed time: 0.01 seconds; current allocated memory: 473.746 MB.
INFO-FLOW: Compiler optimizing ...
INFO-FLOW: Share syncheck's 1.bc for syn flow: copy /home/cs2401.03/mini1-gemm/build/hls/hls/.autopilot/db/a.g.1.bc to /home/cs2401.03/mini1-gemm/build/hls/hls/.autopilot/db/a.o.1.bc
INFO-FLOW: Presyn 1...
Execute         transform -hls -tmp /home/cs2401.03/mini1-gemm/build/hls/hls/.autopilot/db -interface-port-rename -directive-preproc -mem2reg -dse -dce -scalarrepl -norm-name -deadargelim -dce -hls-dead-arg-elim -deadargelim -mem2reg -instcombine -dce -simplifycfg -dce -resource-proc -clib-intrinsic-prepare -dce -func-buffer -dce -pag -array-normalize -func-legal -instcombine -gvn -constprop -dce -simplifycfg -mem2reg -globaldce -resolve-double-ptr -dce -deadargelim -dce -instcombine -ptrArgReplace -mem2reg -dce -array-seg-normalize -deadargelim -instcombine -dce -directive-preproc -mem2reg -dse -dce -pointer-simplify -dce -port-alignment -dce -interface-preproc -data-pack -instcombine -dce -basicaa -aggr-aa -aggrmodref-aa -aggr-aa -gvn -gvn -basicaa -aggr-aa -aggrmodref-aa -aggr-aa -dse -adse -adce -loop-simplify -indvars -instcombine -gvn -loop-simplify -mem2reg -dce -find-region -instcombine -inst-simplify -interface-preproc -cfgopt -instcombine -indvars -loop-simplify -loop-bound -constprop -instcombine -simplifycfg -indvars -simplifycfg -dce -globaldce -clean-region -attach-range -gvn -inst-simplify -constprop -simplifycfg -dce -pointer-simplify -dce -globalopt -constprop -dce -ptrArgReplace -mem2reg -simplifycfg -dce -instcombine -dce -array-transform-check -array-reshape -instcombine -simplifycfg -dce -ptrArgReplace -deadargelim -mem2reg -instcombine -simplifycfg -dce -indvars -loop-simplify -loop-bound -constprop -instcombine -simplifycfg -indvars -simplifycfg -dce -globaldce -basicaa -aggr-aa -aggrmodref-aa -aggr-aa -dse -duplicate-dataflow-processes -globaldce -instcombine -array-partition -prepare-dynamic-array-partition -instcombine -simplifycfg -dce -ptrArgReplace -global-constprop -deadargelim -mem2reg -func-legal -dce -global-constprop -deadargelim -mem2reg -simplifycfg -dce -merge-param -deadargelim -globalopt -constprop -dce -ptrArgReplace -mem2reg -simplifycfg -dce -mem-intrinsic-preproc -dce -global-internalize -global-privatize -mem2reg -globaldce -lcssa -loop-simplify -phi-select-elim -promote-global-argument -ptrArgReplace -mem2reg -dce -globalopt -mergereturn -simplify-global-access -mem2reg -dce -pointer-simplify -dce -basicaa -aggr-aa -aggrmodref-aa -aggr-aa -functionattrs -basicaa -aggr-aa -aggrmodref-aa -aggr-aa -gvn -gvn -basicaa -aggr-aa -aggrmodref-aa -aggr-aa -dse -adse -adce -dce -norm-name -basicaa -aggr-aa -aggrmodref-aa -aggr-aa -accesses-merge -function-inline -complex-op-raise -inst-simplify -globaldce -func-legal -dce -loop-bound -arraycheck -bitwidthmin2 -bitwidthmin2 -on-by-dataflow -loop-delete -instcombine -simplifycfg -globaldce -dce -gvn -deadargelim -dce -loop-simplify -clean-region -simplifycfg -propagate-stable-arguments -instcombine -simplifycfg -dce -globaldce -duplicate-dataflow-processes -stream-intrinsic-preproc -dce -check-ap-stream -loop-simplify -eliminate-keepreads -extract-dataflow-in-loop -loop-simplify -dce -gvn -deadargelim -dse -duplicate-dataflow-processes -check-dataflow-syntax -legalize-stream-variable -globaldce -extract-subproc -global-constprop -deadargelim -globaldce -legalize-global -dce -dead-channel-elimination -canonicalize-gep -globaldce -dce -gvn -hls-dead-arg-elim -deadargelim -canonicalize-dataflow -directive-preproc -dce -globaldce -scalar-preprocessing -scalar-propagation2 -scalar-stream -deadargelim -globaldce -mem2reg -check-dataflow-channels -function-stream -dce -globaldce -prop-fifo-spec -internal-stream-gen -canonicalize-gep -globaldce -dce -gvn -deadargelim -mergereturn -indvars -loop-simplify -instcombine -array-stream -array-seg-normalize -array-partition -clean-array-spec -func-legal -instcombine -simplifycfg -dce -bundle-memfifo-ops -deadargelim -directive-preproc -mem2reg -dse -dce -group-axi-access -licm -simplifycfg -dce -loop-delete -hls-display -norm-name /home/cs2401.03/mini1-gemm/build/hls/hls/.autopilot/db/a.o.1.bc -o /home/cs2401.03/mini1-gemm/build/hls/hls/.autopilot/db/a.o.1.tmp.bc -f 
INFO-FLOW: Presyn 2...
Execute         transform -hls -keep-callgraph -scalarrepl -mem2reg -port-alignment -attach-range -dce -pipe-mux-gen -indvars -loop-bound -inst-simplify -instcombine -dce -merge-array-access -mem2reg -dce -clean-region -mergereturn -if-conv -instcombine -dce -constprop -basicaa -aggr-aa -aggrmodref-aa -aggr-aa -gvn -gvn -basicaa -aggr-aa -aggrmodref-aa -aggr-aa -dse -adse -adce -scalarrepl -mem2reg -global-constprop -deadargelim -deadargelim -instcombine -dce -simplifycfg -ptrArgReplace -mem2reg -function-inline -globaldce -mem2reg -instcombine -dce -expr-balance -instcombine -dce -bitwidthmin2 -bitwidthmin2 -interface-preproc -directive-preproc -inst-rectify -instcombine -dce -basicaa -aggr-aa -aggrmodref-aa -aggr-aa -functionattrs -constprop -instcombine -bit-constprop -simplify-global-access -globalopt -globaldce -inst-simplify -instcombine -elimdeaddata -dce -loop-delete -simplifycfg -loop-simplify -barrier -norm-name /home/cs2401.03/mini1-gemm/build/hls/hls/.autopilot/db/a.o.1.tmp.bc -o /home/cs2401.03/mini1-gemm/build/hls/hls/.autopilot/db/a.o.2.bc -f -phase presyn 
INFO: [HLS 200-111] Finished Loop, function and other optimizations: CPU user time: 0.03 seconds. CPU system time: 0.01 seconds. Elapsed time: 0.05 seconds; current allocated memory: 495.219 MB.
Execute         transform -hls -auto-function-inline -globaldce -ptrArgReplace -mem2reg -dce -reset-lda -loop-simplify -indvars -aggr-aa -licm -loop-dep -loop-bound -licm -loop-simplify -loop-sink-hoist -flattenloopnest -array-flatten -gvn -instcombine -dce -array-map -dce -func-legal -gvn -adce -instcombine -cfgopt -simplifycfg-lite -loop-simplify -array-burst -promote-global-argument -dce -array-seg-normalize -basicaa -aggrmodref-aa -globalsmodref-aa -aggr-aa -gvn -gvn -basicaa -aggrmodref-aa -globalsmodref-aa -aggr-aa -dse -adse -adce -licm -inst-simplify -dce -globaldce -instcombine -array-stream -eliminate-keepreads -instcombine -dce -deadargelim -doublePtrSimplify -doublePtrElim -dce -doublePtrSimplify -promote-dbg-pointer -dce -scalarrepl -mem2reg -norm-name -mem2reg -instcombine -dse -adse -adce -ptrLegalization -dce -array-flatten -dce -instcombine -check-doubleptr -loop-rot -constprop -inst-simplify -cfgopt -simplifycfg-lite -loop-simplify -indvars -pointer-simplify -dce -loop-bound -loop-simplify -loop-preproc -constprop -global-constprop -gvn -mem2reg -instcombine -dce -loop-bound -loop-merge -dce -deadargelim -dce -canonicalize-dataflow -dce -deadargelim -globaldce -mem2reg -bram-byte-enable -inst-simplify -inst-rectify -instcombine -adce -deadargelim -load-elim -read-loop-dep -loop-simplify -loop-rewind-sink-hoist -loop-outline -hls-dead-arg-elim -directive-preproc -bitwidthmin2 -bitwidthmin2 -read-loop-dep -interface-preproc -directive-preproc -interface-gen -bram-byte-enable-spec-prop -mul2addshift -deadargelim -inst-simplify -dce -mem2reg -instcombine -gvn -dce -adse -loop-bound -instcombine -cfgopt -simplifycfg-lite -loop-simplify -clean-region -io-protocol -find-region -mem2reg -bitop-raise -complex-op-raise -inst-simplify -inst-rectify -instcombine -gvn -adce -deadargelim -float-op-raise -loop-simplify -phi-opt -bitop-raise -cfgopt -simplifycfg-lite -strip-dead-prototypes -interface-lower -bitop-lower -intrinsic-lower -auto-function-inline -basicaa -aggrmodref-aa -globalsmodref-aa -aggr-aa -inst-simplify -simplifycfg-lite -loop-simplify -mergereturn -inst-simplify -inst-rectify -globaldce -dce -load-elim -bitop-lower -float-op-raise -fma-raise -loop-rewind -pointer-simplify -dce -cfgopt -dce -loop-bound -loop-dep -read-loop-dep -dce -dyn-mem-reuse -dce -recurrence-min -dce -share-scalar-alloca -deadargelim -dce -check-stream -norm-name -legalize -inst-clarity -bitwidth -dce -validate-dataflow -dump-loop-dep-to-ir -check-all-ssdm -drop-inferred-ii -dump-complexity-metric /home/cs2401.03/mini1-gemm/build/hls/hls/.autopilot/db/a.o.2.bc -o /home/cs2401.03/mini1-gemm/build/hls/hls/.autopilot/db/a.o.3.bc -f -phase build-ssdm 
INFO: [HLS 200-2060] Failed to convert nested loops 'VITIS_LOOP_31_2'(../src/kernel.cpp:31:26) and 'VITIS_LOOP_33_3'(../src/kernel.cpp:33:30) in function 'gemm' into perfectly nested loops.
WARNING: [HLS 200-960] Cannot flatten loop 'VITIS_LOOP_31_2' (../src/kernel.cpp:31:26) in function 'gemm' the outer loop is not a perfect loop because there is nontrivial logic in the loop latch.
Execute           auto_get_db
INFO-FLOW: Building ssdm...
Execute         transform -hls -cdfg-build /home/cs2401.03/mini1-gemm/build/hls/hls/.autopilot/db/a.o.3.bc -o /home/cs2401.03/mini1-gemm/build/hls/hls/.autopilot/db/a.o.3.bc -f -phase build-ssdm 
INFO: [HLS 200-111] Finished Architecture Synthesis: CPU user time: 0.04 seconds. CPU system time: 0 seconds. Elapsed time: 0.04 seconds; current allocated memory: 495.504 MB.
INFO-FLOW: Finish building internal data model.
Command       opt_and_import_c done; 0.11 sec.
Command     elaborate done; 8.46 sec.
Execute     ap_eval exec zip -j /home/cs2401.03/mini1-gemm/build/hls/hls/.autopilot/db/dut.hcp $dbDir/a.o.3.bc $dbDir/${topname}.rtl_wrap.cfg.tcl $dbDir/apatb_${topname}.cpp $dbDir/apatb_${topname}_util.cpp $dbDir/apatb_${topname}_ir.ll $dbDir/mapper_${topname}.cpp $dbDir/top-io-fe.xml $dbDir/kernel.internal.xml $workdir/../hls.app 
Execute     autosyn -from_csynth_design=1 
INFO: [HLS 200-10] Starting hardware synthesis ...
INFO-FLOW: Synthesizing C/C++ design ...
INFO: [HLS 200-10] Synthesizing 'gemm' ...
Execute       ap_set_top_model gemm 
Execute       get_model_list gemm -filter all-wo-channel -topdown 
Execute       preproc_iomode -model gemm 
Execute       preproc_iomode -model gemm_Pipeline_VITIS_LOOP_33_3 
Execute       get_model_list gemm -filter all-wo-channel 
INFO-FLOW: Model list for configure: gemm_Pipeline_VITIS_LOOP_33_3 gemm
INFO-FLOW: Configuring Module : gemm_Pipeline_VITIS_LOOP_33_3 ...
Execute       set_default_model gemm_Pipeline_VITIS_LOOP_33_3 
Execute       apply_spec_resource_limit gemm_Pipeline_VITIS_LOOP_33_3 
INFO-FLOW: Configuring Module : gemm ...
Execute       set_default_model gemm 
Execute       apply_spec_resource_limit gemm 
INFO-FLOW: Model list for preprocess: gemm_Pipeline_VITIS_LOOP_33_3 gemm
INFO-FLOW: Preprocessing Module: gemm_Pipeline_VITIS_LOOP_33_3 ...
Execute       set_default_model gemm_Pipeline_VITIS_LOOP_33_3 
Execute       cdfg_preprocess -model gemm_Pipeline_VITIS_LOOP_33_3 
Execute       rtl_gen_preprocess gemm_Pipeline_VITIS_LOOP_33_3 
INFO-FLOW: Preprocessing Module: gemm ...
Execute       set_default_model gemm 
Execute       cdfg_preprocess -model gemm 
Execute       rtl_gen_preprocess gemm 
INFO-FLOW: Model list for synthesis: gemm_Pipeline_VITIS_LOOP_33_3 gemm
INFO: [HLS 200-10] ----------------------------------------------------------------
INFO: [HLS 200-42] -- Implementing module 'gemm_Pipeline_VITIS_LOOP_33_3' 
INFO: [HLS 200-10] ----------------------------------------------------------------
Execute       set_default_model gemm_Pipeline_VITIS_LOOP_33_3 
Execute       schedule -model gemm_Pipeline_VITIS_LOOP_33_3 
INFO: [SCHED 204-11] Starting scheduling ...
INFO: [SCHED 204-61] Pipelining loop 'VITIS_LOOP_33_3'.
WARNING: [HLS 200-880] The II Violation in module 'gemm_Pipeline_VITIS_LOOP_33_3' (loop 'VITIS_LOOP_33_3'): Unable to enforce a carried dependence constraint (II = 1, distance = 1, offset = 1) between 'store' operation 0 bit ('acc_write_ln32', ../src/kernel.cpp:32) of variable 'acc', ../src/kernel.cpp:34 on local variable 'acc', ../src/kernel.cpp:32 and 'fadd' operation 32 bit ('acc', ../src/kernel.cpp:34).
WARNING: [HLS 200-880] The II Violation in module 'gemm_Pipeline_VITIS_LOOP_33_3' (loop 'VITIS_LOOP_33_3'): Unable to enforce a carried dependence constraint (II = 2, distance = 1, offset = 1) between 'store' operation 0 bit ('acc_write_ln32', ../src/kernel.cpp:32) of variable 'acc', ../src/kernel.cpp:34 on local variable 'acc', ../src/kernel.cpp:32 and 'fadd' operation 32 bit ('acc', ../src/kernel.cpp:34).
WARNING: [HLS 200-880] The II Violation in module 'gemm_Pipeline_VITIS_LOOP_33_3' (loop 'VITIS_LOOP_33_3'): Unable to enforce a carried dependence constraint (II = 3, distance = 1, offset = 1) between 'store' operation 0 bit ('acc_write_ln32', ../src/kernel.cpp:32) of variable 'acc', ../src/kernel.cpp:34 on local variable 'acc', ../src/kernel.cpp:32 and 'fadd' operation 32 bit ('acc', ../src/kernel.cpp:34).
WARNING: [HLS 200-880] The II Violation in module 'gemm_Pipeline_VITIS_LOOP_33_3' (loop 'VITIS_LOOP_33_3'): Unable to enforce a carried dependence constraint (II = 4, distance = 1, offset = 1) between 'store' operation 0 bit ('acc_write_ln32', ../src/kernel.cpp:32) of variable 'acc', ../src/kernel.cpp:34 on local variable 'acc', ../src/kernel.cpp:32 and 'fadd' operation 32 bit ('acc', ../src/kernel.cpp:34).
WARNING: [HLS 200-880] The II Violation in module 'gemm_Pipeline_VITIS_LOOP_33_3' (loop 'VITIS_LOOP_33_3'): Unable to enforce a carried dependence constraint (II = 7, distance = 1, offset = 1) between 'store' operation 0 bit ('acc_write_ln32', ../src/kernel.cpp:32) of variable 'acc', ../src/kernel.cpp:34 on local variable 'acc', ../src/kernel.cpp:32 and 'fadd' operation 32 bit ('acc', ../src/kernel.cpp:34).
INFO: [HLS 200-1470] Pipelining result : Target II = NA, Final II = 8, Depth = 86, loop 'VITIS_LOOP_33_3'
INFO: [SCHED 204-11] Finished scheduling.
INFO: [HLS 200-111] Finished Scheduling: CPU user time: 0.07 seconds. CPU system time: 0.03 seconds. Elapsed time: 0.09 seconds; current allocated memory: 496.477 MB.
Execute       syn_report -verbosereport -o /home/cs2401.03/mini1-gemm/build/hls/hls/.autopilot/db/gemm_Pipeline_VITIS_LOOP_33_3.verbose.sched.rpt 
Execute         list_part -family xcu50-fsvh2104-2-e 
Execute           ap_family_info -name xcu50-fsvh2104-2-e -data names 
Execute           ap_part_info -quiet -name xcu50-fsvh2104-2-e -data family 
Execute       db_write -o /home/cs2401.03/mini1-gemm/build/hls/hls/.autopilot/db/gemm_Pipeline_VITIS_LOOP_33_3.sched.adb -f 
INFO-FLOW: Finish scheduling gemm_Pipeline_VITIS_LOOP_33_3.
Execute       set_default_model gemm_Pipeline_VITIS_LOOP_33_3 
Execute       bind -model gemm_Pipeline_VITIS_LOOP_33_3 
INFO: [BIND 205-100] Starting micro-architecture generation ...
INFO: [BIND 205-101] Performing variable lifetime analysis.
INFO: [BIND 205-101] Exploring resource sharing.
INFO: [BIND 205-101] Binding ...
INFO: [BIND 205-100] Finished micro-architecture generation.
INFO: [HLS 200-111] Finished Binding: CPU user time: 0.02 seconds. CPU system time: 0.03 seconds. Elapsed time: 0.05 seconds; current allocated memory: 496.477 MB.
Execute       syn_report -verbosereport -o /home/cs2401.03/mini1-gemm/build/hls/hls/.autopilot/db/gemm_Pipeline_VITIS_LOOP_33_3.verbose.bind.rpt 
Execute         list_part -family xcu50-fsvh2104-2-e 
Execute           ap_family_info -name xcu50-fsvh2104-2-e -data names 
Execute           ap_part_info -quiet -name xcu50-fsvh2104-2-e -data family 
Execute       db_write -o /home/cs2401.03/mini1-gemm/build/hls/hls/.autopilot/db/gemm_Pipeline_VITIS_LOOP_33_3.bind.adb -f 
INFO-FLOW: Finish binding gemm_Pipeline_VITIS_LOOP_33_3.
INFO: [HLS 200-10] ----------------------------------------------------------------
INFO: [HLS 200-42] -- Implementing module 'gemm' 
INFO: [HLS 200-10] ----------------------------------------------------------------
Execute       set_default_model gemm 
Execute       schedule -model gemm 
INFO: [SCHED 204-11] Starting scheduling ...
INFO: [SCHED 204-11] Finished scheduling.
INFO: [HLS 200-111] Finished Scheduling: CPU user time: 0.05 seconds. CPU system time: 0 seconds. Elapsed time: 0.05 seconds; current allocated memory: 496.500 MB.
Execute       syn_report -verbosereport -o /home/cs2401.03/mini1-gemm/build/hls/hls/.autopilot/db/gemm.verbose.sched.rpt 
Execute         list_part -family xcu50-fsvh2104-2-e 
Execute           ap_family_info -name xcu50-fsvh2104-2-e -data names 
Execute           ap_part_info -quiet -name xcu50-fsvh2104-2-e -data family 
Execute       db_write -o /home/cs2401.03/mini1-gemm/build/hls/hls/.autopilot/db/gemm.sched.adb -f 
INFO-FLOW: Finish scheduling gemm.
Execute       set_default_model gemm 
Execute       bind -model gemm 
INFO: [BIND 205-100] Starting micro-architecture generation ...
INFO: [BIND 205-101] Performing variable lifetime analysis.
INFO: [BIND 205-101] Exploring resource sharing.
INFO: [BIND 205-101] Binding ...
INFO: [BIND 205-100] Finished micro-architecture generation.
INFO: [HLS 200-111] Finished Binding: CPU user time: 0.03 seconds. CPU system time: 0.01 seconds. Elapsed time: 0.04 seconds; current allocated memory: 496.500 MB.
Execute       syn_report -verbosereport -o /home/cs2401.03/mini1-gemm/build/hls/hls/.autopilot/db/gemm.verbose.bind.rpt 
Execute         list_part -family xcu50-fsvh2104-2-e 
Execute           ap_family_info -name xcu50-fsvh2104-2-e -data names 
Execute           ap_part_info -quiet -name xcu50-fsvh2104-2-e -data family 
Execute       db_write -o /home/cs2401.03/mini1-gemm/build/hls/hls/.autopilot/db/gemm.bind.adb -f 
INFO-FLOW: Finish binding gemm.
Execute       get_model_list gemm -filter all-wo-channel 
INFO-FLOW: Preprocessing for RTLGen ...
Execute       rtl_gen_preprocess gemm_Pipeline_VITIS_LOOP_33_3 
Execute       rtl_gen_preprocess gemm 
INFO-FLOW: Model list for RTL generation: gemm_Pipeline_VITIS_LOOP_33_3 gemm
INFO: [HLS 200-10] ----------------------------------------------------------------
INFO: [HLS 200-10] -- Generating RTL for module 'gemm_Pipeline_VITIS_LOOP_33_3' 
INFO: [HLS 200-10] ----------------------------------------------------------------
Execute       create_rtl_model gemm_Pipeline_VITIS_LOOP_33_3 -top_prefix gemm_ -sub_prefix gemm_ -mg_file /home/cs2401.03/mini1-gemm/build/hls/hls/.autopilot/db/gemm_Pipeline_VITIS_LOOP_33_3.compgen.tcl 
INFO: [HLS 200-1030] Apply Unified Pipeline Control on module 'gemm_Pipeline_VITIS_LOOP_33_3' pipeline 'VITIS_LOOP_33_3' pipeline type 'loop pipeline'
WARNING: [RTGEN 206-101] Setting dangling out port 'gemm_Pipeline_VITIS_LOOP_33_3/m_axi_gmem0_0_ARVALID' to 0.
WARNING: [RTGEN 206-101] Setting dangling out port 'gemm_Pipeline_VITIS_LOOP_33_3/m_axi_gmem0_0_ARADDR' to 0.
WARNING: [RTGEN 206-101] Setting dangling out port 'gemm_Pipeline_VITIS_LOOP_33_3/m_axi_gmem0_0_ARID' to 0.
WARNING: [RTGEN 206-101] Setting dangling out port 'gemm_Pipeline_VITIS_LOOP_33_3/m_axi_gmem0_0_ARLEN' to 0.
WARNING: [RTGEN 206-101] Setting dangling out port 'gemm_Pipeline_VITIS_LOOP_33_3/m_axi_gmem0_0_ARSIZE' to 0.
WARNING: [RTGEN 206-101] Setting dangling out port 'gemm_Pipeline_VITIS_LOOP_33_3/m_axi_gmem0_0_ARBURST' to 0.
WARNING: [RTGEN 206-101] Setting dangling out port 'gemm_Pipeline_VITIS_LOOP_33_3/m_axi_gmem0_0_ARLOCK' to 0.
WARNING: [RTGEN 206-101] Setting dangling out port 'gemm_Pipeline_VITIS_LOOP_33_3/m_axi_gmem0_0_ARCACHE' to 0.
WARNING: [RTGEN 206-101] Setting dangling out port 'gemm_Pipeline_VITIS_LOOP_33_3/m_axi_gmem0_0_ARPROT' to 0.
WARNING: [RTGEN 206-101] Setting dangling out port 'gemm_Pipeline_VITIS_LOOP_33_3/m_axi_gmem0_0_ARQOS' to 0.
WARNING: [RTGEN 206-101] Setting dangling out port 'gemm_Pipeline_VITIS_LOOP_33_3/m_axi_gmem0_0_ARREGION' to 0.
WARNING: [RTGEN 206-101] Setting dangling out port 'gemm_Pipeline_VITIS_LOOP_33_3/m_axi_gmem0_0_ARUSER' to 0.
INFO: [RTGEN 206-100] Generating core module 'fadd_32ns_32ns_32_7_full_dsp_1': 1 instance(s).
INFO: [RTGEN 206-100] Generating core module 'fmul_32ns_32ns_32_4_max_dsp_1': 1 instance(s).
INFO: [RTGEN 206-100] Finished creating RTL model for 'gemm_Pipeline_VITIS_LOOP_33_3'.
INFO: [HLS 200-111] Finished Creating RTL model: CPU user time: 0.07 seconds. CPU system time: 0 seconds. Elapsed time: 0.07 seconds; current allocated memory: 496.500 MB.
Execute       source /home/cs2401.03/mini1-gemm/build/hls/hls/.autopilot/db/gemm.rtl_wrap.cfg.tcl 
Execute       gen_rtl gemm_Pipeline_VITIS_LOOP_33_3 -style xilinx -f -lang vhdl -o /home/cs2401.03/mini1-gemm/build/hls/hls/syn/vhdl/gemm_gemm_Pipeline_VITIS_LOOP_33_3 
Execute       gen_rtl gemm_Pipeline_VITIS_LOOP_33_3 -style xilinx -f -lang vlog -o /home/cs2401.03/mini1-gemm/build/hls/hls/syn/verilog/gemm_gemm_Pipeline_VITIS_LOOP_33_3 
Execute       syn_report -csynth -model gemm_Pipeline_VITIS_LOOP_33_3 -o /home/cs2401.03/mini1-gemm/build/hls/hls/syn/report/gemm_Pipeline_VITIS_LOOP_33_3_csynth.rpt 
Execute         list_part -family xcu50-fsvh2104-2-e 
Execute           ap_family_info -name xcu50-fsvh2104-2-e -data names 
Execute           ap_part_info -quiet -name xcu50-fsvh2104-2-e -data family 
Execute       syn_report -rtlxml -model gemm_Pipeline_VITIS_LOOP_33_3 -o /home/cs2401.03/mini1-gemm/build/hls/hls/syn/report/gemm_Pipeline_VITIS_LOOP_33_3_csynth.xml 
Execute         list_part -family xcu50-fsvh2104-2-e 
Execute           ap_family_info -name xcu50-fsvh2104-2-e -data names 
Execute           ap_part_info -quiet -name xcu50-fsvh2104-2-e -data family 
Execute       syn_report -verbosereport -model gemm_Pipeline_VITIS_LOOP_33_3 -o /home/cs2401.03/mini1-gemm/build/hls/hls/.autopilot/db/gemm_Pipeline_VITIS_LOOP_33_3.verbose.rpt 
Execute         list_part -family xcu50-fsvh2104-2-e 
Execute           ap_family_info -name xcu50-fsvh2104-2-e -data names 
Execute           ap_part_info -quiet -name xcu50-fsvh2104-2-e -data family 
Execute       db_write -model gemm_Pipeline_VITIS_LOOP_33_3 -f -o /home/cs2401.03/mini1-gemm/build/hls/hls/.autopilot/db/gemm_Pipeline_VITIS_LOOP_33_3.adb 
Execute       db_write -model gemm_Pipeline_VITIS_LOOP_33_3 -bindview -o /home/cs2401.03/mini1-gemm/build/hls/hls/.autopilot/db/design.bindinfo.xml 
Execute       gen_tb_info gemm_Pipeline_VITIS_LOOP_33_3 -p /home/cs2401.03/mini1-gemm/build/hls/hls/.autopilot/db -o /home/cs2401.03/mini1-gemm/build/hls/hls/.autopilot/db/gemm_Pipeline_VITIS_LOOP_33_3 
INFO: [HLS 200-10] ----------------------------------------------------------------
INFO: [HLS 200-10] -- Generating RTL for module 'gemm' 
INFO: [HLS 200-10] ----------------------------------------------------------------
Execute       create_rtl_model gemm -top_prefix  -sub_prefix gemm_ -mg_file /home/cs2401.03/mini1-gemm/build/hls/hls/.autopilot/db/gemm.compgen.tcl 
WARNING: [RTGEN 206-101] Design contains AXI ports. Reset is fixed to synchronous and active low.
INFO: [RTGEN 206-500] Setting interface mode on port 'gemm/gmem0' to 'm_axi'.
INFO: [RTGEN 206-500] Setting interface mode on port 'gemm/gmem1' to 'm_axi'.
INFO: [RTGEN 206-500] Setting interface mode on port 'gemm/gmem2' to 'm_axi'.
INFO: [RTGEN 206-500] Setting interface mode on port 'gemm/A' to 's_axilite & ap_none'.
INFO: [RTGEN 206-500] Setting interface mode on port 'gemm/B' to 's_axilite & ap_none'.
INFO: [RTGEN 206-500] Setting interface mode on port 'gemm/C' to 's_axilite & ap_none'.
INFO: [RTGEN 206-500] Setting interface mode on port 'gemm/M' to 's_axilite & ap_none'.
INFO: [RTGEN 206-500] Setting interface mode on port 'gemm/K' to 's_axilite & ap_none'.
INFO: [RTGEN 206-500] Setting interface mode on port 'gemm/N' to 's_axilite & ap_none'.
INFO: [RTGEN 206-500] Setting interface mode on function 'gemm' to 's_axilite & ap_ctrl_chain'.
INFO: [RTGEN 206-100] Bundling port 'A', 'B', 'C', 'M', 'K', 'N' and 'return' to AXI-Lite port control.
INFO: [RTGEN 206-100] Generating core module 'mul_32ns_32ns_63_2_1': 1 instance(s).
INFO: [RTGEN 206-100] Finished creating RTL model for 'gemm'.
INFO: [HLS 200-111] Finished Creating RTL model: CPU user time: 0.12 seconds. CPU system time: 0.01 seconds. Elapsed time: 0.14 seconds; current allocated memory: 501.297 MB.
Execute       source /home/cs2401.03/mini1-gemm/build/hls/hls/.autopilot/db/gemm.rtl_wrap.cfg.tcl 
Execute       gen_rtl gemm -istop -style xilinx -f -lang vhdl -o /home/cs2401.03/mini1-gemm/build/hls/hls/syn/vhdl/gemm 
Execute       gen_rtl gemm -istop -style xilinx -f -lang vlog -o /home/cs2401.03/mini1-gemm/build/hls/hls/syn/verilog/gemm 
Execute       syn_report -csynth -model gemm -o /home/cs2401.03/mini1-gemm/build/hls/hls/syn/report/gemm_csynth.rpt 
Execute         list_part -family xcu50-fsvh2104-2-e 
Execute           ap_family_info -name xcu50-fsvh2104-2-e -data names 
Execute           ap_part_info -quiet -name xcu50-fsvh2104-2-e -data family 
Execute       syn_report -rtlxml -model gemm -o /home/cs2401.03/mini1-gemm/build/hls/hls/syn/report/gemm_csynth.xml 
Execute         list_part -family xcu50-fsvh2104-2-e 
Execute           ap_family_info -name xcu50-fsvh2104-2-e -data names 
Execute           ap_part_info -quiet -name xcu50-fsvh2104-2-e -data family 
Execute       syn_report -verbosereport -model gemm -o /home/cs2401.03/mini1-gemm/build/hls/hls/.autopilot/db/gemm.verbose.rpt 
Execute         list_part -family xcu50-fsvh2104-2-e 
Execute           ap_family_info -name xcu50-fsvh2104-2-e -data names 
Execute           ap_part_info -quiet -name xcu50-fsvh2104-2-e -data family 
Execute       db_write -model gemm -f -o /home/cs2401.03/mini1-gemm/build/hls/hls/.autopilot/db/gemm.adb 
Execute       db_write -model gemm -bindview -o /home/cs2401.03/mini1-gemm/build/hls/hls/.autopilot/db/design.bindinfo.xml 
Execute       gen_tb_info gemm -p /home/cs2401.03/mini1-gemm/build/hls/hls/.autopilot/db -o /home/cs2401.03/mini1-gemm/build/hls/hls/.autopilot/db/gemm 
Execute       export_constraint_db -f -tool general -o /home/cs2401.03/mini1-gemm/build/hls/hls/.autopilot/db/gemm.constraint.tcl 
Execute       syn_report -designview -model gemm -o /home/cs2401.03/mini1-gemm/build/hls/hls/.autopilot/db/gemm.design.xml 
Execute       syn_report -csynthDesign -model gemm -o /home/cs2401.03/mini1-gemm/build/hls/hls/syn/report/csynth.rpt -MHOut /home/cs2401.03/mini1-gemm/build/hls/hls/.autopilot/db/kernel_module_hierarchy.tcl 
Execute         list_part -family xcu50-fsvh2104-2-e 
Execute           ap_family_info -name xcu50-fsvh2104-2-e -data names 
Execute           ap_part_info -quiet -name xcu50-fsvh2104-2-e -data family 
Execute       syn_report -wcfg -model gemm -o /home/cs2401.03/mini1-gemm/build/hls/hls/.autopilot/db/gemm_dataflow_ana.wcfg 
Execute       syn_report -protoinst -model gemm -o /home/cs2401.03/mini1-gemm/build/hls/hls/.autopilot/db/gemm.protoinst 
Execute       sc_get_clocks gemm 
Execute       sc_get_portdomain gemm 
INFO-FLOW: Model list for RTL component generation: gemm_Pipeline_VITIS_LOOP_33_3 gemm
INFO-FLOW: Handling components in module [gemm_Pipeline_VITIS_LOOP_33_3] ... 
Execute       source /home/cs2401.03/mini1-gemm/build/hls/hls/.autopilot/db/gemm_Pipeline_VITIS_LOOP_33_3.compgen.tcl 
INFO-FLOW: Found component gemm_fadd_32ns_32ns_32_7_full_dsp_1.
INFO-FLOW: Append model gemm_fadd_32ns_32ns_32_7_full_dsp_1
INFO-FLOW: Found component gemm_fmul_32ns_32ns_32_4_max_dsp_1.
INFO-FLOW: Append model gemm_fmul_32ns_32ns_32_4_max_dsp_1
INFO-FLOW: Found component gemm_flow_control_loop_pipe_sequential_init.
INFO-FLOW: Append model gemm_flow_control_loop_pipe_sequential_init
INFO-FLOW: Handling components in module [gemm] ... 
Execute       source /home/cs2401.03/mini1-gemm/build/hls/hls/.autopilot/db/gemm.compgen.tcl 
INFO-FLOW: Found component gemm_mul_32ns_32ns_63_2_1.
INFO-FLOW: Append model gemm_mul_32ns_32ns_63_2_1
INFO-FLOW: Found component gemm_gmem0_m_axi.
INFO-FLOW: Append model gemm_gmem0_m_axi
INFO-FLOW: Found component gemm_gmem1_m_axi.
INFO-FLOW: Append model gemm_gmem1_m_axi
INFO-FLOW: Found component gemm_gmem2_m_axi.
INFO-FLOW: Append model gemm_gmem2_m_axi
INFO-FLOW: Found component gemm_control_s_axi.
INFO-FLOW: Append model gemm_control_s_axi
INFO-FLOW: Append model gemm_Pipeline_VITIS_LOOP_33_3
INFO-FLOW: Append model gemm
INFO-FLOW: Generating RTL model list ...
INFO-FLOW: All models in this session: gemm_fadd_32ns_32ns_32_7_full_dsp_1 gemm_fmul_32ns_32ns_32_4_max_dsp_1 gemm_flow_control_loop_pipe_sequential_init gemm_mul_32ns_32ns_63_2_1 gemm_gmem0_m_axi gemm_gmem1_m_axi gemm_gmem2_m_axi gemm_control_s_axi gemm_Pipeline_VITIS_LOOP_33_3 gemm
INFO-FLOW: Generating /home/cs2401.03/mini1-gemm/build/hls/hls/.autopilot/db/autopilot.rtl.models.txt file...
INFO-FLOW: To file: write model gemm_fadd_32ns_32ns_32_7_full_dsp_1
INFO-FLOW: To file: write model gemm_fmul_32ns_32ns_32_4_max_dsp_1
INFO-FLOW: To file: write model gemm_flow_control_loop_pipe_sequential_init
INFO-FLOW: To file: write model gemm_mul_32ns_32ns_63_2_1
INFO-FLOW: To file: write model gemm_gmem0_m_axi
INFO-FLOW: To file: write model gemm_gmem1_m_axi
INFO-FLOW: To file: write model gemm_gmem2_m_axi
INFO-FLOW: To file: write model gemm_control_s_axi
INFO-FLOW: To file: write model gemm_Pipeline_VITIS_LOOP_33_3
INFO-FLOW: To file: write model gemm
INFO-FLOW: Generating /home/cs2401.03/mini1-gemm/build/hls/hls/.autopilot/db/autopilot.rtl.models.tcl file...
INFO-FLOW: Finished generating RTL model list.


INFO-FLOW: RTL Generation done.
INFO-FLOW: CAS Generation done.
INFO-FLOW: CBC Generation done.
INFO-FLOW: DBG:PROC: ::AESL_AUTOMG::auto_generate_csynth_design
INFO-FLOW: DBG:PUTS: read_platform_lib /home/cs2401.03/mini1-gemm/build/hls/hls/.autopilot/db/global.setting.tcl
Execute       source /home/Xilinx/2025.1/Vitis/common/technology/generic/autopilot/common.gen 
Execute         source /home/Xilinx/2025.1/Vitis/common/technology/generic/autopilot/APCoreGen.gen 
Execute       source /home/Xilinx/2025.1/Vitis/common/technology/generic/autopilot/op.gen 
Execute       source /home/Xilinx/2025.1/Vitis/common/technology/generic/autopilot/op_simcore.gen 
Execute       source /home/Xilinx/2025.1/Vitis/common/technology/generic/autopilot/interface.gen 
Execute       source /home/cs2401.03/mini1-gemm/build/hls/hls/.autopilot/db/global.setting.tcl 
Execute       source /home/Xilinx/2025.1/Vitis/common/technology/xilinx/common/xilinx.gen 
Execute         source /home/Xilinx/2025.1/Vitis/common/technology/xilinx/interface/plb46.gen 
Execute         source /home/Xilinx/2025.1/Vitis/common/technology/xilinx/interface/axi4.gen 
Execute         source /home/Xilinx/2025.1/Vitis/common/technology/xilinx/interface/nativeAXI4.gen 
Execute           source /home/Xilinx/2025.1/Vitis/common/technology/xilinx/interface/saxilite.gen 
Execute         source /home/Xilinx/2025.1/Vitis/common/technology/xilinx/scripts/xilinxcoregen.gen 
Execute         source /home/Xilinx/2025.1/Vitis/common/technology/xilinx/interface/XilEDKCoreGen.gen 
Execute         source /home/Xilinx/2025.1/Vitis/common/technology/xilinx/ip/xfir.gen 
Execute         source /home/Xilinx/2025.1/Vitis/common/technology/xilinx/ip/dds_compiler.gen 
Execute         source /home/Xilinx/2025.1/Vitis/common/technology/xilinx/ip/xfft.gen 
Execute         source /home/Xilinx/2025.1/Vitis/common/technology/xilinx/ip/util.gen 
Execute         source /home/Xilinx/2025.1/Vitis/common/technology/xilinx/DSP48/dsp48.gen 
INFO-FLOW: DBG:PUTS:   using AESL_AUTOCG::g_clock_period=3.330 (was NA)
INFO-FLOW: DBG:PROC: ::AESL_AUTOMG::generate_ip_cores gen_sim_model='1' gen_fp_models='0' gen_for_export='0' dstSCDir='' dstVhdlDir='/home/cs2401.03/mini1-gemm/build/hls/hls/.autopilot/db/vhdl' dstVlogDir='/home/cs2401.03/mini1-gemm/build/hls/hls/.autopilot/db/vlog' tclDir='/home/cs2401.03/mini1-gemm/build/hls/hls/.autopilot/db' modelList='gemm_fadd_32ns_32ns_32_7_full_dsp_1
gemm_fmul_32ns_32ns_32_4_max_dsp_1
gemm_flow_control_loop_pipe_sequential_init
gemm_mul_32ns_32ns_63_2_1
gemm_gmem0_m_axi
gemm_gmem1_m_axi
gemm_gmem2_m_axi
gemm_control_s_axi
gemm_Pipeline_VITIS_LOOP_33_3
gemm
' expOnly='0'
Execute       source /home/cs2401.03/mini1-gemm/build/hls/hls/.autopilot/db/global.setting.tcl 
Execute       ap_part_info -name xcu50-fsvh2104-2-e -data names -quiet 
Execute       ap_part_info -name xcu50-fsvh2104-2-e -data info -quiet 
Execute       source /home/cs2401.03/mini1-gemm/build/hls/hls/.autopilot/db/global.setting.tcl 
Execute       source /home/cs2401.03/mini1-gemm/build/hls/hls/.autopilot/db/global.setting.tcl 
Execute       source /home/cs2401.03/mini1-gemm/build/hls/hls/.autopilot/db/gemm_Pipeline_VITIS_LOOP_33_3.compgen.tcl 
Execute       source /home/cs2401.03/mini1-gemm/build/hls/hls/.autopilot/db/gemm.compgen.tcl 
Execute         source ./control.slave.tcl 
INFO: [HLS 200-111] Finished Generating all RTL models: CPU user time: 0.37 seconds. CPU system time: 0.03 seconds. Elapsed time: 0.43 seconds; current allocated memory: 505.043 MB.
INFO-FLOW: DBG:PROC: ::HLSREPORTS::create_csynth_xml bind_info_var='bind_info' RtlSubPrefix='gemm_' outfile=''
INFO-FLOW: Running: create_csynth_xml read xml data
INFO-FLOW: Done: create_csynth_xml read xml data time: 0 seconds per iteration
INFO-FLOW: Running: create_csynth_xml bind info
INFO-FLOW: Done: create_csynth_xml bind info time: 0 seconds per iteration
INFO-FLOW: Running: create_csynth_xml config info
INFO-FLOW: Done: create_csynth_xml config info time: 0.2 seconds per iteration
INFO-FLOW: Running: create_csynth_xml write xml
INFO-FLOW: Done: create_csynth_xml write xml time: 0 seconds per iteration
INFO-FLOW: DBG:PUTS:      create_csynth_xml wrote csynth_xml=/home/cs2401.03/mini1-gemm/build/hls/hls/syn/report/csynth.xml
INFO-FLOW: DBG:PROC: ::AP::DESIGN_DATA::generate_json generate_bd_files='0' generate_xo_files='0' modelList='gemm_fadd_32ns_32ns_32_7_full_dsp_1
gemm_fmul_32ns_32ns_32_4_max_dsp_1
gemm_flow_control_loop_pipe_sequential_init
gemm_mul_32ns_32ns_63_2_1
gemm_gmem0_m_axi
gemm_gmem1_m_axi
gemm_gmem2_m_axi
gemm_control_s_axi
gemm_Pipeline_VITIS_LOOP_33_3
gemm
' rtl_lang='both' bootstrap_tcl='false' outdir='' outfilename=''
Execute       source /home/cs2401.03/mini1-gemm/build/hls/hls/.autopilot/db/global.setting.tcl 
Execute       source /home/cs2401.03/mini1-gemm/build/hls/hls/.autopilot/db/global.setting.tcl 
Execute       source /home/cs2401.03/mini1-gemm/build/hls/hls/.autopilot/db/top-io-be.tcl 
Execute       source /home/cs2401.03/mini1-gemm/build/hls/hls/.autopilot/db/gemm.tbgen.tcl 
Execute       source /home/cs2401.03/mini1-gemm/build/hls/hls/.autopilot/db/gemm.compgen.dataonly.tcl 
Execute       source /home/cs2401.03/mini1-gemm/build/hls/hls/.autopilot/db/gemm.compgen.dataonly.tcl 
Execute       source /home/cs2401.03/mini1-gemm/build/hls/hls/.autopilot/db/gemm.rtl_wrap.cfg.tcl 
Execute       source /home/cs2401.03/mini1-gemm/build/hls/hls/.autopilot/db/gemm.compgen.dataonly.tcl 
Execute       source /home/cs2401.03/mini1-gemm/build/hls/hls/.autopilot/db/gemm_Pipeline_VITIS_LOOP_33_3.tbgen.tcl 
Execute       source /home/cs2401.03/mini1-gemm/build/hls/hls/.autopilot/db/gemm.tbgen.tcl 
Execute       source /home/cs2401.03/mini1-gemm/build/hls/hls/.autopilot/db/global.setting.tcl 
Execute       ap_part_info -name xcu50-fsvh2104-2-e -data names -quiet 
Execute       ap_part_info -name xcu50-fsvh2104-2-e -data info -quiet 
Execute       source /home/cs2401.03/mini1-gemm/build/hls/hls/.autopilot/db/gemm.constraint.tcl 
Execute       sc_get_clocks gemm 
Execute       source /home/cs2401.03/mini1-gemm/build/hls/hls/.autopilot/db/global.setting.tcl 
Execute       source /home/cs2401.03/mini1-gemm/build/hls/hls/impl/misc/gemm_fadd_32ns_32ns_32_7_full_dsp_1_ip.tcl 
Execute       source /home/cs2401.03/mini1-gemm/build/hls/hls/impl/misc/gemm_fmul_32ns_32ns_32_4_max_dsp_1_ip.tcl 
INFO-FLOW: DBG:PROC: ::HLSREPORTS::add_csynth_report_sections bind_info_dict='adapter_nodes {{BINDTYPE adapter ID {} IMPL {} LATENCY {} OPTYPE {} PRAGMA {} RTLNAME control_s_axi_U SOURCE {} VARIABLE {} LOOP {} BUNDLEDNAME control DSP 0 BRAM 0 URAM 0 STORAGESUBTYPE s_axilite STORAGESIZE {} STORAGEUSAGE interface DISPNAME {bind_adapter }} {BINDTYPE adapter ID {} IMPL {} LATENCY {} OPTYPE {} PRAGMA {} RTLNAME gmem0_m_axi_U SOURCE {} VARIABLE {} LOOP {} BUNDLEDNAME gmem0 DSP 0 BRAM 1 URAM 0 STORAGESUBTYPE m_axi STORAGESIZE {} STORAGEUSAGE interface DISPNAME {bind_adapter }} {BINDTYPE adapter ID {} IMPL {} LATENCY {} OPTYPE {} PRAGMA {} RTLNAME gmem1_m_axi_U SOURCE {} VARIABLE {} LOOP {} BUNDLEDNAME gmem1 DSP 0 BRAM 1 URAM 0 STORAGESUBTYPE m_axi STORAGESIZE {} STORAGEUSAGE interface DISPNAME {bind_adapter }} {BINDTYPE adapter ID {} IMPL {} LATENCY {} OPTYPE {} PRAGMA {} RTLNAME gmem2_m_axi_U SOURCE {} VARIABLE {} LOOP {} BUNDLEDNAME gmem2 DSP 0 BRAM 0 URAM 0 STORAGESUBTYPE m_axi STORAGESIZE {} STORAGEUSAGE interface DISPNAME {bind_adapter }}} cache_nodes {} report_dict {TOPINST gemm MODULE2INSTS {gemm gemm gemm_Pipeline_VITIS_LOOP_33_3 grp_gemm_Pipeline_VITIS_LOOP_33_3_fu_205} INST2MODULE {gemm gemm grp_gemm_Pipeline_VITIS_LOOP_33_3_fu_205 gemm_Pipeline_VITIS_LOOP_33_3} INSTDATA {gemm {DEPTH 1 CHILDREN grp_gemm_Pipeline_VITIS_LOOP_33_3_fu_205} grp_gemm_Pipeline_VITIS_LOOP_33_3_fu_205 {DEPTH 2 CHILDREN {}}} MODULEDATA {gemm_Pipeline_VITIS_LOOP_33_3 {BINDINFO {{BINDTYPE op ID {} IMPL auto LATENCY 0 OPTYPE setlt PRAGMA {} RTLNAME icmp_ln33_fu_194_p2 SOURCE ../src/kernel.cpp:33 VARIABLE icmp_ln33 LOOP VITIS_LOOP_33_3 BUNDLEDNAME {} DSP 0 BRAM 0 URAM 0 STORAGESUBTYPE {} DISPNAME {bind_op setlt} VISIBLE false} {BINDTYPE op ID {} IMPL fabric LATENCY 0 OPTYPE add PRAGMA {} RTLNAME add_ln33_fu_200_p2 SOURCE ../src/kernel.cpp:33 VARIABLE add_ln33 LOOP VITIS_LOOP_33_3 BUNDLEDNAME {} DSP 0 BRAM 0 URAM 0 STORAGESUBTYPE {} DISPNAME {bind_op add} VISIBLE true} {BINDTYPE op ID {} IMPL fabric LATENCY 0 OPTYPE add PRAGMA {} RTLNAME add_ln34_2_fu_214_p2 SOURCE ../src/kernel.cpp:34 VARIABLE add_ln34_2 LOOP VITIS_LOOP_33_3 BUNDLEDNAME {} DSP 0 BRAM 0 URAM 0 STORAGESUBTYPE {} DISPNAME {bind_op add} VISIBLE true} {BINDTYPE op ID {} IMPL fabric LATENCY 0 OPTYPE add PRAGMA {} RTLNAME add_ln34_fu_219_p2 SOURCE ../src/kernel.cpp:34 VARIABLE add_ln34 LOOP VITIS_LOOP_33_3 BUNDLEDNAME {} DSP 0 BRAM 0 URAM 0 STORAGESUBTYPE {} DISPNAME {bind_op add} VISIBLE true} {BINDTYPE op ID {} IMPL fabric LATENCY 0 OPTYPE add PRAGMA {} RTLNAME add_ln34_1_fu_232_p2 SOURCE ../src/kernel.cpp:34 VARIABLE add_ln34_1 LOOP VITIS_LOOP_33_3 BUNDLEDNAME {} DSP 0 BRAM 0 URAM 0 STORAGESUBTYPE {} DISPNAME {bind_op add} VISIBLE true} {BINDTYPE op ID {} IMPL maxdsp LATENCY 3 OPTYPE fmul PRAGMA {} RTLNAME fmul_32ns_32ns_32_4_max_dsp_1_U2 SOURCE ../src/kernel.cpp:34 VARIABLE mul LOOP VITIS_LOOP_33_3 BUNDLEDNAME {} DSP 3 BRAM 0 URAM 0 STORAGESUBTYPE {} DISPNAME {bind_op fmul} VISIBLE true} {BINDTYPE op ID {} IMPL fulldsp LATENCY 6 OPTYPE fadd PRAGMA {} RTLNAME fadd_32ns_32ns_32_7_full_dsp_1_U1 SOURCE ../src/kernel.cpp:34 VARIABLE acc_1 LOOP VITIS_LOOP_33_3 BUNDLEDNAME {} DSP 2 BRAM 0 URAM 0 STORAGESUBTYPE {} DISPNAME {bind_op fadd} VISIBLE true}} AREA {DSP 5 BRAM 0 URAM 0}} gemm {BINDINFO {{BINDTYPE op ID {} IMPL auto LATENCY 0 OPTYPE setgt PRAGMA {} RTLNAME icmp_ln30_fu_228_p2 SOURCE ../src/kernel.cpp:30 VARIABLE icmp_ln30 LOOP {} BUNDLEDNAME {} DSP 0 BRAM 0 URAM 0 STORAGESUBTYPE {} DISPNAME {bind_op setgt} VISIBLE false} {BINDTYPE op ID {} IMPL auto LATENCY 0 OPTYPE setgt PRAGMA {} RTLNAME cmp24_fu_234_p2 SOURCE {} VARIABLE cmp24 LOOP {} BUNDLEDNAME {} DSP 0 BRAM 0 URAM 0 STORAGESUBTYPE {} DISPNAME {bind_op setgt} VISIBLE false} {BINDTYPE op ID {} IMPL auto LATENCY 0 OPTYPE setgt PRAGMA {} RTLNAME cmp61_fu_291_p2 SOURCE {} VARIABLE cmp61 LOOP {} BUNDLEDNAME {} DSP 0 BRAM 0 URAM 0 STORAGESUBTYPE {} DISPNAME {bind_op setgt} VISIBLE false} {BINDTYPE op ID {} IMPL auto LATENCY 1 OPTYPE mul PRAGMA {} RTLNAME mul_32ns_32ns_63_2_1_U13 SOURCE ../src/kernel.cpp:30 VARIABLE mul_ln30 LOOP {} BUNDLEDNAME {} DSP 4 BRAM 0 URAM 0 STORAGESUBTYPE {} DISPNAME {bind_op mul} VISIBLE true} {BINDTYPE op ID {} IMPL auto_sel LATENCY 0 OPTYPE select PRAGMA {} RTLNAME select_ln30_fu_258_p3 SOURCE ../src/kernel.cpp:30 VARIABLE select_ln30 LOOP {} BUNDLEDNAME {} DSP 0 BRAM 0 URAM 0 STORAGESUBTYPE {} DISPNAME {bind_op select} VISIBLE false} {BINDTYPE op ID {} IMPL auto_sel LATENCY 0 OPTYPE select PRAGMA {} RTLNAME empty_26_fu_284_p3 SOURCE ../src/kernel.cpp:30 VARIABLE empty_26 LOOP {} BUNDLEDNAME {} DSP 0 BRAM 0 URAM 0 STORAGESUBTYPE {} DISPNAME {bind_op select} VISIBLE false} {BINDTYPE op ID {} IMPL auto_sel LATENCY 0 OPTYPE select PRAGMA {} RTLNAME empty_28_fu_305_p3 SOURCE {} VARIABLE empty_28 LOOP {} BUNDLEDNAME {} DSP 0 BRAM 0 URAM 0 STORAGESUBTYPE {} DISPNAME {bind_op select} VISIBLE false} {BINDTYPE op ID {} IMPL fabric LATENCY 0 OPTYPE add PRAGMA {} RTLNAME add_ln30_1_fu_327_p2 SOURCE ../src/kernel.cpp:30 VARIABLE add_ln30_1 LOOP VITIS_LOOP_30_1 BUNDLEDNAME {} DSP 0 BRAM 0 URAM 0 STORAGESUBTYPE {} DISPNAME {bind_op add} VISIBLE true} {BINDTYPE op ID {} IMPL auto LATENCY 0 OPTYPE setlt PRAGMA {} RTLNAME icmp_ln30_1_fu_336_p2 SOURCE ../src/kernel.cpp:30 VARIABLE icmp_ln30_1 LOOP VITIS_LOOP_30_1 BUNDLEDNAME {} DSP 0 BRAM 0 URAM 0 STORAGESUBTYPE {} DISPNAME {bind_op setlt} VISIBLE false} {BINDTYPE op ID {} IMPL fabric LATENCY 0 OPTYPE add PRAGMA {} RTLNAME add_ln30_fu_341_p2 SOURCE ../src/kernel.cpp:30 VARIABLE add_ln30 LOOP VITIS_LOOP_30_1 BUNDLEDNAME {} DSP 0 BRAM 0 URAM 0 STORAGESUBTYPE {} DISPNAME {bind_op add} VISIBLE true} {BINDTYPE op ID {} IMPL fabric LATENCY 0 OPTYPE add PRAGMA {} RTLNAME empty_29_fu_355_p2 SOURCE ../src/kernel.cpp:30 VARIABLE empty_29 LOOP VITIS_LOOP_30_1 BUNDLEDNAME {} DSP 0 BRAM 0 URAM 0 STORAGESUBTYPE {} DISPNAME {bind_op add} VISIBLE true} {BINDTYPE op ID {} IMPL auto LATENCY 0 OPTYPE setlt PRAGMA {} RTLNAME icmp_ln31_fu_384_p2 SOURCE ../src/kernel.cpp:31 VARIABLE icmp_ln31 LOOP VITIS_LOOP_31_2 BUNDLEDNAME {} DSP 0 BRAM 0 URAM 0 STORAGESUBTYPE {} DISPNAME {bind_op setlt} VISIBLE false} {BINDTYPE op ID {} IMPL fabric LATENCY 0 OPTYPE add PRAGMA {} RTLNAME add_ln31_fu_389_p2 SOURCE ../src/kernel.cpp:31 VARIABLE add_ln31 LOOP VITIS_LOOP_31_2 BUNDLEDNAME {} DSP 0 BRAM 0 URAM 0 STORAGESUBTYPE {} DISPNAME {bind_op add} VISIBLE true}} AREA {DSP 9 BRAM 2 URAM 0}}}}'
INFO-FLOW: DBG:PUTS:      update_csynth_reports json2rpt_hw_sw_interfaces
Execute       send_msg_by_id INFO @200-1603@%s  and missed bursts 
INFO: [HLS 200-1603] Design has inferred MAXI bursts and missed bursts, see Vitis HLS GUI synthesis summary report for detailed information.
INFO-FLOW: Running: gen_csynth_sec_pragma
INFO-FLOW: Done: gen_csynth_sec_pragma time: 0 seconds per iteration
INFO-FLOW: DBG:PUTS:      update_csynth_reports wrote xml
INFO-FLOW: DBG:PUTS:      update_csynth_reports appended to csynth rpt file
INFO: [HLS 200-111] Finished Updating report files: CPU user time: 0.56 seconds. CPU system time: 0.03 seconds. Elapsed time: 0.6 seconds; current allocated memory: 511.922 MB.
INFO: [VHDL 208-304] Generating VHDL RTL for gemm.
INFO: [VLOG 209-307] Generating Verilog RTL for gemm.
Execute       syn_report -model gemm -printsummary 
INFO: [HLS 200-790] **** Loop Constraint Status: All loop constraints were NOT satisfied.
INFO: [HLS 200-789] **** Estimated Fmax: 411.37 MHz
Command     autosyn done; 1.44 sec.
Command   csynth_design done; 10.11 sec.
Execute   export_design -flow none -format xo 
Execute     config_export -flow=none -format=xo 
INFO-FLOW: DBG:PUTS: export_design_wrap: -format xo -rtl verilog
Execute     source /home/cs2401.03/mini1-gemm/build/hls/hls/.autopilot/db/global.setting.tcl 
INFO-FLOW: DBG:PUTS:   auto_impl: pack: -export -rtl verilog
INFO-FLOW: DBG:PROC: ::AESL_AUTOIMPL::auto_impl args='-export -rtl verilog'
Execute     source /home/cs2401.03/mini1-gemm/build/hls/hls/.autopilot/db/global.setting.tcl 
INFO: [IMPL 213-8] Exporting RTL as a Vivado IP.
INFO-FLOW: DBG:PUTS: automg_wrap -export -pcore_version 1.00.a -rtl vlog -tool Vivado -impltomg_flag
INFO-FLOW: DBG:PROC: ::AESL_AUTOMG::auto_generate args='-export -pcore_version 1.00.a -rtl vlog -tool Vivado -impltomg_flag'
INFO-FLOW: DBG:PUTS:     auto_generate -export -pcore_version 1.00.a -rtl vlog -tool Vivado -impltomg_flag
Execute     source /home/cs2401.03/mini1-gemm/build/hls/hls/.autopilot/db/global.setting.tcl 
INFO-FLOW: DBG:PUTS: read_platform_lib /home/cs2401.03/mini1-gemm/build/hls/hls/.autopilot/db/global.setting.tcl
Execute     source /home/Xilinx/2025.1/Vitis/common/technology/generic/autopilot/common.gen 
Execute       source /home/Xilinx/2025.1/Vitis/common/technology/generic/autopilot/APCoreGen.gen 
Execute     source /home/Xilinx/2025.1/Vitis/common/technology/generic/autopilot/op.gen 
Execute     source /home/Xilinx/2025.1/Vitis/common/technology/generic/autopilot/op_simcore.gen 
Execute     source /home/Xilinx/2025.1/Vitis/common/technology/generic/autopilot/interface.gen 
Execute     source /home/cs2401.03/mini1-gemm/build/hls/hls/.autopilot/db/global.setting.tcl 
Execute     source /home/Xilinx/2025.1/Vitis/common/technology/xilinx/common/xilinx.gen 
Execute       source /home/Xilinx/2025.1/Vitis/common/technology/xilinx/interface/plb46.gen 
Execute       source /home/Xilinx/2025.1/Vitis/common/technology/xilinx/interface/axi4.gen 
Execute       source /home/Xilinx/2025.1/Vitis/common/technology/xilinx/interface/nativeAXI4.gen 
Execute         source /home/Xilinx/2025.1/Vitis/common/technology/xilinx/interface/saxilite.gen 
Execute       source /home/Xilinx/2025.1/Vitis/common/technology/xilinx/scripts/xilinxcoregen.gen 
Execute       source /home/Xilinx/2025.1/Vitis/common/technology/xilinx/interface/XilEDKCoreGen.gen 
Execute       source /home/Xilinx/2025.1/Vitis/common/technology/xilinx/ip/xfir.gen 
Execute       source /home/Xilinx/2025.1/Vitis/common/technology/xilinx/ip/dds_compiler.gen 
Execute       source /home/Xilinx/2025.1/Vitis/common/technology/xilinx/ip/xfft.gen 
Execute       source /home/Xilinx/2025.1/Vitis/common/technology/xilinx/ip/util.gen 
Execute       source /home/Xilinx/2025.1/Vitis/common/technology/xilinx/DSP48/dsp48.gen 
INFO-FLOW: DBG:PUTS:       initCTypeInfo top_module=gemm xml_exists=0
Execute     source /home/cs2401.03/mini1-gemm/build/hls/hls/.autopilot/db/gemm.rtl_wrap.cfg.tcl 
Execute     source /home/cs2401.03/mini1-gemm/build/hls/hls/.autopilot/db/gemm.rtl_wrap.cfg.tcl 
Execute     source /home/cs2401.03/mini1-gemm/build/hls/hls/.autopilot/db/gemm.rtl_wrap.cfg.tcl 
Execute     source /home/cs2401.03/mini1-gemm/build/hls/hls/.autopilot/db/gemm.tbgen.tcl 
Execute     source /home/cs2401.03/mini1-gemm/build/hls/hls/.autopilot/db/gemm.tbgen.tcl 
Execute     source /home/cs2401.03/mini1-gemm/build/hls/hls/.autopilot/db/gemm.tbgen.tcl 
Execute     source /home/cs2401.03/mini1-gemm/build/hls/hls/.autopilot/db/global.setting.tcl 
Execute     source /home/cs2401.03/mini1-gemm/build/hls/hls/.autopilot/db/gemm.tbgen.tcl 
Execute     source /home/cs2401.03/mini1-gemm/build/hls/hls/.autopilot/db/cosimDB.tcl 
INFO-FLOW: DBG:PUTS:       cosim_export_main adding deadlock detection to gemm
INFO-FLOW: DBG:PUTS:       generate_datafile_ip_script ip_types={vitis sysgen} #gSsdmPorts=0
INFO-FLOW: DBG:PUTS:       kernel.xml check internal_kernel_xml(1)=/home/cs2401.03/mini1-gemm/build/hls/hls/.autopilot/db/kernel.internal.xml top=gemm
INFO-FLOW: DBG:PUTS:       kernel.xml check proj_kernel_xml    (1)=/home/cs2401.03/mini1-gemm/build/hls/hls/.autopilot/db/../../kernel.xml
INFO-FLOW: DBG:PUTS:       copy internal kernel.xml to project: /home/cs2401.03/mini1-gemm/build/hls/hls/.autopilot/db/../../kernel.xml
INFO-FLOW: DBG:PUTS:       update_final_kernel_xml /home/cs2401.03/mini1-gemm/build/hls/hls/.autopilot/db/../../kernel.xml
INFO-FLOW: DBG:PUTS: Updating /home/cs2401.03/mini1-gemm/build/hls/hls/.autopilot/db/../../kernel.xml with values: interrupt true debug false compileOptions {} name gemm vlnv xilinx.com:hls:gemm:1.0 swReset false mailbox none countedAutoRestart 0 deadlockDetection local
INFO-FLOW: DBG:PUTS: Skipping loadAnalyze_DB, #g_database=9
INFO-FLOW: DBG:PUTS:       generate_json generate_bd_files=0 generate_xo_files=true #modelList=10 #gSsdmPorts=0
INFO-FLOW: DBG:PROC: ::AP::DESIGN_DATA::generate_json generate_bd_files='0' generate_xo_files='true' modelList='gemm_fadd_32ns_32ns_32_7_full_dsp_1
gemm_fmul_32ns_32ns_32_4_max_dsp_1
gemm_flow_control_loop_pipe_sequential_init
gemm_mul_32ns_32ns_63_2_1
gemm_gmem0_m_axi
gemm_gmem1_m_axi
gemm_gmem2_m_axi
gemm_control_s_axi
gemm_Pipeline_VITIS_LOOP_33_3
gemm
' rtl_lang='vlog' bootstrap_tcl='false' outdir='' outfilename=''
Execute     source /home/cs2401.03/mini1-gemm/build/hls/hls/.autopilot/db/global.setting.tcl 
Execute     source /home/cs2401.03/mini1-gemm/build/hls/hls/.autopilot/db/global.setting.tcl 
Execute     source /home/cs2401.03/mini1-gemm/build/hls/hls/.autopilot/db/top-io-be.tcl 
Execute     source /home/cs2401.03/mini1-gemm/build/hls/hls/.autopilot/db/gemm.tbgen.tcl 
Execute     source /home/cs2401.03/mini1-gemm/build/hls/hls/.autopilot/db/gemm.compgen.dataonly.tcl 
Execute     source /home/cs2401.03/mini1-gemm/build/hls/hls/.autopilot/db/gemm.compgen.dataonly.tcl 
Execute     source /home/cs2401.03/mini1-gemm/build/hls/hls/.autopilot/db/gemm.rtl_wrap.cfg.tcl 
Execute     source /home/cs2401.03/mini1-gemm/build/hls/hls/.autopilot/db/gemm.compgen.dataonly.tcl 
Execute     source /home/cs2401.03/mini1-gemm/build/hls/hls/.autopilot/db/gemm_Pipeline_VITIS_LOOP_33_3.tbgen.tcl 
Execute     source /home/cs2401.03/mini1-gemm/build/hls/hls/.autopilot/db/gemm.tbgen.tcl 
Execute     source /home/cs2401.03/mini1-gemm/build/hls/hls/.autopilot/db/global.setting.tcl 
Execute     ap_part_info -name xcu50-fsvh2104-2-e -data names -quiet 
Execute     ap_part_info -name xcu50-fsvh2104-2-e -data info -quiet 
Execute     source /home/cs2401.03/mini1-gemm/build/hls/hls/.autopilot/db/gemm.constraint.tcl 
Execute     sc_get_clocks gemm 
Execute     source /home/cs2401.03/mini1-gemm/build/hls/hls/.autopilot/db/global.setting.tcl 
Execute     source /home/cs2401.03/mini1-gemm/build/hls/hls/impl/misc/gemm_fadd_32ns_32ns_32_7_full_dsp_1_ip.tcl 
Execute     source /home/cs2401.03/mini1-gemm/build/hls/hls/impl/misc/gemm_fmul_32ns_32ns_32_4_max_dsp_1_ip.tcl 
INFO-FLOW: DBG:PUTS:       generate_syn_sh
Execute     ap_part_info -name xcu50-fsvh2104-2-e -data names -quiet 
Execute     ap_part_info -name xcu50-fsvh2104-2-e -data info -quiet 
Execute     source /home/cs2401.03/mini1-gemm/build/hls/hls/.autopilot/db/global.setting.tcl 
INFO-FLOW: DBG:PUTS:       generate_imp_constraints
Execute     ap_part_info -name xcu50-fsvh2104-2-e -data names -quiet 
Execute     ap_part_info -name xcu50-fsvh2104-2-e -data info -quiet 
Execute     source /home/cs2401.03/mini1-gemm/build/hls/hls/.autopilot/db/gemm.constraint.tcl 
Execute     source /home/cs2401.03/mini1-gemm/build/hls/hls/.autopilot/db/gemm.tbgen.tcl 
INFO-FLOW: DBG:PUTS:       delete-temp-dirs pwd=/home/cs2401.03/mini1-gemm/build/hls/hls
Execute     ap_part_info -name xcu50-fsvh2104-2-e -data names -quiet 
Execute     ap_part_info -name xcu50-fsvh2104-2-e -data info -quiet 
INFO-FLOW: DBG:PUTS: read_platform_lib /home/cs2401.03/mini1-gemm/build/hls/hls/.autopilot/db/global.setting.tcl
Execute     source /home/Xilinx/2025.1/Vitis/common/technology/generic/autopilot/common.gen 
Execute       source /home/Xilinx/2025.1/Vitis/common/technology/generic/autopilot/APCoreGen.gen 
Execute     source /home/Xilinx/2025.1/Vitis/common/technology/generic/autopilot/op.gen 
Execute     source /home/Xilinx/2025.1/Vitis/common/technology/generic/autopilot/op_simcore.gen 
Execute     source /home/Xilinx/2025.1/Vitis/common/technology/generic/autopilot/interface.gen 
Execute     source /home/cs2401.03/mini1-gemm/build/hls/hls/.autopilot/db/global.setting.tcl 
Execute     source /home/Xilinx/2025.1/Vitis/common/technology/xilinx/common/xilinx.gen 
Execute       source /home/Xilinx/2025.1/Vitis/common/technology/xilinx/interface/plb46.gen 
Execute       source /home/Xilinx/2025.1/Vitis/common/technology/xilinx/interface/axi4.gen 
Execute       source /home/Xilinx/2025.1/Vitis/common/technology/xilinx/interface/nativeAXI4.gen 
Execute         source /home/Xilinx/2025.1/Vitis/common/technology/xilinx/interface/saxilite.gen 
Execute       source /home/Xilinx/2025.1/Vitis/common/technology/xilinx/scripts/xilinxcoregen.gen 
Execute       source /home/Xilinx/2025.1/Vitis/common/technology/xilinx/interface/XilEDKCoreGen.gen 
Execute       source /home/Xilinx/2025.1/Vitis/common/technology/xilinx/ip/xfir.gen 
Execute       source /home/Xilinx/2025.1/Vitis/common/technology/xilinx/ip/dds_compiler.gen 
Execute       source /home/Xilinx/2025.1/Vitis/common/technology/xilinx/ip/xfft.gen 
Execute       source /home/Xilinx/2025.1/Vitis/common/technology/xilinx/ip/util.gen 
Execute       source /home/Xilinx/2025.1/Vitis/common/technology/xilinx/DSP48/dsp48.gen 
INFO-FLOW: DBG:PUTS:     IP package: exec /home/cs2401.03/mini1-gemm/build/hls/hls/impl/ip/pack.sh
INFO-FLOW: DBG:PUTS:     IP package: success /home/cs2401.03/mini1-gemm/build/hls/hls/impl/ip/pack.sh
Execute     send_msg_by_id INFO @200-802@%s hls/gemm.xo 
INFO: [HLS 200-802] Generated output file hls/gemm.xo
Command   export_design done; 32.03 sec.
Execute   close_project 
Execute     close_solution 
Execute       cleanup_all 
Execute       cleanup_all 
Execute       source -notrace -encoding utf-8 /home/Xilinx/2025.1/Vitis/tps/tcl/tcl8.6/clock.tcl 
Execute         source -encoding utf-8 /home/Xilinx/2025.1/tps/tcl/tcl8/8.5/msgcat-1.6.1.tm 
INFO-FLOW: Workspace /home/cs2401.03/mini1-gemm/build/hls/hls opened at Thu Oct 01 02:37:01 IST 2026
Execute       source /home/cs2401.03/mini1-gemm/build/hls/hls/.autopilot/db/global.setting.tcl 
Execute       set_part xcu50-fsvh2104-2-e 
Execute         create_platform xcu50-fsvh2104-2-e -board  
DBG:HLSDevice: Trying to load device library: /home/Xilinx/2025.1/Vitis/lib/lnx64.o/libxv_hlsvwrap.so
DBG:HLSDevice: first parts/arch.xml in RDI_DATADIR: /home/Xilinx/2025.1/Vivado/data/parts/arch.xml
DBG:HLSDevice: init success
INFO: [HLS 200-1611] Setting target device to 'xcu50-fsvh2104-2-e'
Command         create_platform done; 1.1 sec.
Execute         source /home/Xilinx/2025.1/Vitis/common/technology/xilinx/common/xilinx.gen 
Execute           source /home/Xilinx/2025.1/Vitis/common/technology/xilinx/interface/plb46.gen 
Execute           source /home/Xilinx/2025.1/Vitis/common/technology/xilinx/interface/axi4.gen 
Execute           source /home/Xilinx/2025.1/Vitis/common/technology/xilinx/interface/nativeAXI4.gen 
Execute             source /home/Xilinx/2025.1/Vitis/common/technology/xilinx/interface/saxilite.gen 
Execute           source /home/Xilinx/2025.1/Vitis/common/technology/xilinx/scripts/xilinxcoregen.gen 
Execute           source /home/Xilinx/2025.1/Vitis/common/technology/xilinx/interface/XilEDKCoreGen.gen 
Execute           source /home/Xilinx/2025.1/Vitis/common/technology/xilinx/ip/xfir.gen 
Execute           source /home/Xilinx/2025.1/Vitis/common/technology/xilinx/ip/dds_compiler.gen 
Execute           source /home/Xilinx/2025.1/Vitis/common/technology/xilinx/ip/xfft.gen 
Execute           source /home/Xilinx/2025.1/Vitis/common/technology/xilinx/ip/util.gen 
Execute           source /home/Xilinx/2025.1/Vitis/common/technology/xilinx/DSP48/dsp48.gen 
Execute         ap_part_info -name xcu50-fsvh2104-2-e -data info 
Execute         config_compile -quiet -complex-mul-dsp=0 
Command       set_part done; 1.2 sec.
Execute       send_msg_by_id INFO @200-1505@%s%s default  vivado 
INFO: [HLS 200-1505] Using default flow_target 'vivado'
Execute       send_msg_by_id INFO @200-2174@%s%s component /home/cs2401.03/mini1-gemm/hls_config.cfg 
INFO: [HLS 200-2174] Applying component config ini file /home/cs2401.03/mini1-gemm/hls_config.cfg
Execute       apply_ini /home/cs2401.03/mini1-gemm/hls_config.cfg 
Execute         send_msg_by_id INFO @200-1465@%s 'syn.file=src/kernel.cpp' from /home/cs2401.03/mini1-gemm/hls_config.cfg(7) 
INFO: [HLS 200-1465] Applying config ini 'syn.file=src/kernel.cpp' from /home/cs2401.03/mini1-gemm/hls_config.cfg(7)
Execute         add_files /home/cs2401.03/mini1-gemm/src/kernel.cpp 
INFO: [HLS 200-10] Adding design file '/home/cs2401.03/mini1-gemm/src/kernel.cpp' to the project
Execute         send_msg_by_id INFO @200-1465@%s 'tb.file=src/kernel_tb.cpp' from /home/cs2401.03/mini1-gemm/hls_config.cfg(9) 
INFO: [HLS 200-1465] Applying config ini 'tb.file=src/kernel_tb.cpp' from /home/cs2401.03/mini1-gemm/hls_config.cfg(9)
Execute         add_files -tb /home/cs2401.03/mini1-gemm/src/kernel_tb.cpp 
INFO: [HLS 200-10] Adding test bench file '/home/cs2401.03/mini1-gemm/src/kernel_tb.cpp' to the project
Execute         send_msg_by_id INFO @200-1465@%s 'syn.top=gemm' from /home/cs2401.03/mini1-gemm/hls_config.cfg(8) 
INFO: [HLS 200-1465] Applying config ini 'syn.top=gemm' from /home/cs2401.03/mini1-gemm/hls_config.cfg(8)
Execute         set_top gemm 
Execute         send_msg_by_id INFO @200-1465@%s 'flow_target=vitis' from /home/cs2401.03/mini1-gemm/hls_config.cfg(5) 
INFO: [HLS 200-1465] Applying config ini 'flow_target=vitis' from /home/cs2401.03/mini1-gemm/hls_config.cfg(5)
Execute         send_msg_by_id INFO @200-1505@%s%s  vitis 
INFO: [HLS 200-1505] Using flow_target 'vitis'
Execute         send_msg_by_id INFO @200-435@%s%s 'open_solution -flow_target vitis' config_interface -m_axi_latency=64 
INFO: [HLS 200-435] Setting 'open_solution -flow_target vitis' configuration: config_interface -m_axi_latency=64
Execute         config_interface -m_axi_latency=64 
Execute         send_msg_by_id INFO @200-435@%s%s 'open_solution -flow_target vitis' config_interface -m_axi_alignment_byte_size=64 
INFO: [HLS 200-435] Setting 'open_solution -flow_target vitis' configuration: config_interface -m_axi_alignment_byte_size=64
Execute         config_interface -m_axi_alignment_byte_size=64 
Execute         send_msg_by_id INFO @200-435@%s%s 'open_solution -flow_target vitis' config_interface -m_axi_max_widen_bitwidth=512 
INFO: [HLS 200-435] Setting 'open_solution -flow_target vitis' configuration: config_interface -m_axi_max_widen_bitwidth=512
Execute         config_interface -m_axi_max_widen_bitwidth=512 
INFO-FLOW: Setting macro_cmd open_solution -flow_target vitis configuration: config_interface -default_interface=kernel
Execute         config_interface -default_interface=kernel 
Execute         send_msg_by_id INFO @200-435@%s%s 'open_solution -flow_target vitis' config_rtl -register_reset_num=3 
INFO: [HLS 200-435] Setting 'open_solution -flow_target vitis' configuration: config_rtl -register_reset_num=3
Execute         config_rtl -register_reset_num=3 
Execute         send_msg_by_id INFO @200-1465@%s 'part=xcu50-fsvh2104-2-e' from /home/cs2401.03/mini1-gemm/hls_config.cfg(2) 
INFO: [HLS 200-1465] Applying config ini 'part=xcu50-fsvh2104-2-e' from /home/cs2401.03/mini1-gemm/hls_config.cfg(2)
Execute         set_part xcu50-fsvh2104-2-e 
Execute           create_platform xcu50-fsvh2104-2-e -board  
Execute           source /home/Xilinx/2025.1/Vitis/common/technology/xilinx/common/xilinx.gen 
Execute             source /home/Xilinx/2025.1/Vitis/common/technology/xilinx/interface/plb46.gen 
Execute             source /home/Xilinx/2025.1/Vitis/common/technology/xilinx/interface/axi4.gen 
Execute             source /home/Xilinx/2025.1/Vitis/common/technology/xilinx/interface/nativeAXI4.gen 
Execute               source /home/Xilinx/2025.1/Vitis/common/technology/xilinx/interface/saxilite.gen 
Execute             source /home/Xilinx/2025.1/Vitis/common/technology/xilinx/scripts/xilinxcoregen.gen 
Execute             source /home/Xilinx/2025.1/Vitis/common/technology/xilinx/interface/XilEDKCoreGen.gen 
Execute             source /home/Xilinx/2025.1/Vitis/common/technology/xilinx/ip/xfir.gen 
Execute             source /home/Xilinx/2025.1/Vitis/common/technology/xilinx/ip/dds_compiler.gen 
Execute             source /home/Xilinx/2025.1/Vitis/common/technology/xilinx/ip/xfft.gen 
Execute             source /home/Xilinx/2025.1/Vitis/common/technology/xilinx/ip/util.gen 
Execute             source /home/Xilinx/2025.1/Vitis/common/technology/xilinx/DSP48/dsp48.gen 
Execute           ap_part_info -name xcu50-fsvh2104-2-e -data info 
Execute           config_compile -quiet -complex-mul-dsp=0 
Command         set_part done; 0.16 sec.
Execute         send_msg_by_id INFO @200-1465@%s 'clock=3.33ns' from /home/cs2401.03/mini1-gemm/hls_config.cfg(10) 
INFO: [HLS 200-1465] Applying config ini 'clock=3.33ns' from /home/cs2401.03/mini1-gemm/hls_config.cfg(10)
Execute         create_clock -period 3.33ns 
Execute           ap_set_clock -name default -period 3.33 -unit ns -default=false 
INFO: [SYN 201-201] Setting up clock 'default' with a period of 3.33ns.
Execute         send_msg_by_id INFO @200-1465@%s 'csim.argv=full' from /home/cs2401.03/mini1-gemm/hls_config.cfg(12) 
INFO: [HLS 200-1465] Applying config ini 'csim.argv=full' from /home/cs2401.03/mini1-gemm/hls_config.cfg(12)
Execute         config_csim -argv=full 
Execute         send_msg_by_id INFO @200-1465@%s 'package.output.format=xo' from /home/cs2401.03/mini1-gemm/hls_config.cfg(6) 
INFO: [HLS 200-1465] Applying config ini 'package.output.format=xo' from /home/cs2401.03/mini1-gemm/hls_config.cfg(6)
Execute         config_export -format=xo 
Command       apply_ini done; 0.19 sec.
Execute       write_component -config /home/cs2401.03/mini1-gemm/hls_config.cfg 
Execute         send_msg_by_id INFO @200-2176@%s /home/cs2401.03/mini1-gemm/build/hls/vitis-comp.json 
INFO: [HLS 200-2176] Writing Vitis IDE component file /home/cs2401.03/mini1-gemm/build/hls/vitis-comp.json
Command     open_solution done; 1.42 sec.
Command   open_component done; 1.42 sec.
Execute   apply_ini /home/cs2401.03/mini1-gemm/build/hls/hls/config.cmdline -iscmdline 
Execute   ::AP::init_summary_file cosim 
Execute     AP::app_get_file_relativeroot [AP::app_get_root] {}
Execute   cosim_design 
Execute     source /home/cs2401.03/mini1-gemm/build/hls/hls/.autopilot/db/global.setting.tcl 
Execute     source /home/cs2401.03/mini1-gemm/build/hls/hls/.autopilot/db/global.setting.tcl 
Execute     source /home/cs2401.03/mini1-gemm/build/hls/hls/.autopilot/db/global.setting.tcl 
INFO-FLOW: DBG:PUTS: read_platform_lib /home/cs2401.03/mini1-gemm/build/hls/hls/.autopilot/db/global.setting.tcl
Execute     source /home/Xilinx/2025.1/Vitis/common/technology/generic/autopilot/common.gen 
Execute       source /home/Xilinx/2025.1/Vitis/common/technology/generic/autopilot/APCoreGen.gen 
Execute     source /home/Xilinx/2025.1/Vitis/common/technology/generic/autopilot/op.gen 
Execute     source /home/Xilinx/2025.1/Vitis/common/technology/generic/autopilot/op_simcore.gen 
Execute     source /home/Xilinx/2025.1/Vitis/common/technology/generic/autopilot/interface.gen 
Execute     source /home/cs2401.03/mini1-gemm/build/hls/hls/.autopilot/db/global.setting.tcl 
Execute     source /home/Xilinx/2025.1/Vitis/common/technology/xilinx/common/xilinx.gen 
Execute       source /home/Xilinx/2025.1/Vitis/common/technology/xilinx/interface/plb46.gen 
Execute       source /home/Xilinx/2025.1/Vitis/common/technology/xilinx/interface/axi4.gen 
Execute       source /home/Xilinx/2025.1/Vitis/common/technology/xilinx/interface/nativeAXI4.gen 
Execute         source /home/Xilinx/2025.1/Vitis/common/technology/xilinx/interface/saxilite.gen 
Execute       source /home/Xilinx/2025.1/Vitis/common/technology/xilinx/scripts/xilinxcoregen.gen 
Execute       source /home/Xilinx/2025.1/Vitis/common/technology/xilinx/interface/XilEDKCoreGen.gen 
Execute       source /home/Xilinx/2025.1/Vitis/common/technology/xilinx/ip/xfir.gen 
Execute       source /home/Xilinx/2025.1/Vitis/common/technology/xilinx/ip/dds_compiler.gen 
Execute       source /home/Xilinx/2025.1/Vitis/common/technology/xilinx/ip/xfft.gen 
Execute       source /home/Xilinx/2025.1/Vitis/common/technology/xilinx/ip/util.gen 
Execute       source /home/Xilinx/2025.1/Vitis/common/technology/xilinx/DSP48/dsp48.gen 
INFO-FLOW: DBG:PUTS:   using AESL_AUTOCG::g_clock_period=3.330 (was NA)
Execute     ap_part_info -name xcu50-fsvh2104-2-e -data names -quiet 
Execute     ap_part_info -name xcu50-fsvh2104-2-e -data info -quiet 
Execute     source /home/cs2401.03/mini1-gemm/build/hls/hls/.autopilot/db/global.setting.tcl 
Execute     source /home/cs2401.03/mini1-gemm/build/hls/hls/.autopilot/db/gemm.rtl_wrap.cfg.tcl 
Execute     source /home/cs2401.03/mini1-gemm/build/hls/hls/.autopilot/db/gemm.tbgen.tcl 
Execute     source /home/cs2401.03/mini1-gemm/build/hls/hls/.autopilot/db/cosimDB.tcl 
Execute     source /home/cs2401.03/mini1-gemm/build/hls/hls/.autopilot/db/gemm.tbgen.tcl 
Execute     source /home/cs2401.03/mini1-gemm/build/hls/hls/.autopilot/db/gemm.tbgen.tcl 
Execute     source /home/cs2401.03/mini1-gemm/build/hls/hls/.autopilot/db/gemm.tbgen.tcl 
INFO: [COSIM 212-47] Using XSIM for RTL simulation.
INFO: [COSIM 212-14] Instrumenting C test bench ...
Execute     ap_part_info -name xcu50-fsvh2104-2-e -data info 
INFO-FLOW: run_clang exec: /home/Xilinx/2025.1/Vitis/lnx64/tools/vcxx/libexec/clang -fno-builtin-isinf -fno-builtin-isnan -E -Wno-unknown-pragmas -Wno-unknown-pragmas -DGCC_COMPATIBLE_APINT -DAESL_TB -D__HLS_COSIM__ -D__VITIS_HLS__ -I /home/Xilinx/2025.1/Vitis/include -I include /home/cs2401.03/mini1-gemm/src/kernel_tb.cpp -o /home/cs2401.03/mini1-gemm/build/hls/hls/./sim/autowrap/testbench/kernel_tb.cpp_pre.cpp -std=gnu++14 -D__DSP48E2__ --gcc-toolchain=/home/Xilinx/2025.1/Vitis/tps/lnx64/gcc-8.3.0 > /home/cs2401.03/mini1-gemm/build/hls/hls/.autopilot/db/kernel_tb.cpp.clang.autosim-tb.out.log 2> /home/cs2401.03/mini1-gemm/build/hls/hls/.autopilot/db/kernel_tb.cpp.clang.autosim-tb.err.log
INFO-FLOW: TB processing: /home/cs2401.03/mini1-gemm/src/kernel_tb.cpp /home/cs2401.03/mini1-gemm/build/hls/hls/./sim/autowrap/testbench/kernel_tb.cpp_pre.cpp
Execute     clang_tidy xilinx-tb-process -desc tb-process /home/cs2401.03/mini1-gemm/build/hls/hls/./sim/autowrap/testbench/kernel_tb.cpp_pre.cpp.tb.cpp std=gnu++14 
INFO-FLOW: exec /home/Xilinx/2025.1/Vitis/lnx64/tools/clang-3.9-csynth/bin/clang-tidy -header-filter=.* --checks=-*,xilinx-tb-process -fix-errors /home/cs2401.03/mini1-gemm/build/hls/hls/./sim/autowrap/testbench/kernel_tb.cpp_pre.cpp.tb.cpp -- -std=gnu++14 -fhls -ferror-limit=0
Command     clang_tidy done; 0.21 sec.
Execute     ap_part_info -name xcu50-fsvh2104-2-e -data info 
INFO-FLOW: run_clang exec: /home/Xilinx/2025.1/Vitis/lnx64/tools/vcxx/libexec/clang -fno-builtin-isinf -fno-builtin-isnan -E -DGCC_COMPATIBLE_APINT -DAESL_TB -D__HLS_COSIM__ -D__VITIS_HLS__ -I /home/Xilinx/2025.1/Vitis/include -I include /home/cs2401.03/mini1-gemm/src/kernel.cpp -o /home/cs2401.03/mini1-gemm/build/hls/hls/./sim/autowrap/testbench/kernel.cpp_pre.cpp -std=gnu++14 -D__DSP48E2__ --gcc-toolchain=/home/Xilinx/2025.1/Vitis/tps/lnx64/gcc-8.3.0 > /home/cs2401.03/mini1-gemm/build/hls/hls/.autopilot/db/kernel.cpp.clang.autosim-tb.out.log 2> /home/cs2401.03/mini1-gemm/build/hls/hls/.autopilot/db/kernel.cpp.clang.autosim-tb.err.log
INFO-FLOW: TB processing: /home/cs2401.03/mini1-gemm/src/kernel.cpp /home/cs2401.03/mini1-gemm/build/hls/hls/./sim/autowrap/testbench/kernel.cpp_pre.cpp
Execute     clang_tidy xilinx-tb-process -desc tb-process /home/cs2401.03/mini1-gemm/build/hls/hls/./sim/autowrap/testbench/kernel.cpp_pre.cpp.tb.cpp std=gnu++14 
INFO-FLOW: exec /home/Xilinx/2025.1/Vitis/lnx64/tools/clang-3.9-csynth/bin/clang-tidy -header-filter=.* --checks=-*,xilinx-tb-process -fix-errors /home/cs2401.03/mini1-gemm/build/hls/hls/./sim/autowrap/testbench/kernel.cpp_pre.cpp.tb.cpp -- -std=gnu++14 -fhls -ferror-limit=0
Execute     source /home/cs2401.03/mini1-gemm/build/hls/hls/./sim/autowrap/testbench/tb.status.tcl 
Execute     source /home/cs2401.03/mini1-gemm/build/hls/hls/.autopilot/db/global.setting.tcl 
Execute     source /home/cs2401.03/mini1-gemm/build/hls/hls/.autopilot/db/gemm.rtl_wrap.cfg.tcl 
Execute     source /home/cs2401.03/mini1-gemm/build/hls/hls/.autopilot/db/gemm.rtl_wrap.cfg.tcl 
Execute     source /home/cs2401.03/mini1-gemm/build/hls/hls/.autopilot/db/gemm.rtl_wrap.cfg.tcl 
Execute     source /home/cs2401.03/mini1-gemm/build/hls/hls/.autopilot/db/gemm.tbgen.tcl 
Execute     source /home/cs2401.03/mini1-gemm/build/hls/hls/.autopilot/db/gemm.tbgen.tcl 
Execute     source /home/cs2401.03/mini1-gemm/build/hls/hls/.autopilot/db/gemm.tbgen.tcl 
Execute     ap_part_info -name xcu50-fsvh2104-2-e -data info 
Execute     source .run_sim.tcl 
INFO: [COSIM 212-302] Starting C TB testing ... 
INFO: [COSIM 212-333] Generating C post check test bench ...
Execute     source /home/cs2401.03/mini1-gemm/build/hls/hls/.autopilot/db/gemm.tbgen.tcl 
Execute     source /home/cs2401.03/mini1-gemm/build/hls/hls/.autopilot/db/gemm.tbgen.tcl 
Execute     source /home/cs2401.03/mini1-gemm/build/hls/hls/.autopilot/db/gemm.tbgen.tcl 
Execute     source /home/cs2401.03/mini1-gemm/build/hls/hls/.autopilot/db/gemm.tbgen.tcl 
Execute     source /home/cs2401.03/mini1-gemm/build/hls/hls/.autopilot/db/gemm.tbgen.tcl 
Execute     source /home/cs2401.03/mini1-gemm/build/hls/hls/.autopilot/db/gemm.tbgen.tcl 
Execute     source /home/cs2401.03/mini1-gemm/build/hls/hls/.autopilot/db/gemm.tbgen.tcl 
Execute     source /home/cs2401.03/mini1-gemm/build/hls/hls/.autopilot/db/gemm.tbgen.tcl 
INFO: [COSIM 212-12] Generating RTL test bench ...
Execute     source ../tv/cdatafile/ref.tcl 
Execute     source /home/cs2401.03/mini1-gemm/build/hls/hls/.autopilot/db/gemm.tbgen.tcl 
Execute     source /home/cs2401.03/mini1-gemm/build/hls/hls/.autopilot/db/gemm.tbgen.tcl 
Execute     source /home/cs2401.03/mini1-gemm/build/hls/hls/.autopilot/db/gemm.tbgen.tcl 
Execute     source /home/cs2401.03/mini1-gemm/build/hls/hls/.autopilot/db/gemm.tbgen.tcl 
Execute     source ../tv/cdatafile/ref.tcl 
Execute     source /home/cs2401.03/mini1-gemm/build/hls/hls/.autopilot/db/gemm.tbgen.tcl 
Execute     source /home/cs2401.03/mini1-gemm/build/hls/hls/.autopilot/db/gemm.tbgen.tcl 
Execute     source /home/cs2401.03/mini1-gemm/build/hls/hls/.autopilot/db/gemm.tbgen.tcl 
Execute     source /home/cs2401.03/mini1-gemm/build/hls/hls/.autopilot/db/gemm.tbgen.tcl 
Execute     source /home/cs2401.03/mini1-gemm/build/hls/hls/.autopilot/db/gemm.tbgen.tcl 
Execute     source /home/cs2401.03/mini1-gemm/build/hls/hls/.autopilot/db/gemm.tbgen.tcl 
Execute     source /home/cs2401.03/mini1-gemm/build/hls/hls/.autopilot/db/gemm.tbgen.tcl 
Execute     source /home/cs2401.03/mini1-gemm/build/hls/hls/.autopilot/db/gemm.tbgen.tcl 
Execute     source /home/cs2401.03/mini1-gemm/build/hls/hls/.autopilot/db/gemm.tbgen.tcl 
Execute     source /home/cs2401.03/mini1-gemm/build/hls/hls/.autopilot/db/gemm.DependenceCheck.tcl 
Execute     source /home/cs2401.03/mini1-gemm/build/hls/hls/.autopilot/db/gemm.tbgen.tcl 
Execute     source /home/cs2401.03/mini1-gemm/build/hls/hls/.autopilot/db/gemm.tbgen.tcl 
Execute     source /home/cs2401.03/mini1-gemm/build/hls/hls/.autopilot/db/gemm.tbgen.tcl 
Execute     source /home/cs2401.03/mini1-gemm/build/hls/hls/.autopilot/db/gemm.tbgen.tcl 
Execute     source /home/cs2401.03/mini1-gemm/build/hls/hls/.autopilot/db/gemm.tbgen.tcl 
Execute     source /home/cs2401.03/mini1-gemm/build/hls/hls/.autopilot/db/gemm.tbgen.tcl 
Execute     source /home/cs2401.03/mini1-gemm/build/hls/hls/.autopilot/db/gemm.tbgen.tcl 
Execute     source /home/cs2401.03/mini1-gemm/build/hls/hls/.autopilot/db/gemm.tbgen.tcl 
Execute     source /home/cs2401.03/mini1-gemm/build/hls/hls/.autopilot/db/gemm.tbgen.tcl 
Execute     source /home/cs2401.03/mini1-gemm/build/hls/hls/.autopilot/db/gemm.tbgen.tcl 
Execute     source /home/cs2401.03/mini1-gemm/build/hls/hls/.autopilot/db/gemm.tbgen.tcl 
Execute     source /home/cs2401.03/mini1-gemm/build/hls/hls/.autopilot/db/gemm.tbgen.tcl 
Execute     source /home/cs2401.03/mini1-gemm/build/hls/hls/.autopilot/db/gemm.tbgen.tcl 
Execute     source /home/cs2401.03/mini1-gemm/build/hls/hls/.autopilot/db/gemm.tbgen.tcl 
Execute     source /home/cs2401.03/mini1-gemm/build/hls/hls/.autopilot/db/gemm.tbgen.tcl 
Execute     source /home/cs2401.03/mini1-gemm/build/hls/hls/.autopilot/db/gemm.tbgen.tcl 
Execute     source /home/cs2401.03/mini1-gemm/build/hls/hls/.autopilot/db/gemm.tbgen.tcl 
Execute     source /home/cs2401.03/mini1-gemm/build/hls/hls/.autopilot/db/gemm.tbgen.tcl 
Execute     source /home/cs2401.03/mini1-gemm/build/hls/hls/.autopilot/db/gemm.tbgen.tcl 
Execute     source /home/cs2401.03/mini1-gemm/build/hls/hls/.autopilot/db/gemm.tbgen.tcl 
Execute     source /home/cs2401.03/mini1-gemm/build/hls/hls/.autopilot/db/gemm.tbgen.tcl 
Execute     source /home/cs2401.03/mini1-gemm/build/hls/hls/.autopilot/db/gemm.tbgen.tcl 
Execute     source /home/cs2401.03/mini1-gemm/build/hls/hls/.autopilot/db/gemm.tbgen.tcl 
Execute     source /home/cs2401.03/mini1-gemm/build/hls/hls/.autopilot/db/gemm.tbgen.tcl 
Execute     source /home/cs2401.03/mini1-gemm/build/hls/hls/.autopilot/db/gemm.tbgen.tcl 
Execute     source /home/cs2401.03/mini1-gemm/build/hls/hls/.autopilot/db/gemm.tbgen.tcl 
Execute     source /home/cs2401.03/mini1-gemm/build/hls/hls/.autopilot/db/gemm.tbgen.tcl 
Execute     source /home/cs2401.03/mini1-gemm/build/hls/hls/.autopilot/db/gemm.tbgen.tcl 
Execute     source /home/cs2401.03/mini1-gemm/build/hls/hls/.autopilot/db/gemm.tbgen.tcl 
Execute     ap_part_info -name xcu50-fsvh2104-2-e -data names -quiet 
Execute     ap_part_info -name xcu50-fsvh2104-2-e -data info -quiet 
INFO: [COSIM 212-1] *** C/RTL co-simulation file generation completed. ***
Execute     source .run_sim.tcl 
Execute       source check_sim.tcl 
Execute       source dataflow_monitor_API.tcl 
Execute       source .sim.status.tcl 
INFO: [COSIM 212-323] Starting verilog simulation. 
INFO: [COSIM 212-15] Starting XSIM ...
INFO: [COSIM 212-316] Starting C post checking ...
Command     ap_source done; 138.02 sec.
INFO: [COSIM 212-1000] *** C/RTL co-simulation finished: PASS ***
Command   cosim_design done; 173.43 sec.
Execute   close_project 
Execute     close_solution 
Execute       cleanup_all 
Execute       cleanup_all 
Execute       source -notrace -encoding utf-8 /home/Xilinx/2025.1/Vitis/tps/tcl/tcl8.6/clock.tcl 
Execute         source -encoding utf-8 /home/Xilinx/2025.1/tps/tcl/tcl8/8.5/msgcat-1.6.1.tm 
INFO-FLOW: Workspace /home/cs2401.03/mini1-gemm/build/hls/hls opened at Wed Oct 07 01:49:23 IST 2026
Execute       send_msg_by_id INFO @200-1505@%s%s default  vivado 
INFO: [HLS 200-1505] Using default flow_target 'vivado'
Execute       send_msg_by_id INFO @200-2174@%s%s component /home/cs2401.03/mini1-gemm/hls_config.cfg 
INFO: [HLS 200-2174] Applying component config ini file /home/cs2401.03/mini1-gemm/hls_config.cfg
Execute       apply_ini /home/cs2401.03/mini1-gemm/hls_config.cfg 
Execute         send_msg_by_id INFO @200-1465@%s 'syn.file=src/kernel.cpp' from /home/cs2401.03/mini1-gemm/hls_config.cfg(7) 
INFO: [HLS 200-1465] Applying config ini 'syn.file=src/kernel.cpp' from /home/cs2401.03/mini1-gemm/hls_config.cfg(7)
Execute         add_files /home/cs2401.03/mini1-gemm/src/kernel.cpp 
INFO: [HLS 200-10] Adding design file '/home/cs2401.03/mini1-gemm/src/kernel.cpp' to the project
Execute         send_msg_by_id INFO @200-1465@%s 'tb.file=src/kernel_tb.cpp' from /home/cs2401.03/mini1-gemm/hls_config.cfg(9) 
INFO: [HLS 200-1465] Applying config ini 'tb.file=src/kernel_tb.cpp' from /home/cs2401.03/mini1-gemm/hls_config.cfg(9)
Execute         add_files -tb /home/cs2401.03/mini1-gemm/src/kernel_tb.cpp 
INFO: [HLS 200-10] Adding test bench file '/home/cs2401.03/mini1-gemm/src/kernel_tb.cpp' to the project
Execute         send_msg_by_id INFO @200-1465@%s 'syn.top=gemm' from /home/cs2401.03/mini1-gemm/hls_config.cfg(8) 
INFO: [HLS 200-1465] Applying config ini 'syn.top=gemm' from /home/cs2401.03/mini1-gemm/hls_config.cfg(8)
Execute         set_top gemm 
Execute         send_msg_by_id INFO @200-1465@%s 'flow_target=vitis' from /home/cs2401.03/mini1-gemm/hls_config.cfg(5) 
INFO: [HLS 200-1465] Applying config ini 'flow_target=vitis' from /home/cs2401.03/mini1-gemm/hls_config.cfg(5)
Execute         send_msg_by_id INFO @200-1505@%s%s  vitis 
INFO: [HLS 200-1505] Using flow_target 'vitis'
Execute         send_msg_by_id INFO @200-435@%s%s 'open_solution -flow_target vitis' config_interface -m_axi_latency=64 
INFO: [HLS 200-435] Setting 'open_solution -flow_target vitis' configuration: config_interface -m_axi_latency=64
Execute         config_interface -m_axi_latency=64 
Execute         send_msg_by_id INFO @200-435@%s%s 'open_solution -flow_target vitis' config_interface -m_axi_alignment_byte_size=64 
INFO: [HLS 200-435] Setting 'open_solution -flow_target vitis' configuration: config_interface -m_axi_alignment_byte_size=64
Execute         config_interface -m_axi_alignment_byte_size=64 
Execute         send_msg_by_id INFO @200-435@%s%s 'open_solution -flow_target vitis' config_interface -m_axi_max_widen_bitwidth=512 
INFO: [HLS 200-435] Setting 'open_solution -flow_target vitis' configuration: config_interface -m_axi_max_widen_bitwidth=512
Execute         config_interface -m_axi_max_widen_bitwidth=512 
INFO-FLOW: Setting macro_cmd open_solution -flow_target vitis configuration: config_interface -default_interface=kernel
Execute         config_interface -default_interface=kernel 
Execute         send_msg_by_id INFO @200-435@%s%s 'open_solution -flow_target vitis' config_rtl -register_reset_num=3 
INFO: [HLS 200-435] Setting 'open_solution -flow_target vitis' configuration: config_rtl -register_reset_num=3
Execute         config_rtl -register_reset_num=3 
Execute         send_msg_by_id INFO @200-1465@%s 'part=xcu50-fsvh2104-2-e' from /home/cs2401.03/mini1-gemm/hls_config.cfg(2) 
INFO: [HLS 200-1465] Applying config ini 'part=xcu50-fsvh2104-2-e' from /home/cs2401.03/mini1-gemm/hls_config.cfg(2)
Execute         set_part xcu50-fsvh2104-2-e 
Execute           create_platform xcu50-fsvh2104-2-e -board  
DBG:HLSDevice: Trying to load device library: /home/Xilinx/2025.1/Vitis/lib/lnx64.o/libxv_hlsvwrap.so
DBG:HLSDevice: first parts/arch.xml in RDI_DATADIR: /home/Xilinx/2025.1/Vivado/data/parts/arch.xml
DBG:HLSDevice: init success
INFO: [HLS 200-1611] Setting target device to 'xcu50-fsvh2104-2-e'
Command           create_platform done; 1.04 sec.
Execute           source /home/Xilinx/2025.1/Vitis/common/technology/xilinx/common/xilinx.gen 
Execute             source /home/Xilinx/2025.1/Vitis/common/technology/xilinx/interface/plb46.gen 
Execute             source /home/Xilinx/2025.1/Vitis/common/technology/xilinx/interface/axi4.gen 
Execute             source /home/Xilinx/2025.1/Vitis/common/technology/xilinx/interface/nativeAXI4.gen 
Execute               source /home/Xilinx/2025.1/Vitis/common/technology/xilinx/interface/saxilite.gen 
Execute             source /home/Xilinx/2025.1/Vitis/common/technology/xilinx/scripts/xilinxcoregen.gen 
Execute             source /home/Xilinx/2025.1/Vitis/common/technology/xilinx/interface/XilEDKCoreGen.gen 
Execute             source /home/Xilinx/2025.1/Vitis/common/technology/xilinx/ip/xfir.gen 
Execute             source /home/Xilinx/2025.1/Vitis/common/technology/xilinx/ip/dds_compiler.gen 
Execute             source /home/Xilinx/2025.1/Vitis/common/technology/xilinx/ip/xfft.gen 
Execute             source /home/Xilinx/2025.1/Vitis/common/technology/xilinx/ip/util.gen 
Execute             source /home/Xilinx/2025.1/Vitis/common/technology/xilinx/DSP48/dsp48.gen 
Execute           ap_part_info -name xcu50-fsvh2104-2-e -data info 
Execute           config_compile -quiet -complex-mul-dsp=0 
Command         set_part done; 1.13 sec.
Execute         send_msg_by_id INFO @200-1465@%s 'clock=3.33ns' from /home/cs2401.03/mini1-gemm/hls_config.cfg(10) 
INFO: [HLS 200-1465] Applying config ini 'clock=3.33ns' from /home/cs2401.03/mini1-gemm/hls_config.cfg(10)
Execute         create_clock -period 3.33ns 
Execute           ap_set_clock -name default -period 3.33 -unit ns -default=false 
INFO: [SYN 201-201] Setting up clock 'default' with a period of 3.33ns.
Execute         send_msg_by_id INFO @200-1465@%s 'csim.argv=full' from /home/cs2401.03/mini1-gemm/hls_config.cfg(12) 
INFO: [HLS 200-1465] Applying config ini 'csim.argv=full' from /home/cs2401.03/mini1-gemm/hls_config.cfg(12)
Execute         config_csim -argv=full 
Execute         send_msg_by_id INFO @200-1465@%s 'package.output.format=xo' from /home/cs2401.03/mini1-gemm/hls_config.cfg(6) 
INFO: [HLS 200-1465] Applying config ini 'package.output.format=xo' from /home/cs2401.03/mini1-gemm/hls_config.cfg(6)
Execute         config_export -format=xo 
Command       apply_ini done; 1.17 sec.
Execute       write_component -config /home/cs2401.03/mini1-gemm/hls_config.cfg 
Execute         send_msg_by_id INFO @200-2176@%s /home/cs2401.03/mini1-gemm/build/hls/vitis-comp.json 
INFO: [HLS 200-2176] Writing Vitis IDE component file /home/cs2401.03/mini1-gemm/build/hls/vitis-comp.json
Command     open_solution done; 1.23 sec.
Command   open_component done; 1.23 sec.
Execute   apply_ini /home/cs2401.03/mini1-gemm/build/hls/hls/config.cmdline -iscmdline 
Execute   ::AP::init_summary_file csim 
Execute     AP::app_get_file_relativeroot [AP::app_get_root] {}
Execute   csim_design 
INFO-FLOW: Running SLX 'csim' proc: ::SLX::run_csim
Execute     source /home/cs2401.03/mini1-gemm/build/hls/hls/.autopilot/db/global.setting.tcl 
INFO: [SIM 211-2] *************** CSIM start ***************
INFO: [SIM 211-4] CSIM will launch CLANG as the compiler.
Execute     source csim/.lst_opt.tcl 
Execute     send_msg_by_id INFO @200-2036@%s debug 
INFO: [HLS 200-2036] Building debug C Simulation binaries
Execute     ap_part_info -name xcu50-fsvh2104-2-e -data info 
Execute     source run_sim.tcl 
Command     ap_source done; 5.91 sec.
INFO: [SIM 211-1] CSim done with 0 errors.
INFO: [SIM 211-3] *************** CSIM finish ***************
Command   csim_design done; 6.3 sec.
Execute   close_project 
Execute     close_solution 
Execute       cleanup_all 
Execute       cleanup_all 
Execute       source -notrace -encoding utf-8 /home/Xilinx/2025.1/Vitis/tps/tcl/tcl8.6/clock.tcl 
Execute         source -encoding utf-8 /home/Xilinx/2025.1/tps/tcl/tcl8/8.5/msgcat-1.6.1.tm 
INFO-FLOW: Workspace /home/cs2401.03/mini1-gemm/build/hls/hls opened at Wed Oct 07 01:50:05 IST 2026
Execute       source /home/cs2401.03/mini1-gemm/build/hls/hls/.autopilot/db/global.setting.tcl 
Execute       set_part xcu50-fsvh2104-2-e 
Execute         create_platform xcu50-fsvh2104-2-e -board  
DBG:HLSDevice: Trying to load device library: /home/Xilinx/2025.1/Vitis/lib/lnx64.o/libxv_hlsvwrap.so
DBG:HLSDevice: first parts/arch.xml in RDI_DATADIR: /home/Xilinx/2025.1/Vivado/data/parts/arch.xml
DBG:HLSDevice: init success
INFO: [HLS 200-1611] Setting target device to 'xcu50-fsvh2104-2-e'
Command         create_platform done; 1.03 sec.
Execute         source /home/Xilinx/2025.1/Vitis/common/technology/xilinx/common/xilinx.gen 
Execute           source /home/Xilinx/2025.1/Vitis/common/technology/xilinx/interface/plb46.gen 
Execute           source /home/Xilinx/2025.1/Vitis/common/technology/xilinx/interface/axi4.gen 
Execute           source /home/Xilinx/2025.1/Vitis/common/technology/xilinx/interface/nativeAXI4.gen 
Execute             source /home/Xilinx/2025.1/Vitis/common/technology/xilinx/interface/saxilite.gen 
Execute           source /home/Xilinx/2025.1/Vitis/common/technology/xilinx/scripts/xilinxcoregen.gen 
Execute           source /home/Xilinx/2025.1/Vitis/common/technology/xilinx/interface/XilEDKCoreGen.gen 
Execute           source /home/Xilinx/2025.1/Vitis/common/technology/xilinx/ip/xfir.gen 
Execute           source /home/Xilinx/2025.1/Vitis/common/technology/xilinx/ip/dds_compiler.gen 
Execute           source /home/Xilinx/2025.1/Vitis/common/technology/xilinx/ip/xfft.gen 
Execute           source /home/Xilinx/2025.1/Vitis/common/technology/xilinx/ip/util.gen 
Execute           source /home/Xilinx/2025.1/Vitis/common/technology/xilinx/DSP48/dsp48.gen 
Execute         ap_part_info -name xcu50-fsvh2104-2-e -data info 
Execute         config_compile -quiet -complex-mul-dsp=0 
Command       set_part done; 1.12 sec.
Execute       send_msg_by_id INFO @200-1505@%s%s default  vivado 
INFO: [HLS 200-1505] Using default flow_target 'vivado'
Execute       send_msg_by_id INFO @200-2174@%s%s component /home/cs2401.03/mini1-gemm/hls_config.cfg 
INFO: [HLS 200-2174] Applying component config ini file /home/cs2401.03/mini1-gemm/hls_config.cfg
Execute       apply_ini /home/cs2401.03/mini1-gemm/hls_config.cfg 
Execute         send_msg_by_id INFO @200-1465@%s 'syn.file=src/kernel.cpp' from /home/cs2401.03/mini1-gemm/hls_config.cfg(7) 
INFO: [HLS 200-1465] Applying config ini 'syn.file=src/kernel.cpp' from /home/cs2401.03/mini1-gemm/hls_config.cfg(7)
Execute         add_files /home/cs2401.03/mini1-gemm/src/kernel.cpp 
INFO: [HLS 200-10] Adding design file '/home/cs2401.03/mini1-gemm/src/kernel.cpp' to the project
Execute         send_msg_by_id INFO @200-1465@%s 'tb.file=src/kernel_tb.cpp' from /home/cs2401.03/mini1-gemm/hls_config.cfg(9) 
INFO: [HLS 200-1465] Applying config ini 'tb.file=src/kernel_tb.cpp' from /home/cs2401.03/mini1-gemm/hls_config.cfg(9)
Execute         add_files -tb /home/cs2401.03/mini1-gemm/src/kernel_tb.cpp 
INFO: [HLS 200-10] Adding test bench file '/home/cs2401.03/mini1-gemm/src/kernel_tb.cpp' to the project
Execute         send_msg_by_id INFO @200-1465@%s 'syn.top=gemm' from /home/cs2401.03/mini1-gemm/hls_config.cfg(8) 
INFO: [HLS 200-1465] Applying config ini 'syn.top=gemm' from /home/cs2401.03/mini1-gemm/hls_config.cfg(8)
Execute         set_top gemm 
Execute         send_msg_by_id INFO @200-1465@%s 'flow_target=vitis' from /home/cs2401.03/mini1-gemm/hls_config.cfg(5) 
INFO: [HLS 200-1465] Applying config ini 'flow_target=vitis' from /home/cs2401.03/mini1-gemm/hls_config.cfg(5)
Execute         send_msg_by_id INFO @200-1505@%s%s  vitis 
INFO: [HLS 200-1505] Using flow_target 'vitis'
Execute         send_msg_by_id INFO @200-435@%s%s 'open_solution -flow_target vitis' config_interface -m_axi_latency=64 
INFO: [HLS 200-435] Setting 'open_solution -flow_target vitis' configuration: config_interface -m_axi_latency=64
Execute         config_interface -m_axi_latency=64 
Execute         send_msg_by_id INFO @200-435@%s%s 'open_solution -flow_target vitis' config_interface -m_axi_alignment_byte_size=64 
INFO: [HLS 200-435] Setting 'open_solution -flow_target vitis' configuration: config_interface -m_axi_alignment_byte_size=64
Execute         config_interface -m_axi_alignment_byte_size=64 
Execute         send_msg_by_id INFO @200-435@%s%s 'open_solution -flow_target vitis' config_interface -m_axi_max_widen_bitwidth=512 
INFO: [HLS 200-435] Setting 'open_solution -flow_target vitis' configuration: config_interface -m_axi_max_widen_bitwidth=512
Execute         config_interface -m_axi_max_widen_bitwidth=512 
INFO-FLOW: Setting macro_cmd open_solution -flow_target vitis configuration: config_interface -default_interface=kernel
Execute         config_interface -default_interface=kernel 
Execute         send_msg_by_id INFO @200-435@%s%s 'open_solution -flow_target vitis' config_rtl -register_reset_num=3 
INFO: [HLS 200-435] Setting 'open_solution -flow_target vitis' configuration: config_rtl -register_reset_num=3
Execute         config_rtl -register_reset_num=3 
Execute         send_msg_by_id INFO @200-1465@%s 'part=xcu50-fsvh2104-2-e' from /home/cs2401.03/mini1-gemm/hls_config.cfg(2) 
INFO: [HLS 200-1465] Applying config ini 'part=xcu50-fsvh2104-2-e' from /home/cs2401.03/mini1-gemm/hls_config.cfg(2)
Execute         set_part xcu50-fsvh2104-2-e 
Execute           create_platform xcu50-fsvh2104-2-e -board  
Execute           source /home/Xilinx/2025.1/Vitis/common/technology/xilinx/common/xilinx.gen 
Execute             source /home/Xilinx/2025.1/Vitis/common/technology/xilinx/interface/plb46.gen 
Execute             source /home/Xilinx/2025.1/Vitis/common/technology/xilinx/interface/axi4.gen 
Execute             source /home/Xilinx/2025.1/Vitis/common/technology/xilinx/interface/nativeAXI4.gen 
Execute               source /home/Xilinx/2025.1/Vitis/common/technology/xilinx/interface/saxilite.gen 
Execute             source /home/Xilinx/2025.1/Vitis/common/technology/xilinx/scripts/xilinxcoregen.gen 
Execute             source /home/Xilinx/2025.1/Vitis/common/technology/xilinx/interface/XilEDKCoreGen.gen 
Execute             source /home/Xilinx/2025.1/Vitis/common/technology/xilinx/ip/xfir.gen 
Execute             source /home/Xilinx/2025.1/Vitis/common/technology/xilinx/ip/dds_compiler.gen 
Execute             source /home/Xilinx/2025.1/Vitis/common/technology/xilinx/ip/xfft.gen 
Execute             source /home/Xilinx/2025.1/Vitis/common/technology/xilinx/ip/util.gen 
Execute             source /home/Xilinx/2025.1/Vitis/common/technology/xilinx/DSP48/dsp48.gen 
Execute           ap_part_info -name xcu50-fsvh2104-2-e -data info 
Execute           config_compile -quiet -complex-mul-dsp=0 
Command         set_part done; 0.16 sec.
Execute         send_msg_by_id INFO @200-1465@%s 'clock=3.33ns' from /home/cs2401.03/mini1-gemm/hls_config.cfg(10) 
INFO: [HLS 200-1465] Applying config ini 'clock=3.33ns' from /home/cs2401.03/mini1-gemm/hls_config.cfg(10)
Execute         create_clock -period 3.33ns 
Execute           ap_set_clock -name default -period 3.33 -unit ns -default=false 
INFO: [SYN 201-201] Setting up clock 'default' with a period of 3.33ns.
Execute         send_msg_by_id INFO @200-1465@%s 'csim.argv=full' from /home/cs2401.03/mini1-gemm/hls_config.cfg(12) 
INFO: [HLS 200-1465] Applying config ini 'csim.argv=full' from /home/cs2401.03/mini1-gemm/hls_config.cfg(12)
Execute         config_csim -argv=full 
Execute         send_msg_by_id INFO @200-1465@%s 'package.output.format=xo' from /home/cs2401.03/mini1-gemm/hls_config.cfg(6) 
INFO: [HLS 200-1465] Applying config ini 'package.output.format=xo' from /home/cs2401.03/mini1-gemm/hls_config.cfg(6)
Execute         config_export -format=xo 
Command       apply_ini done; 0.19 sec.
Execute       write_component -config /home/cs2401.03/mini1-gemm/hls_config.cfg 
Execute         send_msg_by_id INFO @200-2176@%s /home/cs2401.03/mini1-gemm/build/hls/vitis-comp.json 
INFO: [HLS 200-2176] Writing Vitis IDE component file /home/cs2401.03/mini1-gemm/build/hls/vitis-comp.json
Command     open_solution done; 1.35 sec.
Command   open_component done; 1.35 sec.
Execute   apply_ini /home/cs2401.03/mini1-gemm/build/hls/hls/config.cmdline -iscmdline 
Execute   ::AP::init_summary_file cosim 
Execute     AP::app_get_file_relativeroot [AP::app_get_root] {}
Execute   cosim_design 
Execute     source /home/cs2401.03/mini1-gemm/build/hls/hls/.autopilot/db/global.setting.tcl 
Execute     source /home/cs2401.03/mini1-gemm/build/hls/hls/.autopilot/db/global.setting.tcl 
Execute     source /home/cs2401.03/mini1-gemm/build/hls/hls/.autopilot/db/global.setting.tcl 
INFO-FLOW: DBG:PUTS: read_platform_lib /home/cs2401.03/mini1-gemm/build/hls/hls/.autopilot/db/global.setting.tcl
Execute     source /home/Xilinx/2025.1/Vitis/common/technology/generic/autopilot/common.gen 
Execute       source /home/Xilinx/2025.1/Vitis/common/technology/generic/autopilot/APCoreGen.gen 
Execute     source /home/Xilinx/2025.1/Vitis/common/technology/generic/autopilot/op.gen 
Execute     source /home/Xilinx/2025.1/Vitis/common/technology/generic/autopilot/op_simcore.gen 
Execute     source /home/Xilinx/2025.1/Vitis/common/technology/generic/autopilot/interface.gen 
Execute     source /home/cs2401.03/mini1-gemm/build/hls/hls/.autopilot/db/global.setting.tcl 
Execute     source /home/Xilinx/2025.1/Vitis/common/technology/xilinx/common/xilinx.gen 
Execute       source /home/Xilinx/2025.1/Vitis/common/technology/xilinx/interface/plb46.gen 
Execute       source /home/Xilinx/2025.1/Vitis/common/technology/xilinx/interface/axi4.gen 
Execute       source /home/Xilinx/2025.1/Vitis/common/technology/xilinx/interface/nativeAXI4.gen 
Execute         source /home/Xilinx/2025.1/Vitis/common/technology/xilinx/interface/saxilite.gen 
Execute       source /home/Xilinx/2025.1/Vitis/common/technology/xilinx/scripts/xilinxcoregen.gen 
Execute       source /home/Xilinx/2025.1/Vitis/common/technology/xilinx/interface/XilEDKCoreGen.gen 
Execute       source /home/Xilinx/2025.1/Vitis/common/technology/xilinx/ip/xfir.gen 
Execute       source /home/Xilinx/2025.1/Vitis/common/technology/xilinx/ip/dds_compiler.gen 
Execute       source /home/Xilinx/2025.1/Vitis/common/technology/xilinx/ip/xfft.gen 
Execute       source /home/Xilinx/2025.1/Vitis/common/technology/xilinx/ip/util.gen 
Execute       source /home/Xilinx/2025.1/Vitis/common/technology/xilinx/DSP48/dsp48.gen 
INFO-FLOW: DBG:PUTS:   using AESL_AUTOCG::g_clock_period=3.330 (was NA)
Execute     ap_part_info -name xcu50-fsvh2104-2-e -data names -quiet 
Execute     ap_part_info -name xcu50-fsvh2104-2-e -data info -quiet 
Execute     source /home/cs2401.03/mini1-gemm/build/hls/hls/.autopilot/db/global.setting.tcl 
Execute     source /home/cs2401.03/mini1-gemm/build/hls/hls/.autopilot/db/gemm.rtl_wrap.cfg.tcl 
Execute     source /home/cs2401.03/mini1-gemm/build/hls/hls/.autopilot/db/gemm.tbgen.tcl 
Execute     source /home/cs2401.03/mini1-gemm/build/hls/hls/.autopilot/db/cosimDB.tcl 
Execute     source /home/cs2401.03/mini1-gemm/build/hls/hls/.autopilot/db/gemm.tbgen.tcl 
Execute     source /home/cs2401.03/mini1-gemm/build/hls/hls/.autopilot/db/gemm.tbgen.tcl 
Execute     source /home/cs2401.03/mini1-gemm/build/hls/hls/.autopilot/db/gemm.tbgen.tcl 
INFO: [COSIM 212-47] Using XSIM for RTL simulation.
INFO: [COSIM 212-14] Instrumenting C test bench ...
Execute     ap_part_info -name xcu50-fsvh2104-2-e -data info 
INFO-FLOW: run_clang exec: /home/Xilinx/2025.1/Vitis/lnx64/tools/vcxx/libexec/clang -fno-builtin-isinf -fno-builtin-isnan -E -Wno-unknown-pragmas -Wno-unknown-pragmas -DGCC_COMPATIBLE_APINT -DAESL_TB -D__HLS_COSIM__ -D__VITIS_HLS__ -I /home/Xilinx/2025.1/Vitis/include -I include /home/cs2401.03/mini1-gemm/src/kernel_tb.cpp -o /home/cs2401.03/mini1-gemm/build/hls/hls/./sim/autowrap/testbench/kernel_tb.cpp_pre.cpp -std=gnu++14 -D__DSP48E2__ --gcc-toolchain=/home/Xilinx/2025.1/Vitis/tps/lnx64/gcc-8.3.0 > /home/cs2401.03/mini1-gemm/build/hls/hls/.autopilot/db/kernel_tb.cpp.clang.autosim-tb.out.log 2> /home/cs2401.03/mini1-gemm/build/hls/hls/.autopilot/db/kernel_tb.cpp.clang.autosim-tb.err.log
INFO-FLOW: TB processing: /home/cs2401.03/mini1-gemm/src/kernel_tb.cpp /home/cs2401.03/mini1-gemm/build/hls/hls/./sim/autowrap/testbench/kernel_tb.cpp_pre.cpp
Execute     clang_tidy xilinx-tb-process -desc tb-process /home/cs2401.03/mini1-gemm/build/hls/hls/./sim/autowrap/testbench/kernel_tb.cpp_pre.cpp.tb.cpp std=gnu++14 
INFO-FLOW: exec /home/Xilinx/2025.1/Vitis/lnx64/tools/clang-3.9-csynth/bin/clang-tidy -header-filter=.* --checks=-*,xilinx-tb-process -fix-errors /home/cs2401.03/mini1-gemm/build/hls/hls/./sim/autowrap/testbench/kernel_tb.cpp_pre.cpp.tb.cpp -- -std=gnu++14 -fhls -ferror-limit=0
Command     clang_tidy done; 0.18 sec.
Execute     ap_part_info -name xcu50-fsvh2104-2-e -data info 
INFO-FLOW: run_clang exec: /home/Xilinx/2025.1/Vitis/lnx64/tools/vcxx/libexec/clang -fno-builtin-isinf -fno-builtin-isnan -E -DGCC_COMPATIBLE_APINT -DAESL_TB -D__HLS_COSIM__ -D__VITIS_HLS__ -I /home/Xilinx/2025.1/Vitis/include -I include /home/cs2401.03/mini1-gemm/src/kernel.cpp -o /home/cs2401.03/mini1-gemm/build/hls/hls/./sim/autowrap/testbench/kernel.cpp_pre.cpp -std=gnu++14 -D__DSP48E2__ --gcc-toolchain=/home/Xilinx/2025.1/Vitis/tps/lnx64/gcc-8.3.0 > /home/cs2401.03/mini1-gemm/build/hls/hls/.autopilot/db/kernel.cpp.clang.autosim-tb.out.log 2> /home/cs2401.03/mini1-gemm/build/hls/hls/.autopilot/db/kernel.cpp.clang.autosim-tb.err.log
INFO-FLOW: TB processing: /home/cs2401.03/mini1-gemm/src/kernel.cpp /home/cs2401.03/mini1-gemm/build/hls/hls/./sim/autowrap/testbench/kernel.cpp_pre.cpp
Execute     clang_tidy xilinx-tb-process -desc tb-process /home/cs2401.03/mini1-gemm/build/hls/hls/./sim/autowrap/testbench/kernel.cpp_pre.cpp.tb.cpp std=gnu++14 
INFO-FLOW: exec /home/Xilinx/2025.1/Vitis/lnx64/tools/clang-3.9-csynth/bin/clang-tidy -header-filter=.* --checks=-*,xilinx-tb-process -fix-errors /home/cs2401.03/mini1-gemm/build/hls/hls/./sim/autowrap/testbench/kernel.cpp_pre.cpp.tb.cpp -- -std=gnu++14 -fhls -ferror-limit=0
Execute     source /home/cs2401.03/mini1-gemm/build/hls/hls/./sim/autowrap/testbench/tb.status.tcl 
Execute     source /home/cs2401.03/mini1-gemm/build/hls/hls/.autopilot/db/global.setting.tcl 
Execute     source /home/cs2401.03/mini1-gemm/build/hls/hls/.autopilot/db/gemm.rtl_wrap.cfg.tcl 
Execute     source /home/cs2401.03/mini1-gemm/build/hls/hls/.autopilot/db/gemm.rtl_wrap.cfg.tcl 
Execute     source /home/cs2401.03/mini1-gemm/build/hls/hls/.autopilot/db/gemm.rtl_wrap.cfg.tcl 
Execute     source /home/cs2401.03/mini1-gemm/build/hls/hls/.autopilot/db/gemm.tbgen.tcl 
Execute     source /home/cs2401.03/mini1-gemm/build/hls/hls/.autopilot/db/gemm.tbgen.tcl 
Execute     source /home/cs2401.03/mini1-gemm/build/hls/hls/.autopilot/db/gemm.tbgen.tcl 
Execute     ap_part_info -name xcu50-fsvh2104-2-e -data info 
Execute     source .run_sim.tcl 
INFO: [COSIM 212-302] Starting C TB testing ... 
INFO: [COSIM 212-333] Generating C post check test bench ...
Execute     source /home/cs2401.03/mini1-gemm/build/hls/hls/.autopilot/db/gemm.tbgen.tcl 
Execute     source /home/cs2401.03/mini1-gemm/build/hls/hls/.autopilot/db/gemm.tbgen.tcl 
Execute     source /home/cs2401.03/mini1-gemm/build/hls/hls/.autopilot/db/gemm.tbgen.tcl 
Execute     source /home/cs2401.03/mini1-gemm/build/hls/hls/.autopilot/db/gemm.tbgen.tcl 
Execute     source /home/cs2401.03/mini1-gemm/build/hls/hls/.autopilot/db/gemm.tbgen.tcl 
Execute     source /home/cs2401.03/mini1-gemm/build/hls/hls/.autopilot/db/gemm.tbgen.tcl 
Execute     source /home/cs2401.03/mini1-gemm/build/hls/hls/.autopilot/db/gemm.tbgen.tcl 
Execute     source /home/cs2401.03/mini1-gemm/build/hls/hls/.autopilot/db/gemm.tbgen.tcl 
INFO: [COSIM 212-12] Generating RTL test bench ...
Execute     source ../tv/cdatafile/ref.tcl 
Execute     source /home/cs2401.03/mini1-gemm/build/hls/hls/.autopilot/db/gemm.tbgen.tcl 
Execute     source /home/cs2401.03/mini1-gemm/build/hls/hls/.autopilot/db/gemm.tbgen.tcl 
Execute     source /home/cs2401.03/mini1-gemm/build/hls/hls/.autopilot/db/gemm.tbgen.tcl 
Execute     source /home/cs2401.03/mini1-gemm/build/hls/hls/.autopilot/db/gemm.tbgen.tcl 
Execute     source ../tv/cdatafile/ref.tcl 
Execute     source /home/cs2401.03/mini1-gemm/build/hls/hls/.autopilot/db/gemm.tbgen.tcl 
Execute     source /home/cs2401.03/mini1-gemm/build/hls/hls/.autopilot/db/gemm.tbgen.tcl 
Execute     source /home/cs2401.03/mini1-gemm/build/hls/hls/.autopilot/db/gemm.tbgen.tcl 
Execute     source /home/cs2401.03/mini1-gemm/build/hls/hls/.autopilot/db/gemm.tbgen.tcl 
Execute     source /home/cs2401.03/mini1-gemm/build/hls/hls/.autopilot/db/gemm.tbgen.tcl 
Execute     source /home/cs2401.03/mini1-gemm/build/hls/hls/.autopilot/db/gemm.tbgen.tcl 
Execute     source /home/cs2401.03/mini1-gemm/build/hls/hls/.autopilot/db/gemm.tbgen.tcl 
Execute     source /home/cs2401.03/mini1-gemm/build/hls/hls/.autopilot/db/gemm.tbgen.tcl 
Execute     source /home/cs2401.03/mini1-gemm/build/hls/hls/.autopilot/db/gemm.tbgen.tcl 
Execute     source /home/cs2401.03/mini1-gemm/build/hls/hls/.autopilot/db/gemm.DependenceCheck.tcl 
Execute     source /home/cs2401.03/mini1-gemm/build/hls/hls/.autopilot/db/gemm.tbgen.tcl 
Execute     source /home/cs2401.03/mini1-gemm/build/hls/hls/.autopilot/db/gemm.tbgen.tcl 
Execute     source /home/cs2401.03/mini1-gemm/build/hls/hls/.autopilot/db/gemm.tbgen.tcl 
Execute     source /home/cs2401.03/mini1-gemm/build/hls/hls/.autopilot/db/gemm.tbgen.tcl 
Execute     source /home/cs2401.03/mini1-gemm/build/hls/hls/.autopilot/db/gemm.tbgen.tcl 
Execute     source /home/cs2401.03/mini1-gemm/build/hls/hls/.autopilot/db/gemm.tbgen.tcl 
Execute     source /home/cs2401.03/mini1-gemm/build/hls/hls/.autopilot/db/gemm.tbgen.tcl 
Execute     source /home/cs2401.03/mini1-gemm/build/hls/hls/.autopilot/db/gemm.tbgen.tcl 
Execute     source /home/cs2401.03/mini1-gemm/build/hls/hls/.autopilot/db/gemm.tbgen.tcl 
Execute     source /home/cs2401.03/mini1-gemm/build/hls/hls/.autopilot/db/gemm.tbgen.tcl 
Execute     source /home/cs2401.03/mini1-gemm/build/hls/hls/.autopilot/db/gemm.tbgen.tcl 
Execute     source /home/cs2401.03/mini1-gemm/build/hls/hls/.autopilot/db/gemm.tbgen.tcl 
Execute     source /home/cs2401.03/mini1-gemm/build/hls/hls/.autopilot/db/gemm.tbgen.tcl 
Execute     source /home/cs2401.03/mini1-gemm/build/hls/hls/.autopilot/db/gemm.tbgen.tcl 
Execute     source /home/cs2401.03/mini1-gemm/build/hls/hls/.autopilot/db/gemm.tbgen.tcl 
Execute     source /home/cs2401.03/mini1-gemm/build/hls/hls/.autopilot/db/gemm.tbgen.tcl 
Execute     source /home/cs2401.03/mini1-gemm/build/hls/hls/.autopilot/db/gemm.tbgen.tcl 
Execute     source /home/cs2401.03/mini1-gemm/build/hls/hls/.autopilot/db/gemm.tbgen.tcl 
Execute     source /home/cs2401.03/mini1-gemm/build/hls/hls/.autopilot/db/gemm.tbgen.tcl 
Execute     source /home/cs2401.03/mini1-gemm/build/hls/hls/.autopilot/db/gemm.tbgen.tcl 
Execute     source /home/cs2401.03/mini1-gemm/build/hls/hls/.autopilot/db/gemm.tbgen.tcl 
Execute     source /home/cs2401.03/mini1-gemm/build/hls/hls/.autopilot/db/gemm.tbgen.tcl 
Execute     source /home/cs2401.03/mini1-gemm/build/hls/hls/.autopilot/db/gemm.tbgen.tcl 
Execute     source /home/cs2401.03/mini1-gemm/build/hls/hls/.autopilot/db/gemm.tbgen.tcl 
Execute     source /home/cs2401.03/mini1-gemm/build/hls/hls/.autopilot/db/gemm.tbgen.tcl 
Execute     source /home/cs2401.03/mini1-gemm/build/hls/hls/.autopilot/db/gemm.tbgen.tcl 
Execute     source /home/cs2401.03/mini1-gemm/build/hls/hls/.autopilot/db/gemm.tbgen.tcl 
Execute     source /home/cs2401.03/mini1-gemm/build/hls/hls/.autopilot/db/gemm.tbgen.tcl 
Execute     source /home/cs2401.03/mini1-gemm/build/hls/hls/.autopilot/db/gemm.tbgen.tcl 
Execute     ap_part_info -name xcu50-fsvh2104-2-e -data names -quiet 
Execute     ap_part_info -name xcu50-fsvh2104-2-e -data info -quiet 
INFO: [COSIM 212-1] *** C/RTL co-simulation file generation completed. ***
Execute     source .run_sim.tcl 
Execute       source check_sim.tcl 
Execute       source dataflow_monitor_API.tcl 
Execute       source .sim.status.tcl 
INFO: [COSIM 212-323] Starting verilog simulation. 
INFO: [COSIM 212-15] Starting XSIM ...
INFO: [COSIM 212-316] Starting C post checking ...
Command     ap_source done; 136.21 sec.
INFO: [COSIM 212-1000] *** C/RTL co-simulation finished: PASS ***
Command   cosim_design done; 172.3 sec.
Execute   close_project 
Execute     close_solution 
Execute       cleanup_all 
Execute       cleanup_all 
