

================================================================
== Vitis HLS Report for 'gemm_Pipeline_VITIS_LOOP_33_3'
================================================================
* Date:           Thu Oct  1 02:36:21 2026

* Version:        2025.1 (Build 6135595 on May 21 2025)
* Project:        hls
* Solution:       hls (Vitis Kernel Flow Target)
* Product family: virtexuplusHBM
* Target device:  xcu50-fsvh2104-2-e


================================================================
== Performance Estimates
================================================================
+ Timing: 
    * Summary: 
    +--------+---------+----------+------------+
    |  Clock |  Target | Estimated| Uncertainty|
    +--------+---------+----------+------------+
    |ap_clk  |  3.33 ns|  2.431 ns|     0.90 ns|
    +--------+---------+----------+------------+

+ Latency: 
    * Summary: 
    +---------+---------+----------+----------+-----+-----+------------------------------------------------+
    |  Latency (cycles) |  Latency (absolute) |  Interval |                    Pipeline                    |
    |   min   |   max   |    min   |    max   | min | max |                      Type                      |
    +---------+---------+----------+----------+-----+-----+------------------------------------------------+
    |        ?|        ?|         ?|         ?|    0|    0|  loop auto-rewind stp (delay=0 clock cycles(s))|
    +---------+---------+----------+----------+-----+-----+------------------------------------------------+

    + Detail: 
        * Instance: 
        N/A

        * Loop: 
        +-------------------+---------+---------+----------+-----------+-----------+------+----------+
        |                   |  Latency (cycles) | Iteration|  Initiation Interval  | Trip |          |
        |     Loop Name     |   min   |   max   |  Latency |  achieved |   target  | Count| Pipelined|
        +-------------------+---------+---------+----------+-----------+-----------+------+----------+
        |- VITIS_LOOP_33_3  |        ?|        ?|        86|          8|          1|     ?|       yes|
        +-------------------+---------+---------+----------+-----------+-----------+------+----------+



================================================================
== Utilization Estimates
================================================================
* Summary: 
+---------------------+---------+------+---------+--------+-----+
|         Name        | BRAM_18K|  DSP |    FF   |   LUT  | URAM|
+---------------------+---------+------+---------+--------+-----+
|DSP                  |        -|     -|        -|       -|    -|
|Expression           |        -|     -|        0|     298|    -|
|FIFO                 |        -|     -|        -|       -|    -|
|Instance             |        -|     5|      461|     276|    -|
|Memory               |        -|     -|        -|       -|    -|
|Multiplexer          |        -|     -|        0|     229|    -|
|Register             |        -|     -|      477|      32|    -|
+---------------------+---------+------+---------+--------+-----+
|Total                |        0|     5|      938|     835|    0|
+---------------------+---------+------+---------+--------+-----+
|Available SLR        |     1344|  2976|   871680|  435840|  320|
+---------------------+---------+------+---------+--------+-----+
|Utilization SLR (%)  |        0|    ~0|       ~0|      ~0|    0|
+---------------------+---------+------+---------+--------+-----+
|Available            |     2688|  5952|  1743360|  871680|  640|
+---------------------+---------+------+---------+--------+-----+
|Utilization (%)      |        0|    ~0|       ~0|      ~0|    0|
+---------------------+---------+------+---------+--------+-----+

+ Detail: 
    * Instance: 
    +-----------------------------------+--------------------------------+---------+----+-----+-----+-----+
    |              Instance             |             Module             | BRAM_18K| DSP|  FF | LUT | URAM|
    +-----------------------------------+--------------------------------+---------+----+-----+-----+-----+
    |fadd_32ns_32ns_32_7_full_dsp_1_U1  |fadd_32ns_32ns_32_7_full_dsp_1  |        0|   2|  318|  198|    0|
    |fmul_32ns_32ns_32_4_max_dsp_1_U2   |fmul_32ns_32ns_32_4_max_dsp_1   |        0|   3|  143|   78|    0|
    +-----------------------------------+--------------------------------+---------+----+-----+-----+-----+
    |Total                              |                                |        0|   5|  461|  276|    0|
    +-----------------------------------+--------------------------------+---------+----+-----+-----+-----+

    * DSP: 
    N/A

    * Memory: 
    N/A

    * FIFO: 
    N/A

    * Expression: 
    +--------------------------------+----------+----+---+----+------------+------------+
    |          Variable Name         | Operation| DSP| FF| LUT| Bitwidth P0| Bitwidth P1|
    +--------------------------------+----------+----+---+----+------------+------------+
    |add_ln33_fu_200_p2              |         +|   0|  0|  38|          31|           1|
    |add_ln34_1_fu_232_p2            |         +|   0|  0|  71|          64|          64|
    |add_ln34_2_fu_214_p2            |         +|   0|  0|  69|          62|          62|
    |add_ln34_fu_219_p2              |         +|   0|  0|  69|          62|          62|
    |ap_block_pp0_stage1_11001       |       and|   0|  0|   2|           1|           1|
    |ap_block_pp0_stage1_11001_grp2  |       and|   0|  0|   2|           1|           1|
    |ap_block_pp0_stage1_11001_grp3  |       and|   0|  0|   2|           1|           1|
    |ap_block_pp0_stage2_11001       |       and|   0|  0|   2|           1|           1|
    |ap_block_state3_io_grp1         |       and|   0|  0|   2|           1|           1|
    |icmp_ln33_fu_194_p2             |      icmp|   0|  0|  39|          32|          32|
    |ap_enable_pp0                   |       xor|   0|  0|   2|           1|           2|
    +--------------------------------+----------+----+---+----+------------+------------+
    |Total                           |          |   0|  0| 298|         257|         228|
    +--------------------------------+----------+----+---+----+------------+------------+

    * Multiplexer: 
    +----------------------------------+----+-----------+-----+-----------+
    |               Name               | LUT| Input Size| Bits| Total Bits|
    +----------------------------------+----+-----------+-----+-----------+
    |acc_fu_90                         |   9|          2|   32|         64|
    |ap_NS_fsm                         |  49|          9|    1|          9|
    |ap_done_int                       |   9|          2|    1|          2|
    |ap_enable_reg_pp0_iter0           |   9|          2|    1|          2|
    |ap_enable_reg_pp0_iter1           |   9|          2|    1|          2|
    |ap_enable_reg_pp0_iter10          |   9|          2|    1|          2|
    |ap_loop_exit_ready_pp0_iter1_reg  |   9|          2|    1|          2|
    |ap_loop_exit_ready_pp0_iter2_reg  |   9|          2|    1|          2|
    |ap_loop_exit_ready_pp0_iter3_reg  |   9|          2|    1|          2|
    |ap_loop_exit_ready_pp0_iter4_reg  |   9|          2|    1|          2|
    |ap_loop_exit_ready_pp0_iter5_reg  |   9|          2|    1|          2|
    |ap_loop_exit_ready_pp0_iter6_reg  |   9|          2|    1|          2|
    |ap_loop_exit_ready_pp0_iter7_reg  |   9|          2|    1|          2|
    |ap_loop_exit_ready_pp0_iter8_reg  |   9|          2|    1|          2|
    |ap_loop_exit_ready_pp0_iter9_reg  |   9|          2|    1|          2|
    |ap_sig_allocacmp_k_1              |   9|          2|   31|         62|
    |gmem0_blk_n_R                     |   9|          2|    1|          2|
    |gmem1_blk_n_AR                    |   9|          2|    1|          2|
    |gmem1_blk_n_R                     |   9|          2|    1|          2|
    |k_fu_94                           |   9|          2|   31|         62|
    |phi_mul_fu_86                     |   9|          2|   62|        124|
    +----------------------------------+----+-----------+-----+-----------+
    |Total                             | 229|         49|  173|        353|
    +----------------------------------+----+-----------+-----+-----------+

    * Register: 
    +-------------------------------------------+----+----+-----+-----------+
    |                    Name                   | FF | LUT| Bits| Const Bits|
    +-------------------------------------------+----+----+-----+-----------+
    |acc_1_reg_370                              |  32|   0|   32|          0|
    |acc_fu_90                                  |  32|   0|   32|          0|
    |ap_CS_fsm                                  |   8|   0|    8|          0|
    |ap_block_pp0_stage1_subdone_grp0_done_reg  |   1|   0|    1|          0|
    |ap_block_pp0_stage1_subdone_grp2_done_reg  |   1|   0|    1|          0|
    |ap_block_pp0_stage1_subdone_grp3_done_reg  |   1|   0|    1|          0|
    |ap_block_pp0_stage2_subdone_grp0_done_reg  |   1|   0|    1|          0|
    |ap_done_reg                                |   1|   0|    1|          0|
    |ap_enable_reg_pp0_iter0_reg                |   1|   0|    1|          0|
    |ap_enable_reg_pp0_iter1                    |   1|   0|    1|          0|
    |ap_enable_reg_pp0_iter10                   |   1|   0|    1|          0|
    |ap_enable_reg_pp0_iter2                    |   1|   0|    1|          0|
    |ap_enable_reg_pp0_iter3                    |   1|   0|    1|          0|
    |ap_enable_reg_pp0_iter4                    |   1|   0|    1|          0|
    |ap_enable_reg_pp0_iter5                    |   1|   0|    1|          0|
    |ap_enable_reg_pp0_iter6                    |   1|   0|    1|          0|
    |ap_enable_reg_pp0_iter7                    |   1|   0|    1|          0|
    |ap_enable_reg_pp0_iter8                    |   1|   0|    1|          0|
    |ap_enable_reg_pp0_iter9                    |   1|   0|    1|          0|
    |ap_loop_exit_ready_pp0_iter1_reg           |   1|   0|    1|          0|
    |ap_loop_exit_ready_pp0_iter2_reg           |   1|   0|    1|          0|
    |ap_loop_exit_ready_pp0_iter3_reg           |   1|   0|    1|          0|
    |ap_loop_exit_ready_pp0_iter4_reg           |   1|   0|    1|          0|
    |ap_loop_exit_ready_pp0_iter5_reg           |   1|   0|    1|          0|
    |ap_loop_exit_ready_pp0_iter6_reg           |   1|   0|    1|          0|
    |ap_loop_exit_ready_pp0_iter7_reg           |   1|   0|    1|          0|
    |ap_loop_exit_ready_pp0_iter8_reg           |   1|   0|    1|          0|
    |ap_loop_exit_ready_pp0_iter9_reg           |   1|   0|    1|          0|
    |gmem0_addr_read_reg_340                    |  32|   0|   32|          0|
    |gmem1_addr_read_reg_345                    |  32|   0|   32|          0|
    |gmem1_addr_reg_334                         |  64|   0|   64|          0|
    |icmp_ln33_reg_330                          |   1|   0|    1|          0|
    |k_fu_94                                    |  31|   0|   31|          0|
    |mul_reg_360                                |  32|   0|   32|          0|
    |phi_mul_fu_86                              |  62|   0|   62|          0|
    |sext_ln30_cast_reg_320                     |  31|   0|   62|         31|
    |zext_ln31_cast_reg_315                     |  31|   0|   62|         31|
    |icmp_ln33_reg_330                          |  64|  32|    1|          0|
    +-------------------------------------------+----+----+-----+-----------+
    |Total                                      | 477|  32|  476|         62|
    +-------------------------------------------+----+----+-----+-----------+



================================================================
== Interface
================================================================
* Summary: 
+------------------------+-----+-----+------------+-------------------------------+--------------+
|        RTL Ports       | Dir | Bits|  Protocol  |         Source Object         |    C Type    |
+------------------------+-----+-----+------------+-------------------------------+--------------+
|ap_clk                  |   in|    1|  ap_ctrl_hs|  gemm_Pipeline_VITIS_LOOP_33_3|  return value|
|ap_rst                  |   in|    1|  ap_ctrl_hs|  gemm_Pipeline_VITIS_LOOP_33_3|  return value|
|ap_start                |   in|    1|  ap_ctrl_hs|  gemm_Pipeline_VITIS_LOOP_33_3|  return value|
|ap_done                 |  out|    1|  ap_ctrl_hs|  gemm_Pipeline_VITIS_LOOP_33_3|  return value|
|ap_idle                 |  out|    1|  ap_ctrl_hs|  gemm_Pipeline_VITIS_LOOP_33_3|  return value|
|ap_ready                |  out|    1|  ap_ctrl_hs|  gemm_Pipeline_VITIS_LOOP_33_3|  return value|
|m_axi_gmem1_0_AWVALID   |  out|    1|       m_axi|                          gmem1|       pointer|
|m_axi_gmem1_0_AWREADY   |   in|    1|       m_axi|                          gmem1|       pointer|
|m_axi_gmem1_0_AWADDR    |  out|   64|       m_axi|                          gmem1|       pointer|
|m_axi_gmem1_0_AWID      |  out|    1|       m_axi|                          gmem1|       pointer|
|m_axi_gmem1_0_AWLEN     |  out|   32|       m_axi|                          gmem1|       pointer|
|m_axi_gmem1_0_AWSIZE    |  out|    3|       m_axi|                          gmem1|       pointer|
|m_axi_gmem1_0_AWBURST   |  out|    2|       m_axi|                          gmem1|       pointer|
|m_axi_gmem1_0_AWLOCK    |  out|    2|       m_axi|                          gmem1|       pointer|
|m_axi_gmem1_0_AWCACHE   |  out|    4|       m_axi|                          gmem1|       pointer|
|m_axi_gmem1_0_AWPROT    |  out|    3|       m_axi|                          gmem1|       pointer|
|m_axi_gmem1_0_AWQOS     |  out|    4|       m_axi|                          gmem1|       pointer|
|m_axi_gmem1_0_AWREGION  |  out|    4|       m_axi|                          gmem1|       pointer|
|m_axi_gmem1_0_AWUSER    |  out|    1|       m_axi|                          gmem1|       pointer|
|m_axi_gmem1_0_WVALID    |  out|    1|       m_axi|                          gmem1|       pointer|
|m_axi_gmem1_0_WREADY    |   in|    1|       m_axi|                          gmem1|       pointer|
|m_axi_gmem1_0_WDATA     |  out|   32|       m_axi|                          gmem1|       pointer|
|m_axi_gmem1_0_WSTRB     |  out|    4|       m_axi|                          gmem1|       pointer|
|m_axi_gmem1_0_WLAST     |  out|    1|       m_axi|                          gmem1|       pointer|
|m_axi_gmem1_0_WID       |  out|    1|       m_axi|                          gmem1|       pointer|
|m_axi_gmem1_0_WUSER     |  out|    1|       m_axi|                          gmem1|       pointer|
|m_axi_gmem1_0_ARVALID   |  out|    1|       m_axi|                          gmem1|       pointer|
|m_axi_gmem1_0_ARREADY   |   in|    1|       m_axi|                          gmem1|       pointer|
|m_axi_gmem1_0_ARADDR    |  out|   64|       m_axi|                          gmem1|       pointer|
|m_axi_gmem1_0_ARID      |  out|    1|       m_axi|                          gmem1|       pointer|
|m_axi_gmem1_0_ARLEN     |  out|   32|       m_axi|                          gmem1|       pointer|
|m_axi_gmem1_0_ARSIZE    |  out|    3|       m_axi|                          gmem1|       pointer|
|m_axi_gmem1_0_ARBURST   |  out|    2|       m_axi|                          gmem1|       pointer|
|m_axi_gmem1_0_ARLOCK    |  out|    2|       m_axi|                          gmem1|       pointer|
|m_axi_gmem1_0_ARCACHE   |  out|    4|       m_axi|                          gmem1|       pointer|
|m_axi_gmem1_0_ARPROT    |  out|    3|       m_axi|                          gmem1|       pointer|
|m_axi_gmem1_0_ARQOS     |  out|    4|       m_axi|                          gmem1|       pointer|
|m_axi_gmem1_0_ARREGION  |  out|    4|       m_axi|                          gmem1|       pointer|
|m_axi_gmem1_0_ARUSER    |  out|    1|       m_axi|                          gmem1|       pointer|
|m_axi_gmem1_0_RVALID    |   in|    1|       m_axi|                          gmem1|       pointer|
|m_axi_gmem1_0_RREADY    |  out|    1|       m_axi|                          gmem1|       pointer|
|m_axi_gmem1_0_RDATA     |   in|   32|       m_axi|                          gmem1|       pointer|
|m_axi_gmem1_0_RLAST     |   in|    1|       m_axi|                          gmem1|       pointer|
|m_axi_gmem1_0_RID       |   in|    1|       m_axi|                          gmem1|       pointer|
|m_axi_gmem1_0_RFIFONUM  |   in|    9|       m_axi|                          gmem1|       pointer|
|m_axi_gmem1_0_RUSER     |   in|    1|       m_axi|                          gmem1|       pointer|
|m_axi_gmem1_0_RRESP     |   in|    2|       m_axi|                          gmem1|       pointer|
|m_axi_gmem1_0_BVALID    |   in|    1|       m_axi|                          gmem1|       pointer|
|m_axi_gmem1_0_BREADY    |  out|    1|       m_axi|                          gmem1|       pointer|
|m_axi_gmem1_0_BRESP     |   in|    2|       m_axi|                          gmem1|       pointer|
|m_axi_gmem1_0_BID       |   in|    1|       m_axi|                          gmem1|       pointer|
|m_axi_gmem1_0_BUSER     |   in|    1|       m_axi|                          gmem1|       pointer|
|m_axi_gmem0_0_AWVALID   |  out|    1|       m_axi|                          gmem0|       pointer|
|m_axi_gmem0_0_AWREADY   |   in|    1|       m_axi|                          gmem0|       pointer|
|m_axi_gmem0_0_AWADDR    |  out|   64|       m_axi|                          gmem0|       pointer|
|m_axi_gmem0_0_AWID      |  out|    1|       m_axi|                          gmem0|       pointer|
|m_axi_gmem0_0_AWLEN     |  out|   32|       m_axi|                          gmem0|       pointer|
|m_axi_gmem0_0_AWSIZE    |  out|    3|       m_axi|                          gmem0|       pointer|
|m_axi_gmem0_0_AWBURST   |  out|    2|       m_axi|                          gmem0|       pointer|
|m_axi_gmem0_0_AWLOCK    |  out|    2|       m_axi|                          gmem0|       pointer|
|m_axi_gmem0_0_AWCACHE   |  out|    4|       m_axi|                          gmem0|       pointer|
|m_axi_gmem0_0_AWPROT    |  out|    3|       m_axi|                          gmem0|       pointer|
|m_axi_gmem0_0_AWQOS     |  out|    4|       m_axi|                          gmem0|       pointer|
|m_axi_gmem0_0_AWREGION  |  out|    4|       m_axi|                          gmem0|       pointer|
|m_axi_gmem0_0_AWUSER    |  out|    1|       m_axi|                          gmem0|       pointer|
|m_axi_gmem0_0_WVALID    |  out|    1|       m_axi|                          gmem0|       pointer|
|m_axi_gmem0_0_WREADY    |   in|    1|       m_axi|                          gmem0|       pointer|
|m_axi_gmem0_0_WDATA     |  out|   32|       m_axi|                          gmem0|       pointer|
|m_axi_gmem0_0_WSTRB     |  out|    4|       m_axi|                          gmem0|       pointer|
|m_axi_gmem0_0_WLAST     |  out|    1|       m_axi|                          gmem0|       pointer|
|m_axi_gmem0_0_WID       |  out|    1|       m_axi|                          gmem0|       pointer|
|m_axi_gmem0_0_WUSER     |  out|    1|       m_axi|                          gmem0|       pointer|
|m_axi_gmem0_0_ARVALID   |  out|    1|       m_axi|                          gmem0|       pointer|
|m_axi_gmem0_0_ARREADY   |   in|    1|       m_axi|                          gmem0|       pointer|
|m_axi_gmem0_0_ARADDR    |  out|   64|       m_axi|                          gmem0|       pointer|
|m_axi_gmem0_0_ARID      |  out|    1|       m_axi|                          gmem0|       pointer|
|m_axi_gmem0_0_ARLEN     |  out|   32|       m_axi|                          gmem0|       pointer|
|m_axi_gmem0_0_ARSIZE    |  out|    3|       m_axi|                          gmem0|       pointer|
|m_axi_gmem0_0_ARBURST   |  out|    2|       m_axi|                          gmem0|       pointer|
|m_axi_gmem0_0_ARLOCK    |  out|    2|       m_axi|                          gmem0|       pointer|
|m_axi_gmem0_0_ARCACHE   |  out|    4|       m_axi|                          gmem0|       pointer|
|m_axi_gmem0_0_ARPROT    |  out|    3|       m_axi|                          gmem0|       pointer|
|m_axi_gmem0_0_ARQOS     |  out|    4|       m_axi|                          gmem0|       pointer|
|m_axi_gmem0_0_ARREGION  |  out|    4|       m_axi|                          gmem0|       pointer|
|m_axi_gmem0_0_ARUSER    |  out|    1|       m_axi|                          gmem0|       pointer|
|m_axi_gmem0_0_RVALID    |   in|    1|       m_axi|                          gmem0|       pointer|
|m_axi_gmem0_0_RREADY    |  out|    1|       m_axi|                          gmem0|       pointer|
|m_axi_gmem0_0_RDATA     |   in|   32|       m_axi|                          gmem0|       pointer|
|m_axi_gmem0_0_RLAST     |   in|    1|       m_axi|                          gmem0|       pointer|
|m_axi_gmem0_0_RID       |   in|    1|       m_axi|                          gmem0|       pointer|
|m_axi_gmem0_0_RFIFONUM  |   in|    9|       m_axi|                          gmem0|       pointer|
|m_axi_gmem0_0_RUSER     |   in|    1|       m_axi|                          gmem0|       pointer|
|m_axi_gmem0_0_RRESP     |   in|    2|       m_axi|                          gmem0|       pointer|
|m_axi_gmem0_0_BVALID    |   in|    1|       m_axi|                          gmem0|       pointer|
|m_axi_gmem0_0_BREADY    |  out|    1|       m_axi|                          gmem0|       pointer|
|m_axi_gmem0_0_BRESP     |   in|    2|       m_axi|                          gmem0|       pointer|
|m_axi_gmem0_0_BID       |   in|    1|       m_axi|                          gmem0|       pointer|
|m_axi_gmem0_0_BUSER     |   in|    1|       m_axi|                          gmem0|       pointer|
|K                       |   in|   32|     ap_none|                              K|        scalar|
|p_cast_cast             |   in|   62|     ap_none|                    p_cast_cast|        scalar|
|sext_ln30               |   in|   31|     ap_none|                      sext_ln30|        scalar|
|zext_ln31               |   in|   31|     ap_none|                      zext_ln31|        scalar|
|B                       |   in|   64|     ap_none|                              B|        scalar|
|acc_out                 |  out|   32|      ap_vld|                        acc_out|       pointer|
|acc_out_ap_vld          |  out|    1|      ap_vld|                        acc_out|       pointer|
+------------------------+-----+-----+------------+-------------------------------+--------------+

============================================================
+ Verbose Summary: Synthesis Manager
============================================================
InlineROM: 1
ExposeGlobal: 0
============================================================
+ Verbose Summary: CDFG Model
============================================================
IsTopModel: 0
ResetActiveHigh: 1
IsCombinational: 2
IsDatapathOnly: 2
HasWiredReturn: 1
HasMFsm: 2
HasVarLatency: 1
IsPipeline: 0
IsRtlPipelined: 0
IsInstanceOverlapped: 0
IsDontTouch: 0
HasImplIP: 0
IsGatedGlobalClock: 0

+ Individual pipeline summary: 
  * Pipeline-0: initiation interval (II) = 8, depth = 86


============================================================
+ Verbose Summary: Schedule
============================================================
* Number of FSM states : 86
* Pipeline : 1
  Pipeline-0 : II = 8, D = 86, States = { 1 2 3 4 5 6 7 8 9 10 11 12 13 14 15 16 17 18 19 20 21 22 23 24 25 26 27 28 29 30 31 32 33 34 35 36 37 38 39 40 41 42 43 44 45 46 47 48 49 50 51 52 53 54 55 56 57 58 59 60 61 62 63 64 65 66 67 68 69 70 71 72 73 74 75 76 77 78 79 80 81 82 83 84 85 86 }
* Dataflow Pipeline: 0

* FSM state transitions: 
1 --> 2 
2 --> 3 
3 --> 4 
4 --> 5 
5 --> 6 
6 --> 7 
7 --> 8 
8 --> 9 
9 --> 10 
10 --> 11 
11 --> 12 
12 --> 13 
13 --> 14 
14 --> 15 
15 --> 16 
16 --> 17 
17 --> 18 
18 --> 19 
19 --> 20 
20 --> 21 
21 --> 22 
22 --> 23 
23 --> 24 
24 --> 25 
25 --> 26 
26 --> 27 
27 --> 28 
28 --> 29 
29 --> 30 
30 --> 31 
31 --> 32 
32 --> 33 
33 --> 34 
34 --> 35 
35 --> 36 
36 --> 37 
37 --> 38 
38 --> 39 
39 --> 40 
40 --> 41 
41 --> 42 
42 --> 43 
43 --> 44 
44 --> 45 
45 --> 46 
46 --> 47 
47 --> 48 
48 --> 49 
49 --> 50 
50 --> 51 
51 --> 52 
52 --> 53 
53 --> 54 
54 --> 55 
55 --> 56 
56 --> 57 
57 --> 58 
58 --> 59 
59 --> 60 
60 --> 61 
61 --> 62 
62 --> 63 
63 --> 64 
64 --> 65 
65 --> 66 
66 --> 67 
67 --> 68 
68 --> 69 
69 --> 70 
70 --> 71 
71 --> 72 
72 --> 73 
73 --> 74 
74 --> 75 
75 --> 76 
76 --> 77 
77 --> 78 
78 --> 79 
79 --> 80 
80 --> 81 
81 --> 82 
82 --> 83 
83 --> 84 
84 --> 85 
85 --> 86 
86 --> 

* FSM state operations: 

State 1 <SV = 0> <Delay = 1.65>
ST_1 : Operation 89 [1/1] (0.00ns)   --->   "%phi_mul = alloca i32 1"   --->   Operation 89 'alloca' 'phi_mul' <Predicate = true> <Delay = 0.00>
ST_1 : Operation 90 [1/1] (0.00ns)   --->   "%acc = alloca i32 1" [../src/kernel.cpp:32]   --->   Operation 90 'alloca' 'acc' <Predicate = true> <Delay = 0.00>
ST_1 : Operation 91 [1/1] (0.00ns)   --->   "%k = alloca i32 1" [../src/kernel.cpp:33]   --->   Operation 91 'alloca' 'k' <Predicate = true> <Delay = 0.00>
ST_1 : Operation 92 [1/1] (0.00ns)   --->   "%B_read = read i64 @_ssdm_op_Read.ap_auto.i64, i64 %B"   --->   Operation 92 'read' 'B_read' <Predicate = true> <Delay = 0.00>
ST_1 : Operation 93 [1/1] (0.00ns)   --->   "%zext_ln31_read = read i31 @_ssdm_op_Read.ap_auto.i31, i31 %zext_ln31"   --->   Operation 93 'read' 'zext_ln31_read' <Predicate = true> <Delay = 0.00>
ST_1 : Operation 94 [1/1] (0.00ns)   --->   "%sext_ln30_read = read i31 @_ssdm_op_Read.ap_auto.i31, i31 %sext_ln30"   --->   Operation 94 'read' 'sext_ln30_read' <Predicate = true> <Delay = 0.00>
ST_1 : Operation 95 [1/1] (0.00ns)   --->   "%p_cast_cast_read = read i62 @_ssdm_op_Read.ap_auto.i62, i62 %p_cast_cast"   --->   Operation 95 'read' 'p_cast_cast_read' <Predicate = true> <Delay = 0.00>
ST_1 : Operation 96 [1/1] (0.00ns)   --->   "%K_read = read i32 @_ssdm_op_Read.ap_auto.i32, i32 %K"   --->   Operation 96 'read' 'K_read' <Predicate = true> <Delay = 0.00>
ST_1 : Operation 97 [1/1] (0.00ns)   --->   "%zext_ln31_cast = zext i31 %zext_ln31_read"   --->   Operation 97 'zext' 'zext_ln31_cast' <Predicate = true> <Delay = 0.00>
ST_1 : Operation 98 [1/1] (0.00ns)   --->   "%sext_ln30_cast = zext i31 %sext_ln30_read"   --->   Operation 98 'zext' 'sext_ln30_cast' <Predicate = true> <Delay = 0.00>
ST_1 : Operation 99 [1/1] (0.00ns)   --->   "%p_cast_cast_cast = sext i62 %p_cast_cast_read"   --->   Operation 99 'sext' 'p_cast_cast_cast' <Predicate = true> <Delay = 0.00>
ST_1 : Operation 100 [1/1] (0.00ns)   --->   "%specinterface_ln0 = specinterface void @_ssdm_op_SpecInterface, i32 %gmem1, void @empty_8, i32 0, i32 0, void @empty_9, i32 64, i32 11520, void @empty_1, void @empty_0, void @empty_9, i32 16, i32 16, i32 16, i32 16, void @empty_9, void @empty_9, i32 4294967295, i32 0, i32 0"   --->   Operation 100 'specinterface' 'specinterface_ln0' <Predicate = true> <Delay = 0.00>
ST_1 : Operation 101 [1/1] (0.00ns)   --->   "%specinterface_ln0 = specinterface void @_ssdm_op_SpecInterface, i32 %gmem0, void @empty_8, i32 0, i32 0, void @empty_9, i32 64, i32 6144, void @empty, void @empty_0, void @empty_9, i32 16, i32 16, i32 16, i32 16, void @empty_9, void @empty_9, i32 4294967295, i32 0, i32 0"   --->   Operation 101 'specinterface' 'specinterface_ln0' <Predicate = true> <Delay = 0.00>
ST_1 : Operation 102 [1/1] (0.38ns)   --->   "%store_ln33 = store i31 0, i31 %k" [../src/kernel.cpp:33]   --->   Operation 102 'store' 'store_ln33' <Predicate = true> <Delay = 0.38>
ST_1 : Operation 103 [1/1] (0.38ns)   --->   "%store_ln32 = store i32 0, i32 %acc" [../src/kernel.cpp:32]   --->   Operation 103 'store' 'store_ln32' <Predicate = true> <Delay = 0.38>
ST_1 : Operation 104 [1/1] (0.38ns)   --->   "%store_ln0 = store i62 0, i62 %phi_mul"   --->   Operation 104 'store' 'store_ln0' <Predicate = true> <Delay = 0.38>
ST_1 : Operation 105 [1/1] (0.00ns)   --->   "%br_ln0 = br void %for.inc"   --->   Operation 105 'br' 'br_ln0' <Predicate = true> <Delay = 0.00>
ST_1 : Operation 106 [1/1] (0.00ns)   --->   "%k_1 = load i31 %k" [../src/kernel.cpp:33]   --->   Operation 106 'load' 'k_1' <Predicate = true> <Delay = 0.00>
ST_1 : Operation 107 [1/1] (0.00ns)   --->   "%specbitsmap_ln0 = specbitsmap void @_ssdm_op_SpecBitsMap, i32 %gmem1"   --->   Operation 107 'specbitsmap' 'specbitsmap_ln0' <Predicate = true> <Delay = 0.00>
ST_1 : Operation 108 [1/1] (0.00ns)   --->   "%specbitsmap_ln0 = specbitsmap void @_ssdm_op_SpecBitsMap, i32 %gmem0"   --->   Operation 108 'specbitsmap' 'specbitsmap_ln0' <Predicate = true> <Delay = 0.00>
ST_1 : Operation 109 [1/1] (0.00ns)   --->   "%zext_ln33 = zext i31 %k_1" [../src/kernel.cpp:33]   --->   Operation 109 'zext' 'zext_ln33' <Predicate = true> <Delay = 0.00>
ST_1 : Operation 110 [1/1] (0.88ns)   --->   "%icmp_ln33 = icmp_slt  i32 %zext_ln33, i32 %K_read" [../src/kernel.cpp:33]   --->   Operation 110 'icmp' 'icmp_ln33' <Predicate = true> <Delay = 0.88> <CoreInst = "Cmp">   --->   Core 9 'Cmp' <Latency = 0> <II = 1> <Delay = 0.88> <FuncUnit> <Opcode : 'seteq' 'setne' 'setle' 'setge' 'setlt' 'setgt'> <InPorts = 2> <OutPorts = 1>
ST_1 : Operation 111 [1/1] (0.87ns)   --->   "%add_ln33 = add i31 %k_1, i31 1" [../src/kernel.cpp:33]   --->   Operation 111 'add' 'add_ln33' <Predicate = true> <Delay = 0.87> <CoreInst = "Adder">   --->   Core 1 'Adder' <Latency = 0> <II = 1> <Delay = 0.87> <FuncUnit> <Opcode : 'add' 'sub'> <InPorts = 2> <OutPorts = 1>
ST_1 : Operation 112 [1/1] (0.00ns)   --->   "%br_ln33 = br i1 %icmp_ln33, void %for.inc25.loopexit.exitStub, void %for.inc.split" [../src/kernel.cpp:33]   --->   Operation 112 'br' 'br_ln33' <Predicate = true> <Delay = 0.00>
ST_1 : Operation 113 [1/1] (0.38ns)   --->   "%store_ln33 = store i31 %add_ln33, i31 %k" [../src/kernel.cpp:33]   --->   Operation 113 'store' 'store_ln33' <Predicate = (icmp_ln33)> <Delay = 0.38>

State 2 <SV = 1> <Delay = 2.26>
ST_2 : Operation 114 [1/1] (0.00ns)   --->   "%phi_mul_load = load i62 %phi_mul" [../src/kernel.cpp:34]   --->   Operation 114 'load' 'phi_mul_load' <Predicate = (icmp_ln33)> <Delay = 0.00>
ST_2 : Operation 115 [1/1] (1.12ns)   --->   "%add_ln34_2 = add i62 %phi_mul_load, i62 %sext_ln30_cast" [../src/kernel.cpp:34]   --->   Operation 115 'add' 'add_ln34_2' <Predicate = (icmp_ln33)> <Delay = 1.12> <CoreInst = "Adder">   --->   Core 1 'Adder' <Latency = 0> <II = 1> <Delay = 1.12> <FuncUnit> <Opcode : 'add' 'sub'> <InPorts = 2> <OutPorts = 1>
ST_2 : Operation 116 [1/1] (1.12ns)   --->   "%add_ln34 = add i62 %phi_mul_load, i62 %zext_ln31_cast" [../src/kernel.cpp:34]   --->   Operation 116 'add' 'add_ln34' <Predicate = (icmp_ln33)> <Delay = 1.12> <CoreInst = "Adder">   --->   Core 1 'Adder' <Latency = 0> <II = 1> <Delay = 1.12> <FuncUnit> <Opcode : 'add' 'sub'> <InPorts = 2> <OutPorts = 1>
ST_2 : Operation 117 [1/1] (0.00ns)   --->   "%shl_ln = bitconcatenate i64 @_ssdm_op_BitConcatenate.i64.i62.i2, i62 %add_ln34, i2 0" [../src/kernel.cpp:34]   --->   Operation 117 'bitconcatenate' 'shl_ln' <Predicate = (icmp_ln33)> <Delay = 0.00>
ST_2 : Operation 118 [1/1] (1.14ns)   --->   "%add_ln34_1 = add i64 %shl_ln, i64 %B_read" [../src/kernel.cpp:34]   --->   Operation 118 'add' 'add_ln34_1' <Predicate = (icmp_ln33)> <Delay = 1.14> <CoreInst = "Adder">   --->   Core 1 'Adder' <Latency = 0> <II = 1> <Delay = 1.14> <FuncUnit> <Opcode : 'add' 'sub'> <InPorts = 2> <OutPorts = 1>
ST_2 : Operation 119 [1/1] (0.00ns)   --->   "%trunc_ln1 = partselect i62 @_ssdm_op_PartSelect.i62.i64.i32.i32, i64 %add_ln34_1, i32 2, i32 63" [../src/kernel.cpp:34]   --->   Operation 119 'partselect' 'trunc_ln1' <Predicate = (icmp_ln33)> <Delay = 0.00>
ST_2 : Operation 120 [1/1] (0.00ns)   --->   "%sext_ln34 = sext i62 %trunc_ln1" [../src/kernel.cpp:34]   --->   Operation 120 'sext' 'sext_ln34' <Predicate = (icmp_ln33)> <Delay = 0.00>
ST_2 : Operation 121 [1/1] (0.00ns)   --->   "%gmem1_addr = getelementptr i32 %gmem1, i64 %sext_ln34" [../src/kernel.cpp:34]   --->   Operation 121 'getelementptr' 'gmem1_addr' <Predicate = (icmp_ln33)> <Delay = 0.00>
ST_2 : Operation 122 [1/1] (0.38ns)   --->   "%store_ln34 = store i62 %add_ln34_2, i62 %phi_mul" [../src/kernel.cpp:34]   --->   Operation 122 'store' 'store_ln34' <Predicate = (icmp_ln33)> <Delay = 0.38>

State 3 <SV = 2> <Delay = 2.43>
ST_3 : Operation 123 [71/71] (2.43ns)   --->   "%gmem1_load_req = readreq i1 @_ssdm_op_ReadReq.m_axi.i32P1A, i64 %gmem1_addr, i64 1" [../src/kernel.cpp:34]   --->   Operation 123 'readreq' 'gmem1_load_req' <Predicate = (icmp_ln33)> <Delay = 2.43> <CoreInst = "m_axi">   --->   Core 119 'm_axi' <Latency = 6> <II = 1> <Delay = 1.00> <Adapter> <Opcode : 'read' 'write' 'readreq' 'writereq' 'writeresp'>

State 4 <SV = 3> <Delay = 2.43>
ST_4 : Operation 124 [70/71] (2.43ns)   --->   "%gmem1_load_req = readreq i1 @_ssdm_op_ReadReq.m_axi.i32P1A, i64 %gmem1_addr, i64 1" [../src/kernel.cpp:34]   --->   Operation 124 'readreq' 'gmem1_load_req' <Predicate = (icmp_ln33)> <Delay = 2.43> <CoreInst = "m_axi">   --->   Core 119 'm_axi' <Latency = 6> <II = 1> <Delay = 1.00> <Adapter> <Opcode : 'read' 'write' 'readreq' 'writereq' 'writeresp'>

State 5 <SV = 4> <Delay = 2.43>
ST_5 : Operation 125 [69/71] (2.43ns)   --->   "%gmem1_load_req = readreq i1 @_ssdm_op_ReadReq.m_axi.i32P1A, i64 %gmem1_addr, i64 1" [../src/kernel.cpp:34]   --->   Operation 125 'readreq' 'gmem1_load_req' <Predicate = (icmp_ln33)> <Delay = 2.43> <CoreInst = "m_axi">   --->   Core 119 'm_axi' <Latency = 6> <II = 1> <Delay = 1.00> <Adapter> <Opcode : 'read' 'write' 'readreq' 'writereq' 'writeresp'>

State 6 <SV = 5> <Delay = 2.43>
ST_6 : Operation 126 [68/71] (2.43ns)   --->   "%gmem1_load_req = readreq i1 @_ssdm_op_ReadReq.m_axi.i32P1A, i64 %gmem1_addr, i64 1" [../src/kernel.cpp:34]   --->   Operation 126 'readreq' 'gmem1_load_req' <Predicate = (icmp_ln33)> <Delay = 2.43> <CoreInst = "m_axi">   --->   Core 119 'm_axi' <Latency = 6> <II = 1> <Delay = 1.00> <Adapter> <Opcode : 'read' 'write' 'readreq' 'writereq' 'writeresp'>

State 7 <SV = 6> <Delay = 2.43>
ST_7 : Operation 127 [67/71] (2.43ns)   --->   "%gmem1_load_req = readreq i1 @_ssdm_op_ReadReq.m_axi.i32P1A, i64 %gmem1_addr, i64 1" [../src/kernel.cpp:34]   --->   Operation 127 'readreq' 'gmem1_load_req' <Predicate = (icmp_ln33)> <Delay = 2.43> <CoreInst = "m_axi">   --->   Core 119 'm_axi' <Latency = 6> <II = 1> <Delay = 1.00> <Adapter> <Opcode : 'read' 'write' 'readreq' 'writereq' 'writeresp'>

State 8 <SV = 7> <Delay = 2.43>
ST_8 : Operation 128 [66/71] (2.43ns)   --->   "%gmem1_load_req = readreq i1 @_ssdm_op_ReadReq.m_axi.i32P1A, i64 %gmem1_addr, i64 1" [../src/kernel.cpp:34]   --->   Operation 128 'readreq' 'gmem1_load_req' <Predicate = (icmp_ln33)> <Delay = 2.43> <CoreInst = "m_axi">   --->   Core 119 'm_axi' <Latency = 6> <II = 1> <Delay = 1.00> <Adapter> <Opcode : 'read' 'write' 'readreq' 'writereq' 'writeresp'>

State 9 <SV = 8> <Delay = 2.43>
ST_9 : Operation 129 [65/71] (2.43ns)   --->   "%gmem1_load_req = readreq i1 @_ssdm_op_ReadReq.m_axi.i32P1A, i64 %gmem1_addr, i64 1" [../src/kernel.cpp:34]   --->   Operation 129 'readreq' 'gmem1_load_req' <Predicate = true> <Delay = 2.43> <CoreInst = "m_axi">   --->   Core 119 'm_axi' <Latency = 6> <II = 1> <Delay = 1.00> <Adapter> <Opcode : 'read' 'write' 'readreq' 'writereq' 'writeresp'>

State 10 <SV = 9> <Delay = 2.43>
ST_10 : Operation 130 [64/71] (2.43ns)   --->   "%gmem1_load_req = readreq i1 @_ssdm_op_ReadReq.m_axi.i32P1A, i64 %gmem1_addr, i64 1" [../src/kernel.cpp:34]   --->   Operation 130 'readreq' 'gmem1_load_req' <Predicate = true> <Delay = 2.43> <CoreInst = "m_axi">   --->   Core 119 'm_axi' <Latency = 6> <II = 1> <Delay = 1.00> <Adapter> <Opcode : 'read' 'write' 'readreq' 'writereq' 'writeresp'>

State 11 <SV = 10> <Delay = 2.43>
ST_11 : Operation 131 [63/71] (2.43ns)   --->   "%gmem1_load_req = readreq i1 @_ssdm_op_ReadReq.m_axi.i32P1A, i64 %gmem1_addr, i64 1" [../src/kernel.cpp:34]   --->   Operation 131 'readreq' 'gmem1_load_req' <Predicate = true> <Delay = 2.43> <CoreInst = "m_axi">   --->   Core 119 'm_axi' <Latency = 6> <II = 1> <Delay = 1.00> <Adapter> <Opcode : 'read' 'write' 'readreq' 'writereq' 'writeresp'>

State 12 <SV = 11> <Delay = 2.43>
ST_12 : Operation 132 [62/71] (2.43ns)   --->   "%gmem1_load_req = readreq i1 @_ssdm_op_ReadReq.m_axi.i32P1A, i64 %gmem1_addr, i64 1" [../src/kernel.cpp:34]   --->   Operation 132 'readreq' 'gmem1_load_req' <Predicate = true> <Delay = 2.43> <CoreInst = "m_axi">   --->   Core 119 'm_axi' <Latency = 6> <II = 1> <Delay = 1.00> <Adapter> <Opcode : 'read' 'write' 'readreq' 'writereq' 'writeresp'>

State 13 <SV = 12> <Delay = 2.43>
ST_13 : Operation 133 [61/71] (2.43ns)   --->   "%gmem1_load_req = readreq i1 @_ssdm_op_ReadReq.m_axi.i32P1A, i64 %gmem1_addr, i64 1" [../src/kernel.cpp:34]   --->   Operation 133 'readreq' 'gmem1_load_req' <Predicate = true> <Delay = 2.43> <CoreInst = "m_axi">   --->   Core 119 'm_axi' <Latency = 6> <II = 1> <Delay = 1.00> <Adapter> <Opcode : 'read' 'write' 'readreq' 'writereq' 'writeresp'>

State 14 <SV = 13> <Delay = 2.43>
ST_14 : Operation 134 [60/71] (2.43ns)   --->   "%gmem1_load_req = readreq i1 @_ssdm_op_ReadReq.m_axi.i32P1A, i64 %gmem1_addr, i64 1" [../src/kernel.cpp:34]   --->   Operation 134 'readreq' 'gmem1_load_req' <Predicate = true> <Delay = 2.43> <CoreInst = "m_axi">   --->   Core 119 'm_axi' <Latency = 6> <II = 1> <Delay = 1.00> <Adapter> <Opcode : 'read' 'write' 'readreq' 'writereq' 'writeresp'>

State 15 <SV = 14> <Delay = 2.43>
ST_15 : Operation 135 [59/71] (2.43ns)   --->   "%gmem1_load_req = readreq i1 @_ssdm_op_ReadReq.m_axi.i32P1A, i64 %gmem1_addr, i64 1" [../src/kernel.cpp:34]   --->   Operation 135 'readreq' 'gmem1_load_req' <Predicate = true> <Delay = 2.43> <CoreInst = "m_axi">   --->   Core 119 'm_axi' <Latency = 6> <II = 1> <Delay = 1.00> <Adapter> <Opcode : 'read' 'write' 'readreq' 'writereq' 'writeresp'>

State 16 <SV = 15> <Delay = 2.43>
ST_16 : Operation 136 [58/71] (2.43ns)   --->   "%gmem1_load_req = readreq i1 @_ssdm_op_ReadReq.m_axi.i32P1A, i64 %gmem1_addr, i64 1" [../src/kernel.cpp:34]   --->   Operation 136 'readreq' 'gmem1_load_req' <Predicate = true> <Delay = 2.43> <CoreInst = "m_axi">   --->   Core 119 'm_axi' <Latency = 6> <II = 1> <Delay = 1.00> <Adapter> <Opcode : 'read' 'write' 'readreq' 'writereq' 'writeresp'>

State 17 <SV = 16> <Delay = 2.43>
ST_17 : Operation 137 [57/71] (2.43ns)   --->   "%gmem1_load_req = readreq i1 @_ssdm_op_ReadReq.m_axi.i32P1A, i64 %gmem1_addr, i64 1" [../src/kernel.cpp:34]   --->   Operation 137 'readreq' 'gmem1_load_req' <Predicate = true> <Delay = 2.43> <CoreInst = "m_axi">   --->   Core 119 'm_axi' <Latency = 6> <II = 1> <Delay = 1.00> <Adapter> <Opcode : 'read' 'write' 'readreq' 'writereq' 'writeresp'>

State 18 <SV = 17> <Delay = 2.43>
ST_18 : Operation 138 [56/71] (2.43ns)   --->   "%gmem1_load_req = readreq i1 @_ssdm_op_ReadReq.m_axi.i32P1A, i64 %gmem1_addr, i64 1" [../src/kernel.cpp:34]   --->   Operation 138 'readreq' 'gmem1_load_req' <Predicate = true> <Delay = 2.43> <CoreInst = "m_axi">   --->   Core 119 'm_axi' <Latency = 6> <II = 1> <Delay = 1.00> <Adapter> <Opcode : 'read' 'write' 'readreq' 'writereq' 'writeresp'>

State 19 <SV = 18> <Delay = 2.43>
ST_19 : Operation 139 [55/71] (2.43ns)   --->   "%gmem1_load_req = readreq i1 @_ssdm_op_ReadReq.m_axi.i32P1A, i64 %gmem1_addr, i64 1" [../src/kernel.cpp:34]   --->   Operation 139 'readreq' 'gmem1_load_req' <Predicate = true> <Delay = 2.43> <CoreInst = "m_axi">   --->   Core 119 'm_axi' <Latency = 6> <II = 1> <Delay = 1.00> <Adapter> <Opcode : 'read' 'write' 'readreq' 'writereq' 'writeresp'>

State 20 <SV = 19> <Delay = 2.43>
ST_20 : Operation 140 [54/71] (2.43ns)   --->   "%gmem1_load_req = readreq i1 @_ssdm_op_ReadReq.m_axi.i32P1A, i64 %gmem1_addr, i64 1" [../src/kernel.cpp:34]   --->   Operation 140 'readreq' 'gmem1_load_req' <Predicate = true> <Delay = 2.43> <CoreInst = "m_axi">   --->   Core 119 'm_axi' <Latency = 6> <II = 1> <Delay = 1.00> <Adapter> <Opcode : 'read' 'write' 'readreq' 'writereq' 'writeresp'>

State 21 <SV = 20> <Delay = 2.43>
ST_21 : Operation 141 [53/71] (2.43ns)   --->   "%gmem1_load_req = readreq i1 @_ssdm_op_ReadReq.m_axi.i32P1A, i64 %gmem1_addr, i64 1" [../src/kernel.cpp:34]   --->   Operation 141 'readreq' 'gmem1_load_req' <Predicate = true> <Delay = 2.43> <CoreInst = "m_axi">   --->   Core 119 'm_axi' <Latency = 6> <II = 1> <Delay = 1.00> <Adapter> <Opcode : 'read' 'write' 'readreq' 'writereq' 'writeresp'>

State 22 <SV = 21> <Delay = 2.43>
ST_22 : Operation 142 [52/71] (2.43ns)   --->   "%gmem1_load_req = readreq i1 @_ssdm_op_ReadReq.m_axi.i32P1A, i64 %gmem1_addr, i64 1" [../src/kernel.cpp:34]   --->   Operation 142 'readreq' 'gmem1_load_req' <Predicate = true> <Delay = 2.43> <CoreInst = "m_axi">   --->   Core 119 'm_axi' <Latency = 6> <II = 1> <Delay = 1.00> <Adapter> <Opcode : 'read' 'write' 'readreq' 'writereq' 'writeresp'>

State 23 <SV = 22> <Delay = 2.43>
ST_23 : Operation 143 [51/71] (2.43ns)   --->   "%gmem1_load_req = readreq i1 @_ssdm_op_ReadReq.m_axi.i32P1A, i64 %gmem1_addr, i64 1" [../src/kernel.cpp:34]   --->   Operation 143 'readreq' 'gmem1_load_req' <Predicate = true> <Delay = 2.43> <CoreInst = "m_axi">   --->   Core 119 'm_axi' <Latency = 6> <II = 1> <Delay = 1.00> <Adapter> <Opcode : 'read' 'write' 'readreq' 'writereq' 'writeresp'>

State 24 <SV = 23> <Delay = 2.43>
ST_24 : Operation 144 [50/71] (2.43ns)   --->   "%gmem1_load_req = readreq i1 @_ssdm_op_ReadReq.m_axi.i32P1A, i64 %gmem1_addr, i64 1" [../src/kernel.cpp:34]   --->   Operation 144 'readreq' 'gmem1_load_req' <Predicate = true> <Delay = 2.43> <CoreInst = "m_axi">   --->   Core 119 'm_axi' <Latency = 6> <II = 1> <Delay = 1.00> <Adapter> <Opcode : 'read' 'write' 'readreq' 'writereq' 'writeresp'>

State 25 <SV = 24> <Delay = 2.43>
ST_25 : Operation 145 [49/71] (2.43ns)   --->   "%gmem1_load_req = readreq i1 @_ssdm_op_ReadReq.m_axi.i32P1A, i64 %gmem1_addr, i64 1" [../src/kernel.cpp:34]   --->   Operation 145 'readreq' 'gmem1_load_req' <Predicate = true> <Delay = 2.43> <CoreInst = "m_axi">   --->   Core 119 'm_axi' <Latency = 6> <II = 1> <Delay = 1.00> <Adapter> <Opcode : 'read' 'write' 'readreq' 'writereq' 'writeresp'>

State 26 <SV = 25> <Delay = 2.43>
ST_26 : Operation 146 [48/71] (2.43ns)   --->   "%gmem1_load_req = readreq i1 @_ssdm_op_ReadReq.m_axi.i32P1A, i64 %gmem1_addr, i64 1" [../src/kernel.cpp:34]   --->   Operation 146 'readreq' 'gmem1_load_req' <Predicate = true> <Delay = 2.43> <CoreInst = "m_axi">   --->   Core 119 'm_axi' <Latency = 6> <II = 1> <Delay = 1.00> <Adapter> <Opcode : 'read' 'write' 'readreq' 'writereq' 'writeresp'>

State 27 <SV = 26> <Delay = 2.43>
ST_27 : Operation 147 [47/71] (2.43ns)   --->   "%gmem1_load_req = readreq i1 @_ssdm_op_ReadReq.m_axi.i32P1A, i64 %gmem1_addr, i64 1" [../src/kernel.cpp:34]   --->   Operation 147 'readreq' 'gmem1_load_req' <Predicate = true> <Delay = 2.43> <CoreInst = "m_axi">   --->   Core 119 'm_axi' <Latency = 6> <II = 1> <Delay = 1.00> <Adapter> <Opcode : 'read' 'write' 'readreq' 'writereq' 'writeresp'>

State 28 <SV = 27> <Delay = 2.43>
ST_28 : Operation 148 [46/71] (2.43ns)   --->   "%gmem1_load_req = readreq i1 @_ssdm_op_ReadReq.m_axi.i32P1A, i64 %gmem1_addr, i64 1" [../src/kernel.cpp:34]   --->   Operation 148 'readreq' 'gmem1_load_req' <Predicate = true> <Delay = 2.43> <CoreInst = "m_axi">   --->   Core 119 'm_axi' <Latency = 6> <II = 1> <Delay = 1.00> <Adapter> <Opcode : 'read' 'write' 'readreq' 'writereq' 'writeresp'>

State 29 <SV = 28> <Delay = 2.43>
ST_29 : Operation 149 [45/71] (2.43ns)   --->   "%gmem1_load_req = readreq i1 @_ssdm_op_ReadReq.m_axi.i32P1A, i64 %gmem1_addr, i64 1" [../src/kernel.cpp:34]   --->   Operation 149 'readreq' 'gmem1_load_req' <Predicate = true> <Delay = 2.43> <CoreInst = "m_axi">   --->   Core 119 'm_axi' <Latency = 6> <II = 1> <Delay = 1.00> <Adapter> <Opcode : 'read' 'write' 'readreq' 'writereq' 'writeresp'>

State 30 <SV = 29> <Delay = 2.43>
ST_30 : Operation 150 [44/71] (2.43ns)   --->   "%gmem1_load_req = readreq i1 @_ssdm_op_ReadReq.m_axi.i32P1A, i64 %gmem1_addr, i64 1" [../src/kernel.cpp:34]   --->   Operation 150 'readreq' 'gmem1_load_req' <Predicate = true> <Delay = 2.43> <CoreInst = "m_axi">   --->   Core 119 'm_axi' <Latency = 6> <II = 1> <Delay = 1.00> <Adapter> <Opcode : 'read' 'write' 'readreq' 'writereq' 'writeresp'>

State 31 <SV = 30> <Delay = 2.43>
ST_31 : Operation 151 [43/71] (2.43ns)   --->   "%gmem1_load_req = readreq i1 @_ssdm_op_ReadReq.m_axi.i32P1A, i64 %gmem1_addr, i64 1" [../src/kernel.cpp:34]   --->   Operation 151 'readreq' 'gmem1_load_req' <Predicate = true> <Delay = 2.43> <CoreInst = "m_axi">   --->   Core 119 'm_axi' <Latency = 6> <II = 1> <Delay = 1.00> <Adapter> <Opcode : 'read' 'write' 'readreq' 'writereq' 'writeresp'>

State 32 <SV = 31> <Delay = 2.43>
ST_32 : Operation 152 [42/71] (2.43ns)   --->   "%gmem1_load_req = readreq i1 @_ssdm_op_ReadReq.m_axi.i32P1A, i64 %gmem1_addr, i64 1" [../src/kernel.cpp:34]   --->   Operation 152 'readreq' 'gmem1_load_req' <Predicate = true> <Delay = 2.43> <CoreInst = "m_axi">   --->   Core 119 'm_axi' <Latency = 6> <II = 1> <Delay = 1.00> <Adapter> <Opcode : 'read' 'write' 'readreq' 'writereq' 'writeresp'>

State 33 <SV = 32> <Delay = 2.43>
ST_33 : Operation 153 [41/71] (2.43ns)   --->   "%gmem1_load_req = readreq i1 @_ssdm_op_ReadReq.m_axi.i32P1A, i64 %gmem1_addr, i64 1" [../src/kernel.cpp:34]   --->   Operation 153 'readreq' 'gmem1_load_req' <Predicate = true> <Delay = 2.43> <CoreInst = "m_axi">   --->   Core 119 'm_axi' <Latency = 6> <II = 1> <Delay = 1.00> <Adapter> <Opcode : 'read' 'write' 'readreq' 'writereq' 'writeresp'>

State 34 <SV = 33> <Delay = 2.43>
ST_34 : Operation 154 [40/71] (2.43ns)   --->   "%gmem1_load_req = readreq i1 @_ssdm_op_ReadReq.m_axi.i32P1A, i64 %gmem1_addr, i64 1" [../src/kernel.cpp:34]   --->   Operation 154 'readreq' 'gmem1_load_req' <Predicate = true> <Delay = 2.43> <CoreInst = "m_axi">   --->   Core 119 'm_axi' <Latency = 6> <II = 1> <Delay = 1.00> <Adapter> <Opcode : 'read' 'write' 'readreq' 'writereq' 'writeresp'>

State 35 <SV = 34> <Delay = 2.43>
ST_35 : Operation 155 [39/71] (2.43ns)   --->   "%gmem1_load_req = readreq i1 @_ssdm_op_ReadReq.m_axi.i32P1A, i64 %gmem1_addr, i64 1" [../src/kernel.cpp:34]   --->   Operation 155 'readreq' 'gmem1_load_req' <Predicate = true> <Delay = 2.43> <CoreInst = "m_axi">   --->   Core 119 'm_axi' <Latency = 6> <II = 1> <Delay = 1.00> <Adapter> <Opcode : 'read' 'write' 'readreq' 'writereq' 'writeresp'>

State 36 <SV = 35> <Delay = 2.43>
ST_36 : Operation 156 [38/71] (2.43ns)   --->   "%gmem1_load_req = readreq i1 @_ssdm_op_ReadReq.m_axi.i32P1A, i64 %gmem1_addr, i64 1" [../src/kernel.cpp:34]   --->   Operation 156 'readreq' 'gmem1_load_req' <Predicate = true> <Delay = 2.43> <CoreInst = "m_axi">   --->   Core 119 'm_axi' <Latency = 6> <II = 1> <Delay = 1.00> <Adapter> <Opcode : 'read' 'write' 'readreq' 'writereq' 'writeresp'>

State 37 <SV = 36> <Delay = 2.43>
ST_37 : Operation 157 [37/71] (2.43ns)   --->   "%gmem1_load_req = readreq i1 @_ssdm_op_ReadReq.m_axi.i32P1A, i64 %gmem1_addr, i64 1" [../src/kernel.cpp:34]   --->   Operation 157 'readreq' 'gmem1_load_req' <Predicate = true> <Delay = 2.43> <CoreInst = "m_axi">   --->   Core 119 'm_axi' <Latency = 6> <II = 1> <Delay = 1.00> <Adapter> <Opcode : 'read' 'write' 'readreq' 'writereq' 'writeresp'>

State 38 <SV = 37> <Delay = 2.43>
ST_38 : Operation 158 [36/71] (2.43ns)   --->   "%gmem1_load_req = readreq i1 @_ssdm_op_ReadReq.m_axi.i32P1A, i64 %gmem1_addr, i64 1" [../src/kernel.cpp:34]   --->   Operation 158 'readreq' 'gmem1_load_req' <Predicate = true> <Delay = 2.43> <CoreInst = "m_axi">   --->   Core 119 'm_axi' <Latency = 6> <II = 1> <Delay = 1.00> <Adapter> <Opcode : 'read' 'write' 'readreq' 'writereq' 'writeresp'>

State 39 <SV = 38> <Delay = 2.43>
ST_39 : Operation 159 [35/71] (2.43ns)   --->   "%gmem1_load_req = readreq i1 @_ssdm_op_ReadReq.m_axi.i32P1A, i64 %gmem1_addr, i64 1" [../src/kernel.cpp:34]   --->   Operation 159 'readreq' 'gmem1_load_req' <Predicate = true> <Delay = 2.43> <CoreInst = "m_axi">   --->   Core 119 'm_axi' <Latency = 6> <II = 1> <Delay = 1.00> <Adapter> <Opcode : 'read' 'write' 'readreq' 'writereq' 'writeresp'>

State 40 <SV = 39> <Delay = 2.43>
ST_40 : Operation 160 [34/71] (2.43ns)   --->   "%gmem1_load_req = readreq i1 @_ssdm_op_ReadReq.m_axi.i32P1A, i64 %gmem1_addr, i64 1" [../src/kernel.cpp:34]   --->   Operation 160 'readreq' 'gmem1_load_req' <Predicate = true> <Delay = 2.43> <CoreInst = "m_axi">   --->   Core 119 'm_axi' <Latency = 6> <II = 1> <Delay = 1.00> <Adapter> <Opcode : 'read' 'write' 'readreq' 'writereq' 'writeresp'>

State 41 <SV = 40> <Delay = 2.43>
ST_41 : Operation 161 [33/71] (2.43ns)   --->   "%gmem1_load_req = readreq i1 @_ssdm_op_ReadReq.m_axi.i32P1A, i64 %gmem1_addr, i64 1" [../src/kernel.cpp:34]   --->   Operation 161 'readreq' 'gmem1_load_req' <Predicate = true> <Delay = 2.43> <CoreInst = "m_axi">   --->   Core 119 'm_axi' <Latency = 6> <II = 1> <Delay = 1.00> <Adapter> <Opcode : 'read' 'write' 'readreq' 'writereq' 'writeresp'>

State 42 <SV = 41> <Delay = 2.43>
ST_42 : Operation 162 [32/71] (2.43ns)   --->   "%gmem1_load_req = readreq i1 @_ssdm_op_ReadReq.m_axi.i32P1A, i64 %gmem1_addr, i64 1" [../src/kernel.cpp:34]   --->   Operation 162 'readreq' 'gmem1_load_req' <Predicate = true> <Delay = 2.43> <CoreInst = "m_axi">   --->   Core 119 'm_axi' <Latency = 6> <II = 1> <Delay = 1.00> <Adapter> <Opcode : 'read' 'write' 'readreq' 'writereq' 'writeresp'>

State 43 <SV = 42> <Delay = 2.43>
ST_43 : Operation 163 [31/71] (2.43ns)   --->   "%gmem1_load_req = readreq i1 @_ssdm_op_ReadReq.m_axi.i32P1A, i64 %gmem1_addr, i64 1" [../src/kernel.cpp:34]   --->   Operation 163 'readreq' 'gmem1_load_req' <Predicate = true> <Delay = 2.43> <CoreInst = "m_axi">   --->   Core 119 'm_axi' <Latency = 6> <II = 1> <Delay = 1.00> <Adapter> <Opcode : 'read' 'write' 'readreq' 'writereq' 'writeresp'>

State 44 <SV = 43> <Delay = 2.43>
ST_44 : Operation 164 [30/71] (2.43ns)   --->   "%gmem1_load_req = readreq i1 @_ssdm_op_ReadReq.m_axi.i32P1A, i64 %gmem1_addr, i64 1" [../src/kernel.cpp:34]   --->   Operation 164 'readreq' 'gmem1_load_req' <Predicate = true> <Delay = 2.43> <CoreInst = "m_axi">   --->   Core 119 'm_axi' <Latency = 6> <II = 1> <Delay = 1.00> <Adapter> <Opcode : 'read' 'write' 'readreq' 'writereq' 'writeresp'>

State 45 <SV = 44> <Delay = 2.43>
ST_45 : Operation 165 [29/71] (2.43ns)   --->   "%gmem1_load_req = readreq i1 @_ssdm_op_ReadReq.m_axi.i32P1A, i64 %gmem1_addr, i64 1" [../src/kernel.cpp:34]   --->   Operation 165 'readreq' 'gmem1_load_req' <Predicate = true> <Delay = 2.43> <CoreInst = "m_axi">   --->   Core 119 'm_axi' <Latency = 6> <II = 1> <Delay = 1.00> <Adapter> <Opcode : 'read' 'write' 'readreq' 'writereq' 'writeresp'>

State 46 <SV = 45> <Delay = 2.43>
ST_46 : Operation 166 [28/71] (2.43ns)   --->   "%gmem1_load_req = readreq i1 @_ssdm_op_ReadReq.m_axi.i32P1A, i64 %gmem1_addr, i64 1" [../src/kernel.cpp:34]   --->   Operation 166 'readreq' 'gmem1_load_req' <Predicate = true> <Delay = 2.43> <CoreInst = "m_axi">   --->   Core 119 'm_axi' <Latency = 6> <II = 1> <Delay = 1.00> <Adapter> <Opcode : 'read' 'write' 'readreq' 'writereq' 'writeresp'>

State 47 <SV = 46> <Delay = 2.43>
ST_47 : Operation 167 [27/71] (2.43ns)   --->   "%gmem1_load_req = readreq i1 @_ssdm_op_ReadReq.m_axi.i32P1A, i64 %gmem1_addr, i64 1" [../src/kernel.cpp:34]   --->   Operation 167 'readreq' 'gmem1_load_req' <Predicate = true> <Delay = 2.43> <CoreInst = "m_axi">   --->   Core 119 'm_axi' <Latency = 6> <II = 1> <Delay = 1.00> <Adapter> <Opcode : 'read' 'write' 'readreq' 'writereq' 'writeresp'>

State 48 <SV = 47> <Delay = 2.43>
ST_48 : Operation 168 [26/71] (2.43ns)   --->   "%gmem1_load_req = readreq i1 @_ssdm_op_ReadReq.m_axi.i32P1A, i64 %gmem1_addr, i64 1" [../src/kernel.cpp:34]   --->   Operation 168 'readreq' 'gmem1_load_req' <Predicate = true> <Delay = 2.43> <CoreInst = "m_axi">   --->   Core 119 'm_axi' <Latency = 6> <II = 1> <Delay = 1.00> <Adapter> <Opcode : 'read' 'write' 'readreq' 'writereq' 'writeresp'>

State 49 <SV = 48> <Delay = 2.43>
ST_49 : Operation 169 [25/71] (2.43ns)   --->   "%gmem1_load_req = readreq i1 @_ssdm_op_ReadReq.m_axi.i32P1A, i64 %gmem1_addr, i64 1" [../src/kernel.cpp:34]   --->   Operation 169 'readreq' 'gmem1_load_req' <Predicate = true> <Delay = 2.43> <CoreInst = "m_axi">   --->   Core 119 'm_axi' <Latency = 6> <II = 1> <Delay = 1.00> <Adapter> <Opcode : 'read' 'write' 'readreq' 'writereq' 'writeresp'>

State 50 <SV = 49> <Delay = 2.43>
ST_50 : Operation 170 [24/71] (2.43ns)   --->   "%gmem1_load_req = readreq i1 @_ssdm_op_ReadReq.m_axi.i32P1A, i64 %gmem1_addr, i64 1" [../src/kernel.cpp:34]   --->   Operation 170 'readreq' 'gmem1_load_req' <Predicate = true> <Delay = 2.43> <CoreInst = "m_axi">   --->   Core 119 'm_axi' <Latency = 6> <II = 1> <Delay = 1.00> <Adapter> <Opcode : 'read' 'write' 'readreq' 'writereq' 'writeresp'>

State 51 <SV = 50> <Delay = 2.43>
ST_51 : Operation 171 [23/71] (2.43ns)   --->   "%gmem1_load_req = readreq i1 @_ssdm_op_ReadReq.m_axi.i32P1A, i64 %gmem1_addr, i64 1" [../src/kernel.cpp:34]   --->   Operation 171 'readreq' 'gmem1_load_req' <Predicate = true> <Delay = 2.43> <CoreInst = "m_axi">   --->   Core 119 'm_axi' <Latency = 6> <II = 1> <Delay = 1.00> <Adapter> <Opcode : 'read' 'write' 'readreq' 'writereq' 'writeresp'>

State 52 <SV = 51> <Delay = 2.43>
ST_52 : Operation 172 [22/71] (2.43ns)   --->   "%gmem1_load_req = readreq i1 @_ssdm_op_ReadReq.m_axi.i32P1A, i64 %gmem1_addr, i64 1" [../src/kernel.cpp:34]   --->   Operation 172 'readreq' 'gmem1_load_req' <Predicate = true> <Delay = 2.43> <CoreInst = "m_axi">   --->   Core 119 'm_axi' <Latency = 6> <II = 1> <Delay = 1.00> <Adapter> <Opcode : 'read' 'write' 'readreq' 'writereq' 'writeresp'>

State 53 <SV = 52> <Delay = 2.43>
ST_53 : Operation 173 [21/71] (2.43ns)   --->   "%gmem1_load_req = readreq i1 @_ssdm_op_ReadReq.m_axi.i32P1A, i64 %gmem1_addr, i64 1" [../src/kernel.cpp:34]   --->   Operation 173 'readreq' 'gmem1_load_req' <Predicate = true> <Delay = 2.43> <CoreInst = "m_axi">   --->   Core 119 'm_axi' <Latency = 6> <II = 1> <Delay = 1.00> <Adapter> <Opcode : 'read' 'write' 'readreq' 'writereq' 'writeresp'>

State 54 <SV = 53> <Delay = 2.43>
ST_54 : Operation 174 [20/71] (2.43ns)   --->   "%gmem1_load_req = readreq i1 @_ssdm_op_ReadReq.m_axi.i32P1A, i64 %gmem1_addr, i64 1" [../src/kernel.cpp:34]   --->   Operation 174 'readreq' 'gmem1_load_req' <Predicate = true> <Delay = 2.43> <CoreInst = "m_axi">   --->   Core 119 'm_axi' <Latency = 6> <II = 1> <Delay = 1.00> <Adapter> <Opcode : 'read' 'write' 'readreq' 'writereq' 'writeresp'>

State 55 <SV = 54> <Delay = 2.43>
ST_55 : Operation 175 [19/71] (2.43ns)   --->   "%gmem1_load_req = readreq i1 @_ssdm_op_ReadReq.m_axi.i32P1A, i64 %gmem1_addr, i64 1" [../src/kernel.cpp:34]   --->   Operation 175 'readreq' 'gmem1_load_req' <Predicate = true> <Delay = 2.43> <CoreInst = "m_axi">   --->   Core 119 'm_axi' <Latency = 6> <II = 1> <Delay = 1.00> <Adapter> <Opcode : 'read' 'write' 'readreq' 'writereq' 'writeresp'>

State 56 <SV = 55> <Delay = 2.43>
ST_56 : Operation 176 [18/71] (2.43ns)   --->   "%gmem1_load_req = readreq i1 @_ssdm_op_ReadReq.m_axi.i32P1A, i64 %gmem1_addr, i64 1" [../src/kernel.cpp:34]   --->   Operation 176 'readreq' 'gmem1_load_req' <Predicate = true> <Delay = 2.43> <CoreInst = "m_axi">   --->   Core 119 'm_axi' <Latency = 6> <II = 1> <Delay = 1.00> <Adapter> <Opcode : 'read' 'write' 'readreq' 'writereq' 'writeresp'>

State 57 <SV = 56> <Delay = 2.43>
ST_57 : Operation 177 [17/71] (2.43ns)   --->   "%gmem1_load_req = readreq i1 @_ssdm_op_ReadReq.m_axi.i32P1A, i64 %gmem1_addr, i64 1" [../src/kernel.cpp:34]   --->   Operation 177 'readreq' 'gmem1_load_req' <Predicate = true> <Delay = 2.43> <CoreInst = "m_axi">   --->   Core 119 'm_axi' <Latency = 6> <II = 1> <Delay = 1.00> <Adapter> <Opcode : 'read' 'write' 'readreq' 'writereq' 'writeresp'>

State 58 <SV = 57> <Delay = 2.43>
ST_58 : Operation 178 [16/71] (2.43ns)   --->   "%gmem1_load_req = readreq i1 @_ssdm_op_ReadReq.m_axi.i32P1A, i64 %gmem1_addr, i64 1" [../src/kernel.cpp:34]   --->   Operation 178 'readreq' 'gmem1_load_req' <Predicate = true> <Delay = 2.43> <CoreInst = "m_axi">   --->   Core 119 'm_axi' <Latency = 6> <II = 1> <Delay = 1.00> <Adapter> <Opcode : 'read' 'write' 'readreq' 'writereq' 'writeresp'>

State 59 <SV = 58> <Delay = 2.43>
ST_59 : Operation 179 [15/71] (2.43ns)   --->   "%gmem1_load_req = readreq i1 @_ssdm_op_ReadReq.m_axi.i32P1A, i64 %gmem1_addr, i64 1" [../src/kernel.cpp:34]   --->   Operation 179 'readreq' 'gmem1_load_req' <Predicate = true> <Delay = 2.43> <CoreInst = "m_axi">   --->   Core 119 'm_axi' <Latency = 6> <II = 1> <Delay = 1.00> <Adapter> <Opcode : 'read' 'write' 'readreq' 'writereq' 'writeresp'>

State 60 <SV = 59> <Delay = 2.43>
ST_60 : Operation 180 [14/71] (2.43ns)   --->   "%gmem1_load_req = readreq i1 @_ssdm_op_ReadReq.m_axi.i32P1A, i64 %gmem1_addr, i64 1" [../src/kernel.cpp:34]   --->   Operation 180 'readreq' 'gmem1_load_req' <Predicate = true> <Delay = 2.43> <CoreInst = "m_axi">   --->   Core 119 'm_axi' <Latency = 6> <II = 1> <Delay = 1.00> <Adapter> <Opcode : 'read' 'write' 'readreq' 'writereq' 'writeresp'>

State 61 <SV = 60> <Delay = 2.43>
ST_61 : Operation 181 [13/71] (2.43ns)   --->   "%gmem1_load_req = readreq i1 @_ssdm_op_ReadReq.m_axi.i32P1A, i64 %gmem1_addr, i64 1" [../src/kernel.cpp:34]   --->   Operation 181 'readreq' 'gmem1_load_req' <Predicate = true> <Delay = 2.43> <CoreInst = "m_axi">   --->   Core 119 'm_axi' <Latency = 6> <II = 1> <Delay = 1.00> <Adapter> <Opcode : 'read' 'write' 'readreq' 'writereq' 'writeresp'>

State 62 <SV = 61> <Delay = 2.43>
ST_62 : Operation 182 [12/71] (2.43ns)   --->   "%gmem1_load_req = readreq i1 @_ssdm_op_ReadReq.m_axi.i32P1A, i64 %gmem1_addr, i64 1" [../src/kernel.cpp:34]   --->   Operation 182 'readreq' 'gmem1_load_req' <Predicate = true> <Delay = 2.43> <CoreInst = "m_axi">   --->   Core 119 'm_axi' <Latency = 6> <II = 1> <Delay = 1.00> <Adapter> <Opcode : 'read' 'write' 'readreq' 'writereq' 'writeresp'>

State 63 <SV = 62> <Delay = 2.43>
ST_63 : Operation 183 [11/71] (2.43ns)   --->   "%gmem1_load_req = readreq i1 @_ssdm_op_ReadReq.m_axi.i32P1A, i64 %gmem1_addr, i64 1" [../src/kernel.cpp:34]   --->   Operation 183 'readreq' 'gmem1_load_req' <Predicate = true> <Delay = 2.43> <CoreInst = "m_axi">   --->   Core 119 'm_axi' <Latency = 6> <II = 1> <Delay = 1.00> <Adapter> <Opcode : 'read' 'write' 'readreq' 'writereq' 'writeresp'>

State 64 <SV = 63> <Delay = 2.43>
ST_64 : Operation 184 [10/71] (2.43ns)   --->   "%gmem1_load_req = readreq i1 @_ssdm_op_ReadReq.m_axi.i32P1A, i64 %gmem1_addr, i64 1" [../src/kernel.cpp:34]   --->   Operation 184 'readreq' 'gmem1_load_req' <Predicate = true> <Delay = 2.43> <CoreInst = "m_axi">   --->   Core 119 'm_axi' <Latency = 6> <II = 1> <Delay = 1.00> <Adapter> <Opcode : 'read' 'write' 'readreq' 'writereq' 'writeresp'>

State 65 <SV = 64> <Delay = 2.43>
ST_65 : Operation 185 [9/71] (2.43ns)   --->   "%gmem1_load_req = readreq i1 @_ssdm_op_ReadReq.m_axi.i32P1A, i64 %gmem1_addr, i64 1" [../src/kernel.cpp:34]   --->   Operation 185 'readreq' 'gmem1_load_req' <Predicate = true> <Delay = 2.43> <CoreInst = "m_axi">   --->   Core 119 'm_axi' <Latency = 6> <II = 1> <Delay = 1.00> <Adapter> <Opcode : 'read' 'write' 'readreq' 'writereq' 'writeresp'>

State 66 <SV = 65> <Delay = 2.43>
ST_66 : Operation 186 [8/71] (2.43ns)   --->   "%gmem1_load_req = readreq i1 @_ssdm_op_ReadReq.m_axi.i32P1A, i64 %gmem1_addr, i64 1" [../src/kernel.cpp:34]   --->   Operation 186 'readreq' 'gmem1_load_req' <Predicate = true> <Delay = 2.43> <CoreInst = "m_axi">   --->   Core 119 'm_axi' <Latency = 6> <II = 1> <Delay = 1.00> <Adapter> <Opcode : 'read' 'write' 'readreq' 'writereq' 'writeresp'>

State 67 <SV = 66> <Delay = 2.43>
ST_67 : Operation 187 [7/71] (2.43ns)   --->   "%gmem1_load_req = readreq i1 @_ssdm_op_ReadReq.m_axi.i32P1A, i64 %gmem1_addr, i64 1" [../src/kernel.cpp:34]   --->   Operation 187 'readreq' 'gmem1_load_req' <Predicate = true> <Delay = 2.43> <CoreInst = "m_axi">   --->   Core 119 'm_axi' <Latency = 6> <II = 1> <Delay = 1.00> <Adapter> <Opcode : 'read' 'write' 'readreq' 'writereq' 'writeresp'>

State 68 <SV = 67> <Delay = 2.43>
ST_68 : Operation 188 [6/71] (2.43ns)   --->   "%gmem1_load_req = readreq i1 @_ssdm_op_ReadReq.m_axi.i32P1A, i64 %gmem1_addr, i64 1" [../src/kernel.cpp:34]   --->   Operation 188 'readreq' 'gmem1_load_req' <Predicate = true> <Delay = 2.43> <CoreInst = "m_axi">   --->   Core 119 'm_axi' <Latency = 6> <II = 1> <Delay = 1.00> <Adapter> <Opcode : 'read' 'write' 'readreq' 'writereq' 'writeresp'>

State 69 <SV = 68> <Delay = 2.43>
ST_69 : Operation 189 [5/71] (2.43ns)   --->   "%gmem1_load_req = readreq i1 @_ssdm_op_ReadReq.m_axi.i32P1A, i64 %gmem1_addr, i64 1" [../src/kernel.cpp:34]   --->   Operation 189 'readreq' 'gmem1_load_req' <Predicate = true> <Delay = 2.43> <CoreInst = "m_axi">   --->   Core 119 'm_axi' <Latency = 6> <II = 1> <Delay = 1.00> <Adapter> <Opcode : 'read' 'write' 'readreq' 'writereq' 'writeresp'>

State 70 <SV = 69> <Delay = 2.43>
ST_70 : Operation 190 [4/71] (2.43ns)   --->   "%gmem1_load_req = readreq i1 @_ssdm_op_ReadReq.m_axi.i32P1A, i64 %gmem1_addr, i64 1" [../src/kernel.cpp:34]   --->   Operation 190 'readreq' 'gmem1_load_req' <Predicate = true> <Delay = 2.43> <CoreInst = "m_axi">   --->   Core 119 'm_axi' <Latency = 6> <II = 1> <Delay = 1.00> <Adapter> <Opcode : 'read' 'write' 'readreq' 'writereq' 'writeresp'>

State 71 <SV = 70> <Delay = 2.43>
ST_71 : Operation 191 [3/71] (2.43ns)   --->   "%gmem1_load_req = readreq i1 @_ssdm_op_ReadReq.m_axi.i32P1A, i64 %gmem1_addr, i64 1" [../src/kernel.cpp:34]   --->   Operation 191 'readreq' 'gmem1_load_req' <Predicate = true> <Delay = 2.43> <CoreInst = "m_axi">   --->   Core 119 'm_axi' <Latency = 6> <II = 1> <Delay = 1.00> <Adapter> <Opcode : 'read' 'write' 'readreq' 'writereq' 'writeresp'>

State 72 <SV = 71> <Delay = 2.43>
ST_72 : Operation 192 [2/71] (2.43ns)   --->   "%gmem1_load_req = readreq i1 @_ssdm_op_ReadReq.m_axi.i32P1A, i64 %gmem1_addr, i64 1" [../src/kernel.cpp:34]   --->   Operation 192 'readreq' 'gmem1_load_req' <Predicate = true> <Delay = 2.43> <CoreInst = "m_axi">   --->   Core 119 'm_axi' <Latency = 6> <II = 1> <Delay = 1.00> <Adapter> <Opcode : 'read' 'write' 'readreq' 'writereq' 'writeresp'>

State 73 <SV = 72> <Delay = 2.43>
ST_73 : Operation 193 [1/71] (2.43ns)   --->   "%gmem1_load_req = readreq i1 @_ssdm_op_ReadReq.m_axi.i32P1A, i64 %gmem1_addr, i64 1" [../src/kernel.cpp:34]   --->   Operation 193 'readreq' 'gmem1_load_req' <Predicate = true> <Delay = 2.43> <CoreInst = "m_axi">   --->   Core 119 'm_axi' <Latency = 6> <II = 1> <Delay = 1.00> <Adapter> <Opcode : 'read' 'write' 'readreq' 'writereq' 'writeresp'>

State 74 <SV = 73> <Delay = 2.43>
ST_74 : Operation 194 [1/1] (0.00ns)   --->   "%gmem0_addr = getelementptr i32 %gmem0, i64 %p_cast_cast_cast"   --->   Operation 194 'getelementptr' 'gmem0_addr' <Predicate = true> <Delay = 0.00>
ST_74 : Operation 195 [1/1] (2.43ns)   --->   "%gmem0_addr_read = read i32 @_ssdm_op_Read.m_axi.p1i32, i64 %gmem0_addr" [../src/kernel.cpp:34]   --->   Operation 195 'read' 'gmem0_addr_read' <Predicate = true> <Delay = 2.43> <CoreInst = "m_axi">   --->   Core 119 'm_axi' <Latency = 3> <II = 1> <Delay = 1.00> <Adapter> <Opcode : 'read' 'write' 'readreq' 'writereq' 'writeresp'>
ST_74 : Operation 196 [1/1] (2.43ns)   --->   "%gmem1_addr_read = read i32 @_ssdm_op_Read.m_axi.i32P1A, i64 %gmem1_addr" [../src/kernel.cpp:34]   --->   Operation 196 'read' 'gmem1_addr_read' <Predicate = true> <Delay = 2.43> <CoreInst = "m_axi">   --->   Core 119 'm_axi' <Latency = 3> <II = 1> <Delay = 1.00> <Adapter> <Opcode : 'read' 'write' 'readreq' 'writereq' 'writeresp'>

State 75 <SV = 74> <Delay = 2.32>
ST_75 : Operation 197 [1/1] (0.00ns)   --->   "%bitcast_ln34 = bitcast i32 %gmem0_addr_read" [../src/kernel.cpp:34]   --->   Operation 197 'bitcast' 'bitcast_ln34' <Predicate = true> <Delay = 0.00>
ST_75 : Operation 198 [1/1] (0.00ns)   --->   "%bitcast_ln34_1 = bitcast i32 %gmem1_addr_read" [../src/kernel.cpp:34]   --->   Operation 198 'bitcast' 'bitcast_ln34_1' <Predicate = true> <Delay = 0.00>
ST_75 : Operation 199 [4/4] (2.32ns)   --->   "%mul = fmul i32 %bitcast_ln34, i32 %bitcast_ln34_1" [../src/kernel.cpp:34]   --->   Operation 199 'fmul' 'mul' <Predicate = true> <Delay = 2.32> <CoreInst = "FMul_maxdsp">   --->   Core 30 'FMul_maxdsp' <Latency = 3> <II = 1> <Delay = 2.32> <FuncUnit> <Opcode : 'fmul'> <InPorts = 2> <OutPorts = 1>

State 76 <SV = 75> <Delay = 2.32>
ST_76 : Operation 200 [3/4] (2.32ns)   --->   "%mul = fmul i32 %bitcast_ln34, i32 %bitcast_ln34_1" [../src/kernel.cpp:34]   --->   Operation 200 'fmul' 'mul' <Predicate = true> <Delay = 2.32> <CoreInst = "FMul_maxdsp">   --->   Core 30 'FMul_maxdsp' <Latency = 3> <II = 1> <Delay = 2.32> <FuncUnit> <Opcode : 'fmul'> <InPorts = 2> <OutPorts = 1>

State 77 <SV = 76> <Delay = 2.32>
ST_77 : Operation 201 [2/4] (2.32ns)   --->   "%mul = fmul i32 %bitcast_ln34, i32 %bitcast_ln34_1" [../src/kernel.cpp:34]   --->   Operation 201 'fmul' 'mul' <Predicate = true> <Delay = 2.32> <CoreInst = "FMul_maxdsp">   --->   Core 30 'FMul_maxdsp' <Latency = 3> <II = 1> <Delay = 2.32> <FuncUnit> <Opcode : 'fmul'> <InPorts = 2> <OutPorts = 1>

State 78 <SV = 77> <Delay = 2.32>
ST_78 : Operation 202 [1/4] (2.32ns)   --->   "%mul = fmul i32 %bitcast_ln34, i32 %bitcast_ln34_1" [../src/kernel.cpp:34]   --->   Operation 202 'fmul' 'mul' <Predicate = true> <Delay = 2.32> <CoreInst = "FMul_maxdsp">   --->   Core 30 'FMul_maxdsp' <Latency = 3> <II = 1> <Delay = 2.32> <FuncUnit> <Opcode : 'fmul'> <InPorts = 2> <OutPorts = 1>
ST_78 : Operation 215 [1/1] (0.00ns)   --->   "%acc_load_1 = load i32 %acc"   --->   Operation 215 'load' 'acc_load_1' <Predicate = (!icmp_ln33)> <Delay = 0.00>
ST_78 : Operation 216 [1/1] (0.00ns)   --->   "%write_ln0 = write void @_ssdm_op_Write.ap_auto.floatP0A, i32 %acc_out, i32 %acc_load_1"   --->   Operation 216 'write' 'write_ln0' <Predicate = (!icmp_ln33)> <Delay = 0.00>
ST_78 : Operation 217 [1/1] (0.38ns)   --->   "%ret_ln0 = ret"   --->   Operation 217 'ret' 'ret_ln0' <Predicate = (!icmp_ln33)> <Delay = 0.38>

State 79 <SV = 78> <Delay = 2.34>
ST_79 : Operation 203 [1/1] (0.00ns)   --->   "%acc_load = load i32 %acc" [../src/kernel.cpp:34]   --->   Operation 203 'load' 'acc_load' <Predicate = true> <Delay = 0.00>
ST_79 : Operation 204 [7/7] (2.34ns)   --->   "%acc_1 = fadd i32 %acc_load, i32 %mul" [../src/kernel.cpp:34]   --->   Operation 204 'fadd' 'acc_1' <Predicate = true> <Delay = 2.34> <CoreInst = "FAddSub_fulldsp">   --->   Core 18 'FAddSub_fulldsp' <Latency = 6> <II = 1> <Delay = 2.34> <FuncUnit> <Opcode : 'fadd' 'fsub'> <InPorts = 2> <OutPorts = 1>

State 80 <SV = 79> <Delay = 2.34>
ST_80 : Operation 205 [6/7] (2.34ns)   --->   "%acc_1 = fadd i32 %acc_load, i32 %mul" [../src/kernel.cpp:34]   --->   Operation 205 'fadd' 'acc_1' <Predicate = true> <Delay = 2.34> <CoreInst = "FAddSub_fulldsp">   --->   Core 18 'FAddSub_fulldsp' <Latency = 6> <II = 1> <Delay = 2.34> <FuncUnit> <Opcode : 'fadd' 'fsub'> <InPorts = 2> <OutPorts = 1>

State 81 <SV = 80> <Delay = 2.34>
ST_81 : Operation 206 [5/7] (2.34ns)   --->   "%acc_1 = fadd i32 %acc_load, i32 %mul" [../src/kernel.cpp:34]   --->   Operation 206 'fadd' 'acc_1' <Predicate = true> <Delay = 2.34> <CoreInst = "FAddSub_fulldsp">   --->   Core 18 'FAddSub_fulldsp' <Latency = 6> <II = 1> <Delay = 2.34> <FuncUnit> <Opcode : 'fadd' 'fsub'> <InPorts = 2> <OutPorts = 1>

State 82 <SV = 81> <Delay = 2.34>
ST_82 : Operation 207 [4/7] (2.34ns)   --->   "%acc_1 = fadd i32 %acc_load, i32 %mul" [../src/kernel.cpp:34]   --->   Operation 207 'fadd' 'acc_1' <Predicate = true> <Delay = 2.34> <CoreInst = "FAddSub_fulldsp">   --->   Core 18 'FAddSub_fulldsp' <Latency = 6> <II = 1> <Delay = 2.34> <FuncUnit> <Opcode : 'fadd' 'fsub'> <InPorts = 2> <OutPorts = 1>

State 83 <SV = 82> <Delay = 2.34>
ST_83 : Operation 208 [3/7] (2.34ns)   --->   "%acc_1 = fadd i32 %acc_load, i32 %mul" [../src/kernel.cpp:34]   --->   Operation 208 'fadd' 'acc_1' <Predicate = true> <Delay = 2.34> <CoreInst = "FAddSub_fulldsp">   --->   Core 18 'FAddSub_fulldsp' <Latency = 6> <II = 1> <Delay = 2.34> <FuncUnit> <Opcode : 'fadd' 'fsub'> <InPorts = 2> <OutPorts = 1>

State 84 <SV = 83> <Delay = 2.34>
ST_84 : Operation 209 [2/7] (2.34ns)   --->   "%acc_1 = fadd i32 %acc_load, i32 %mul" [../src/kernel.cpp:34]   --->   Operation 209 'fadd' 'acc_1' <Predicate = true> <Delay = 2.34> <CoreInst = "FAddSub_fulldsp">   --->   Core 18 'FAddSub_fulldsp' <Latency = 6> <II = 1> <Delay = 2.34> <FuncUnit> <Opcode : 'fadd' 'fsub'> <InPorts = 2> <OutPorts = 1>

State 85 <SV = 84> <Delay = 2.34>
ST_85 : Operation 210 [1/7] (2.34ns)   --->   "%acc_1 = fadd i32 %acc_load, i32 %mul" [../src/kernel.cpp:34]   --->   Operation 210 'fadd' 'acc_1' <Predicate = true> <Delay = 2.34> <CoreInst = "FAddSub_fulldsp">   --->   Core 18 'FAddSub_fulldsp' <Latency = 6> <II = 1> <Delay = 2.34> <FuncUnit> <Opcode : 'fadd' 'fsub'> <InPorts = 2> <OutPorts = 1>

State 86 <SV = 85> <Delay = 0.38>
ST_86 : Operation 211 [1/1] (0.00ns)   --->   "%specpipeline_ln32 = specpipeline void @_ssdm_op_SpecPipeline, i32 4294967295, i32 0, i32 0, i32 0, void @empty_9" [../src/kernel.cpp:32]   --->   Operation 211 'specpipeline' 'specpipeline_ln32' <Predicate = true> <Delay = 0.00>
ST_86 : Operation 212 [1/1] (0.00ns)   --->   "%specloopname_ln33 = specloopname void @_ssdm_op_SpecLoopName, void @empty_15" [../src/kernel.cpp:33]   --->   Operation 212 'specloopname' 'specloopname_ln33' <Predicate = true> <Delay = 0.00>
ST_86 : Operation 213 [1/1] (0.38ns)   --->   "%store_ln32 = store i32 %acc_1, i32 %acc" [../src/kernel.cpp:32]   --->   Operation 213 'store' 'store_ln32' <Predicate = true> <Delay = 0.38>
ST_86 : Operation 214 [1/1] (0.00ns)   --->   "%br_ln33 = br void %for.inc" [../src/kernel.cpp:33]   --->   Operation 214 'br' 'br_ln33' <Predicate = true> <Delay = 0.00>


============================================================
+ Verbose Summary: Binding
============================================================
STG Binding: 
---------------- STG Properties BEGIN ----------------
- Is combinational: 0
- Is one-state seq: 0
- Is datapath-only: 0
- Is pipelined: 0
- Is top level: 0
Port [ Return ] is wired: 1; IO mode=ap_ctrl_hs:ce=0
Port [ gmem1]:  wired=1; compound=1; hidden=0; nouse=0; global=0; static=0; extern=0; dir=0; type=4; pingpong=0; private_global=0; IO mode=m_axi:ce=0
Port [ gmem0]:  wired=1; compound=1; hidden=0; nouse=0; global=0; static=0; extern=0; dir=0; type=4; pingpong=0; private_global=0; IO mode=m_axi:ce=0
Port [ K]:  wired=1; compound=0; hidden=0; nouse=0; global=0; static=0; extern=0; dir=0; type=0; pingpong=0; private_global=0; IO mode=ap_none:ce=0
Port [ p_cast_cast]:  wired=1; compound=0; hidden=0; nouse=0; global=0; static=0; extern=0; dir=0; type=0; pingpong=0; private_global=0; IO mode=ap_none:ce=0
Port [ sext_ln30]:  wired=1; compound=0; hidden=0; nouse=0; global=0; static=0; extern=0; dir=0; type=0; pingpong=0; private_global=0; IO mode=ap_none:ce=0
Port [ zext_ln31]:  wired=1; compound=0; hidden=0; nouse=0; global=0; static=0; extern=0; dir=0; type=0; pingpong=0; private_global=0; IO mode=ap_none:ce=0
Port [ B]:  wired=1; compound=0; hidden=0; nouse=0; global=0; static=0; extern=0; dir=0; type=0; pingpong=0; private_global=0; IO mode=ap_none:ce=0
Port [ acc_out]:  wired=1; compound=0; hidden=0; nouse=0; global=0; static=0; extern=0; dir=1; type=0; pingpong=0; private_global=0; IO mode=ap_vld:ce=0
---------------- STG Properties END ------------------

---------------- Datapath Model BEGIN ----------------

<LifeTime>
<method=bitvector/>
phi_mul           (alloca        ) [ 011000000000000000000000000000000000000000000000000000000000000000000000000000000000000]
acc               (alloca        ) [ 011111111111111111111111111111111111111111111111111111111111111111111111111111111111111]
k                 (alloca        ) [ 010000000000000000000000000000000000000000000000000000000000000000000000000000000000000]
B_read            (read          ) [ 001000000000000000000000000000000000000000000000000000000000000000000000000000000000000]
zext_ln31_read    (read          ) [ 000000000000000000000000000000000000000000000000000000000000000000000000000000000000000]
sext_ln30_read    (read          ) [ 000000000000000000000000000000000000000000000000000000000000000000000000000000000000000]
p_cast_cast_read  (read          ) [ 000000000000000000000000000000000000000000000000000000000000000000000000000000000000000]
K_read            (read          ) [ 000000000000000000000000000000000000000000000000000000000000000000000000000000000000000]
zext_ln31_cast    (zext          ) [ 001000000000000000000000000000000000000000000000000000000000000000000000000000000000000]
sext_ln30_cast    (zext          ) [ 001000000000000000000000000000000000000000000000000000000000000000000000000000000000000]
p_cast_cast_cast  (sext          ) [ 011111111111111111111111111111111111111111111111111111111111111111111111111000000000000]
specinterface_ln0 (specinterface ) [ 000000000000000000000000000000000000000000000000000000000000000000000000000000000000000]
specinterface_ln0 (specinterface ) [ 000000000000000000000000000000000000000000000000000000000000000000000000000000000000000]
store_ln33        (store         ) [ 000000000000000000000000000000000000000000000000000000000000000000000000000000000000000]
store_ln32        (store         ) [ 000000000000000000000000000000000000000000000000000000000000000000000000000000000000000]
store_ln0         (store         ) [ 000000000000000000000000000000000000000000000000000000000000000000000000000000000000000]
br_ln0            (br            ) [ 000000000000000000000000000000000000000000000000000000000000000000000000000000000000000]
k_1               (load          ) [ 000000000000000000000000000000000000000000000000000000000000000000000000000000000000000]
specbitsmap_ln0   (specbitsmap   ) [ 000000000000000000000000000000000000000000000000000000000000000000000000000000000000000]
specbitsmap_ln0   (specbitsmap   ) [ 000000000000000000000000000000000000000000000000000000000000000000000000000000000000000]
zext_ln33         (zext          ) [ 000000000000000000000000000000000000000000000000000000000000000000000000000000000000000]
icmp_ln33         (icmp          ) [ 011111111111111111111111111111111111111111111111111111111111111111111111111111100000000]
add_ln33          (add           ) [ 000000000000000000000000000000000000000000000000000000000000000000000000000000000000000]
br_ln33           (br            ) [ 000000000000000000000000000000000000000000000000000000000000000000000000000000000000000]
store_ln33        (store         ) [ 000000000000000000000000000000000000000000000000000000000000000000000000000000000000000]
phi_mul_load      (load          ) [ 000000000000000000000000000000000000000000000000000000000000000000000000000000000000000]
add_ln34_2        (add           ) [ 000000000000000000000000000000000000000000000000000000000000000000000000000000000000000]
add_ln34          (add           ) [ 000000000000000000000000000000000000000000000000000000000000000000000000000000000000000]
shl_ln            (bitconcatenate) [ 000000000000000000000000000000000000000000000000000000000000000000000000000000000000000]
add_ln34_1        (add           ) [ 000000000000000000000000000000000000000000000000000000000000000000000000000000000000000]
trunc_ln1         (partselect    ) [ 000000000000000000000000000000000000000000000000000000000000000000000000000000000000000]
sext_ln34         (sext          ) [ 000000000000000000000000000000000000000000000000000000000000000000000000000000000000000]
gmem1_addr        (getelementptr ) [ 011111111111111111111111111111111111111111111111111111111111111111111111111000000000000]
store_ln34        (store         ) [ 000000000000000000000000000000000000000000000000000000000000000000000000000000000000000]
gmem1_load_req    (readreq       ) [ 000000000000000000000000000000000000000000000000000000000000000000000000000000000000000]
gmem0_addr        (getelementptr ) [ 000000000000000000000000000000000000000000000000000000000000000000000000000000000000000]
gmem0_addr_read   (read          ) [ 000100000000000000000000000000000000000000000000000000000000000000000000000100000000000]
gmem1_addr_read   (read          ) [ 000100000000000000000000000000000000000000000000000000000000000000000000000100000000000]
bitcast_ln34      (bitcast       ) [ 000011100000000000000000000000000000000000000000000000000000000000000000000011100000000]
bitcast_ln34_1    (bitcast       ) [ 000011100000000000000000000000000000000000000000000000000000000000000000000011100000000]
mul               (fmul          ) [ 011111011000000000000000000000000000000000000000000000000000000000000000000000011111110]
acc_load          (load          ) [ 011111001000000000000000000000000000000000000000000000000000000000000000000000001111110]
acc_1             (fadd          ) [ 000000100000000000000000000000000000000000000000000000000000000000000000000000000000001]
specpipeline_ln32 (specpipeline  ) [ 000000000000000000000000000000000000000000000000000000000000000000000000000000000000000]
specloopname_ln33 (specloopname  ) [ 000000000000000000000000000000000000000000000000000000000000000000000000000000000000000]
store_ln32        (store         ) [ 000000000000000000000000000000000000000000000000000000000000000000000000000000000000000]
br_ln33           (br            ) [ 000000000000000000000000000000000000000000000000000000000000000000000000000000000000000]
acc_load_1        (load          ) [ 000000000000000000000000000000000000000000000000000000000000000000000000000000000000000]
write_ln0         (write         ) [ 000000000000000000000000000000000000000000000000000000000000000000000000000000000000000]
ret_ln0           (ret           ) [ 000000000000000000000000000000000000000000000000000000000000000000000000000000000000000]
</LifeTime>

<model>

<comp_list>
<comp id="0" class="1000" name="gmem1">
<pin_list>
<pin id="1" dir="1" index="0" bw="1" slack="0"/>
</pin_list>
<bind>
<StgValue><ssdm name="gmem1"/><MemPortTyVec>0 </MemPortTyVec>
</StgValue>
</bind>
</comp>

<comp id="2" class="1000" name="gmem0">
<pin_list>
<pin id="3" dir="1" index="0" bw="1" slack="0"/>
</pin_list>
<bind>
<StgValue><ssdm name="gmem0"/><MemPortTyVec>0 </MemPortTyVec>
</StgValue>
</bind>
</comp>

<comp id="4" class="1000" name="K">
<pin_list>
<pin id="5" dir="1" index="0" bw="1" slack="0"/>
</pin_list>
<bind>
<StgValue><ssdm name="K"/></StgValue>
</bind>
</comp>

<comp id="6" class="1000" name="p_cast_cast">
<pin_list>
<pin id="7" dir="1" index="0" bw="1" slack="0"/>
</pin_list>
<bind>
<StgValue><ssdm name="p_cast_cast"/></StgValue>
</bind>
</comp>

<comp id="8" class="1000" name="sext_ln30">
<pin_list>
<pin id="9" dir="1" index="0" bw="1" slack="0"/>
</pin_list>
<bind>
<StgValue><ssdm name="sext_ln30"/></StgValue>
</bind>
</comp>

<comp id="10" class="1000" name="zext_ln31">
<pin_list>
<pin id="11" dir="1" index="0" bw="1" slack="0"/>
</pin_list>
<bind>
<StgValue><ssdm name="zext_ln31"/></StgValue>
</bind>
</comp>

<comp id="12" class="1000" name="B">
<pin_list>
<pin id="13" dir="1" index="0" bw="1" slack="0"/>
</pin_list>
<bind>
<StgValue><ssdm name="B"/></StgValue>
</bind>
</comp>

<comp id="14" class="1000" name="acc_out">
<pin_list>
<pin id="15" dir="1" index="0" bw="1" slack="0"/>
</pin_list>
<bind>
<StgValue><ssdm name="acc_out"/></StgValue>
</bind>
</comp>

<comp id="16" class="1001" name="const_16">
<pin_list>
<pin id="17" dir="1" index="0" bw="1" slack="0"/>
</pin_list>
<bind>
<StgValue><ssdm name=""/></StgValue>
</bind>
</comp>

<comp id="18" class="1001" name="const_18">
<pin_list>
<pin id="19" dir="1" index="0" bw="1" slack="0"/>
</pin_list>
<bind>
<StgValue><ssdm name="_ssdm_op_Read.ap_auto.i64"/></StgValue>
</bind>
</comp>

<comp id="20" class="1001" name="const_20">
<pin_list>
<pin id="21" dir="1" index="0" bw="1" slack="0"/>
</pin_list>
<bind>
<StgValue><ssdm name="_ssdm_op_Read.ap_auto.i31"/></StgValue>
</bind>
</comp>

<comp id="22" class="1001" name="const_22">
<pin_list>
<pin id="23" dir="1" index="0" bw="1" slack="0"/>
</pin_list>
<bind>
<StgValue><ssdm name="_ssdm_op_Read.ap_auto.i62"/></StgValue>
</bind>
</comp>

<comp id="24" class="1001" name="const_24">
<pin_list>
<pin id="25" dir="1" index="0" bw="1" slack="0"/>
</pin_list>
<bind>
<StgValue><ssdm name="_ssdm_op_Read.ap_auto.i32"/></StgValue>
</bind>
</comp>

<comp id="26" class="1001" name="const_26">
<pin_list>
<pin id="27" dir="1" index="0" bw="1" slack="2147483647"/>
</pin_list>
<bind>
<StgValue><ssdm name="_ssdm_op_SpecInterface"/></StgValue>
</bind>
</comp>

<comp id="28" class="1001" name="const_28">
<pin_list>
<pin id="29" dir="1" index="0" bw="1" slack="2147483647"/>
</pin_list>
<bind>
<StgValue><ssdm name="empty_8"/></StgValue>
</bind>
</comp>

<comp id="30" class="1001" name="const_30">
<pin_list>
<pin id="31" dir="1" index="0" bw="1" slack="2147483647"/>
</pin_list>
<bind>
<StgValue><ssdm name=""/></StgValue>
</bind>
</comp>

<comp id="32" class="1001" name="const_32">
<pin_list>
<pin id="33" dir="1" index="0" bw="1" slack="2147483647"/>
</pin_list>
<bind>
<StgValue><ssdm name="empty_9"/></StgValue>
</bind>
</comp>

<comp id="34" class="1001" name="const_34">
<pin_list>
<pin id="35" dir="1" index="0" bw="1" slack="2147483647"/>
</pin_list>
<bind>
<StgValue><ssdm name=""/></StgValue>
</bind>
</comp>

<comp id="36" class="1001" name="const_36">
<pin_list>
<pin id="37" dir="1" index="0" bw="1" slack="2147483647"/>
</pin_list>
<bind>
<StgValue><ssdm name=""/></StgValue>
</bind>
</comp>

<comp id="38" class="1001" name="const_38">
<pin_list>
<pin id="39" dir="1" index="0" bw="1" slack="2147483647"/>
</pin_list>
<bind>
<StgValue><ssdm name="empty_1"/></StgValue>
</bind>
</comp>

<comp id="40" class="1001" name="const_40">
<pin_list>
<pin id="41" dir="1" index="0" bw="1" slack="2147483647"/>
</pin_list>
<bind>
<StgValue><ssdm name="empty_0"/></StgValue>
</bind>
</comp>

<comp id="42" class="1001" name="const_42">
<pin_list>
<pin id="43" dir="1" index="0" bw="1" slack="2147483647"/>
</pin_list>
<bind>
<StgValue><ssdm name=""/></StgValue>
</bind>
</comp>

<comp id="44" class="1001" name="const_44">
<pin_list>
<pin id="45" dir="1" index="0" bw="1" slack="2147483647"/>
</pin_list>
<bind>
<StgValue><ssdm name=""/></StgValue>
</bind>
</comp>

<comp id="46" class="1001" name="const_46">
<pin_list>
<pin id="47" dir="1" index="0" bw="1" slack="2147483647"/>
</pin_list>
<bind>
<StgValue><ssdm name=""/></StgValue>
</bind>
</comp>

<comp id="48" class="1001" name="const_48">
<pin_list>
<pin id="49" dir="1" index="0" bw="1" slack="2147483647"/>
</pin_list>
<bind>
<StgValue><ssdm name="empty"/></StgValue>
</bind>
</comp>

<comp id="50" class="1001" name="const_50">
<pin_list>
<pin id="51" dir="1" index="0" bw="1" slack="0"/>
</pin_list>
<bind>
<StgValue><ssdm name=""/></StgValue>
</bind>
</comp>

<comp id="52" class="1001" name="const_52">
<pin_list>
<pin id="53" dir="1" index="0" bw="1" slack="0"/>
</pin_list>
<bind>
<StgValue><ssdm name=""/></StgValue>
</bind>
</comp>

<comp id="54" class="1001" name="const_54">
<pin_list>
<pin id="55" dir="1" index="0" bw="1" slack="0"/>
</pin_list>
<bind>
<StgValue><ssdm name=""/></StgValue>
</bind>
</comp>

<comp id="56" class="1001" name="const_56">
<pin_list>
<pin id="57" dir="1" index="0" bw="1" slack="2147483647"/>
</pin_list>
<bind>
<StgValue><ssdm name="_ssdm_op_SpecBitsMap"/></StgValue>
</bind>
</comp>

<comp id="58" class="1001" name="const_58">
<pin_list>
<pin id="59" dir="1" index="0" bw="1" slack="0"/>
</pin_list>
<bind>
<StgValue><ssdm name=""/></StgValue>
</bind>
</comp>

<comp id="60" class="1001" name="const_60">
<pin_list>
<pin id="61" dir="1" index="0" bw="1" slack="0"/>
</pin_list>
<bind>
<StgValue><ssdm name="_ssdm_op_BitConcatenate.i64.i62.i2"/></StgValue>
</bind>
</comp>

<comp id="62" class="1001" name="const_62">
<pin_list>
<pin id="63" dir="1" index="0" bw="1" slack="0"/>
</pin_list>
<bind>
<StgValue><ssdm name=""/></StgValue>
</bind>
</comp>

<comp id="64" class="1001" name="const_64">
<pin_list>
<pin id="65" dir="1" index="0" bw="1" slack="0"/>
</pin_list>
<bind>
<StgValue><ssdm name="_ssdm_op_PartSelect.i62.i64.i32.i32"/></StgValue>
</bind>
</comp>

<comp id="66" class="1001" name="const_66">
<pin_list>
<pin id="67" dir="1" index="0" bw="1" slack="0"/>
</pin_list>
<bind>
<StgValue><ssdm name=""/></StgValue>
</bind>
</comp>

<comp id="68" class="1001" name="const_68">
<pin_list>
<pin id="69" dir="1" index="0" bw="1" slack="0"/>
</pin_list>
<bind>
<StgValue><ssdm name=""/></StgValue>
</bind>
</comp>

<comp id="70" class="1001" name="const_70">
<pin_list>
<pin id="71" dir="1" index="0" bw="1" slack="0"/>
</pin_list>
<bind>
<StgValue><ssdm name="_ssdm_op_ReadReq.m_axi.i32P1A"/></StgValue>
</bind>
</comp>

<comp id="72" class="1001" name="const_72">
<pin_list>
<pin id="73" dir="1" index="0" bw="1" slack="0"/>
</pin_list>
<bind>
<StgValue><ssdm name=""/></StgValue>
</bind>
</comp>

<comp id="74" class="1001" name="const_74">
<pin_list>
<pin id="75" dir="1" index="0" bw="1" slack="0"/>
</pin_list>
<bind>
<StgValue><ssdm name="_ssdm_op_Read.m_axi.p1i32"/></StgValue>
</bind>
</comp>

<comp id="76" class="1001" name="const_76">
<pin_list>
<pin id="77" dir="1" index="0" bw="1" slack="0"/>
</pin_list>
<bind>
<StgValue><ssdm name="_ssdm_op_Read.m_axi.i32P1A"/></StgValue>
</bind>
</comp>

<comp id="78" class="1001" name="const_78">
<pin_list>
<pin id="79" dir="1" index="0" bw="1" slack="2147483647"/>
</pin_list>
<bind>
<StgValue><ssdm name="_ssdm_op_SpecPipeline"/></StgValue>
</bind>
</comp>

<comp id="80" class="1001" name="const_80">
<pin_list>
<pin id="81" dir="1" index="0" bw="1" slack="2147483647"/>
</pin_list>
<bind>
<StgValue><ssdm name="_ssdm_op_SpecLoopName"/></StgValue>
</bind>
</comp>

<comp id="82" class="1001" name="const_82">
<pin_list>
<pin id="83" dir="1" index="0" bw="1" slack="2147483647"/>
</pin_list>
<bind>
<StgValue><ssdm name="empty_15"/></StgValue>
</bind>
</comp>

<comp id="84" class="1001" name="const_84">
<pin_list>
<pin id="85" dir="1" index="0" bw="1" slack="0"/>
</pin_list>
<bind>
<StgValue><ssdm name="_ssdm_op_Write.ap_auto.floatP0A"/></StgValue>
</bind>
</comp>

<comp id="86" class="1004" name="phi_mul_fu_86">
<pin_list>
<pin id="87" dir="0" index="0" bw="1" slack="0"/>
<pin id="88" dir="1" index="1" bw="62" slack="0"/>
</pin_list>
<bind>
<opcode="alloca(26) " fcode="alloca"/>
<opset="phi_mul/1 "/>
</bind>
</comp>

<comp id="90" class="1004" name="acc_fu_90">
<pin_list>
<pin id="91" dir="0" index="0" bw="1" slack="0"/>
<pin id="92" dir="1" index="1" bw="32" slack="0"/>
</pin_list>
<bind>
<opcode="alloca(26) " fcode="alloca"/>
<opset="acc/1 "/>
</bind>
</comp>

<comp id="94" class="1004" name="k_fu_94">
<pin_list>
<pin id="95" dir="0" index="0" bw="1" slack="0"/>
<pin id="96" dir="1" index="1" bw="31" slack="0"/>
</pin_list>
<bind>
<opcode="alloca(26) " fcode="alloca"/>
<opset="k/1 "/>
</bind>
</comp>

<comp id="98" class="1004" name="B_read_read_fu_98">
<pin_list>
<pin id="99" dir="0" index="0" bw="64" slack="0"/>
<pin id="100" dir="0" index="1" bw="64" slack="0"/>
<pin id="101" dir="1" index="2" bw="64" slack="1"/>
</pin_list>
<bind>
<opcode="read(1150) " fcode="read"/>
<opset="B_read/1 "/>
</bind>
</comp>

<comp id="104" class="1004" name="zext_ln31_read_read_fu_104">
<pin_list>
<pin id="105" dir="0" index="0" bw="31" slack="0"/>
<pin id="106" dir="0" index="1" bw="31" slack="0"/>
<pin id="107" dir="1" index="2" bw="31" slack="0"/>
</pin_list>
<bind>
<opcode="read(1150) " fcode="read"/>
<opset="zext_ln31_read/1 "/>
</bind>
</comp>

<comp id="110" class="1004" name="sext_ln30_read_read_fu_110">
<pin_list>
<pin id="111" dir="0" index="0" bw="31" slack="0"/>
<pin id="112" dir="0" index="1" bw="31" slack="0"/>
<pin id="113" dir="1" index="2" bw="31" slack="0"/>
</pin_list>
<bind>
<opcode="read(1150) " fcode="read"/>
<opset="sext_ln30_read/1 "/>
</bind>
</comp>

<comp id="116" class="1004" name="p_cast_cast_read_read_fu_116">
<pin_list>
<pin id="117" dir="0" index="0" bw="62" slack="0"/>
<pin id="118" dir="0" index="1" bw="62" slack="0"/>
<pin id="119" dir="1" index="2" bw="62" slack="0"/>
</pin_list>
<bind>
<opcode="read(1150) " fcode="read"/>
<opset="p_cast_cast_read/1 "/>
</bind>
</comp>

<comp id="122" class="1004" name="K_read_read_fu_122">
<pin_list>
<pin id="123" dir="0" index="0" bw="32" slack="0"/>
<pin id="124" dir="0" index="1" bw="32" slack="0"/>
<pin id="125" dir="1" index="2" bw="32" slack="0"/>
</pin_list>
<bind>
<opcode="read(1150) " fcode="read"/>
<opset="K_read/1 "/>
</bind>
</comp>

<comp id="128" class="1004" name="write_ln0_write_fu_128">
<pin_list>
<pin id="129" dir="0" index="0" bw="0" slack="0"/>
<pin id="130" dir="0" index="1" bw="32" slack="0"/>
<pin id="131" dir="0" index="2" bw="32" slack="0"/>
<pin id="132" dir="1" index="3" bw="0" slack="2147483647"/>
</pin_list>
<bind>
<opcode="write(1151) " fcode="write"/>
<opset="write_ln0/78 "/>
</bind>
</comp>

<comp id="135" class="1004" name="grp_readreq_fu_135">
<pin_list>
<pin id="136" dir="0" index="0" bw="1" slack="0"/>
<pin id="137" dir="0" index="1" bw="32" slack="1"/>
<pin id="138" dir="0" index="2" bw="1" slack="0"/>
<pin id="139" dir="1" index="3" bw="1" slack="2147483647"/>
</pin_list>
<bind>
<opcode="readreq(1154) " fcode="readreq"/>
<opset="gmem1_load_req/3 "/>
</bind>
</comp>

<comp id="142" class="1004" name="gmem0_addr_read_read_fu_142">
<pin_list>
<pin id="143" dir="0" index="0" bw="32" slack="0"/>
<pin id="144" dir="0" index="1" bw="32" slack="0"/>
<pin id="145" dir="1" index="2" bw="32" slack="1"/>
</pin_list>
<bind>
<opcode="read(1150) " fcode="read"/>
<opset="gmem0_addr_read/74 "/>
</bind>
</comp>

<comp id="147" class="1004" name="gmem1_addr_read_read_fu_147">
<pin_list>
<pin id="148" dir="0" index="0" bw="32" slack="0"/>
<pin id="149" dir="0" index="1" bw="32" slack="72"/>
<pin id="150" dir="1" index="2" bw="32" slack="1"/>
</pin_list>
<bind>
<opcode="read(1150) " fcode="read"/>
<opset="gmem1_addr_read/74 "/>
</bind>
</comp>

<comp id="152" class="1004" name="grp_fu_152">
<pin_list>
<pin id="153" dir="0" index="0" bw="32" slack="0"/>
<pin id="154" dir="0" index="1" bw="32" slack="1"/>
<pin id="155" dir="1" index="2" bw="32" slack="1"/>
</pin_list>
<bind>
<opcode="fadd(9) " fcode="fadd"/>
<opset="acc_1/79 "/>
</bind>
</comp>

<comp id="156" class="1004" name="grp_fu_156">
<pin_list>
<pin id="157" dir="0" index="0" bw="32" slack="0"/>
<pin id="158" dir="0" index="1" bw="32" slack="0"/>
<pin id="159" dir="1" index="2" bw="32" slack="1"/>
</pin_list>
<bind>
<opcode="fmul(13) " fcode="fmul"/>
<opset="mul/75 "/>
</bind>
</comp>

<comp id="160" class="1004" name="zext_ln31_cast_fu_160">
<pin_list>
<pin id="161" dir="0" index="0" bw="31" slack="0"/>
<pin id="162" dir="1" index="1" bw="62" slack="1"/>
</pin_list>
<bind>
<opcode="zext(34) " fcode="zext"/>
<opset="zext_ln31_cast/1 "/>
</bind>
</comp>

<comp id="164" class="1004" name="sext_ln30_cast_fu_164">
<pin_list>
<pin id="165" dir="0" index="0" bw="31" slack="0"/>
<pin id="166" dir="1" index="1" bw="62" slack="1"/>
</pin_list>
<bind>
<opcode="zext(34) " fcode="zext"/>
<opset="sext_ln30_cast/1 "/>
</bind>
</comp>

<comp id="168" class="1004" name="p_cast_cast_cast_fu_168">
<pin_list>
<pin id="169" dir="0" index="0" bw="62" slack="0"/>
<pin id="170" dir="1" index="1" bw="64" slack="73"/>
</pin_list>
<bind>
<opcode="sext(35) " fcode="sext"/>
<opset="p_cast_cast_cast/1 "/>
</bind>
</comp>

<comp id="172" class="1004" name="store_ln33_store_fu_172">
<pin_list>
<pin id="173" dir="0" index="0" bw="1" slack="0"/>
<pin id="174" dir="0" index="1" bw="31" slack="0"/>
<pin id="175" dir="1" index="2" bw="0" slack="2147483647"/>
</pin_list>
<bind>
<opcode="store(28) " fcode="store"/>
<opset="store_ln33/1 "/>
</bind>
</comp>

<comp id="177" class="1004" name="store_ln32_store_fu_177">
<pin_list>
<pin id="178" dir="0" index="0" bw="32" slack="0"/>
<pin id="179" dir="0" index="1" bw="32" slack="0"/>
<pin id="180" dir="1" index="2" bw="0" slack="2147483647"/>
</pin_list>
<bind>
<opcode="store(28) " fcode="store"/>
<opset="store_ln32/1 "/>
</bind>
</comp>

<comp id="182" class="1004" name="store_ln0_store_fu_182">
<pin_list>
<pin id="183" dir="0" index="0" bw="1" slack="0"/>
<pin id="184" dir="0" index="1" bw="62" slack="0"/>
<pin id="185" dir="1" index="2" bw="0" slack="2147483647"/>
</pin_list>
<bind>
<opcode="store(28) " fcode="store"/>
<opset="store_ln0/1 "/>
</bind>
</comp>

<comp id="187" class="1004" name="k_1_load_fu_187">
<pin_list>
<pin id="188" dir="0" index="0" bw="31" slack="0"/>
<pin id="189" dir="1" index="1" bw="31" slack="0"/>
</pin_list>
<bind>
<opcode="load(27) " fcode="load"/>
<opset="k_1/1 "/>
</bind>
</comp>

<comp id="190" class="1004" name="zext_ln33_fu_190">
<pin_list>
<pin id="191" dir="0" index="0" bw="31" slack="0"/>
<pin id="192" dir="1" index="1" bw="32" slack="0"/>
</pin_list>
<bind>
<opcode="zext(34) " fcode="zext"/>
<opset="zext_ln33/1 "/>
</bind>
</comp>

<comp id="194" class="1004" name="icmp_ln33_fu_194">
<pin_list>
<pin id="195" dir="0" index="0" bw="32" slack="0"/>
<pin id="196" dir="0" index="1" bw="32" slack="0"/>
<pin id="197" dir="1" index="2" bw="1" slack="1"/>
</pin_list>
<bind>
<opcode="icmp(45) " fcode="icmp"/>
<opset="icmp_ln33/1 "/>
</bind>
</comp>

<comp id="200" class="1004" name="add_ln33_fu_200">
<pin_list>
<pin id="201" dir="0" index="0" bw="31" slack="0"/>
<pin id="202" dir="0" index="1" bw="1" slack="0"/>
<pin id="203" dir="1" index="2" bw="31" slack="0"/>
</pin_list>
<bind>
<opcode="add(8) " fcode="add"/>
<opset="add_ln33/1 "/>
</bind>
</comp>

<comp id="206" class="1004" name="store_ln33_store_fu_206">
<pin_list>
<pin id="207" dir="0" index="0" bw="31" slack="0"/>
<pin id="208" dir="0" index="1" bw="31" slack="0"/>
<pin id="209" dir="1" index="2" bw="0" slack="2147483647"/>
</pin_list>
<bind>
<opcode="store(28) " fcode="store"/>
<opset="store_ln33/1 "/>
</bind>
</comp>

<comp id="211" class="1004" name="phi_mul_load_load_fu_211">
<pin_list>
<pin id="212" dir="0" index="0" bw="62" slack="1"/>
<pin id="213" dir="1" index="1" bw="62" slack="0"/>
</pin_list>
<bind>
<opcode="load(27) " fcode="load"/>
<opset="phi_mul_load/2 "/>
</bind>
</comp>

<comp id="214" class="1004" name="add_ln34_2_fu_214">
<pin_list>
<pin id="215" dir="0" index="0" bw="62" slack="0"/>
<pin id="216" dir="0" index="1" bw="31" slack="1"/>
<pin id="217" dir="1" index="2" bw="62" slack="0"/>
</pin_list>
<bind>
<opcode="add(8) " fcode="add"/>
<opset="add_ln34_2/2 "/>
</bind>
</comp>

<comp id="219" class="1004" name="add_ln34_fu_219">
<pin_list>
<pin id="220" dir="0" index="0" bw="62" slack="0"/>
<pin id="221" dir="0" index="1" bw="31" slack="1"/>
<pin id="222" dir="1" index="2" bw="62" slack="0"/>
</pin_list>
<bind>
<opcode="add(8) " fcode="add"/>
<opset="add_ln34/2 "/>
</bind>
</comp>

<comp id="224" class="1004" name="shl_ln_fu_224">
<pin_list>
<pin id="225" dir="0" index="0" bw="64" slack="0"/>
<pin id="226" dir="0" index="1" bw="62" slack="0"/>
<pin id="227" dir="0" index="2" bw="1" slack="0"/>
<pin id="228" dir="1" index="3" bw="64" slack="0"/>
</pin_list>
<bind>
<opcode="bitconcatenate(1004) " fcode="bitconcatenate"/>
<opset="shl_ln/2 "/>
</bind>
</comp>

<comp id="232" class="1004" name="add_ln34_1_fu_232">
<pin_list>
<pin id="233" dir="0" index="0" bw="64" slack="0"/>
<pin id="234" dir="0" index="1" bw="64" slack="1"/>
<pin id="235" dir="1" index="2" bw="64" slack="0"/>
</pin_list>
<bind>
<opcode="add(8) " fcode="add"/>
<opset="add_ln34_1/2 "/>
</bind>
</comp>

<comp id="237" class="1004" name="trunc_ln1_fu_237">
<pin_list>
<pin id="238" dir="0" index="0" bw="62" slack="0"/>
<pin id="239" dir="0" index="1" bw="64" slack="0"/>
<pin id="240" dir="0" index="2" bw="3" slack="0"/>
<pin id="241" dir="0" index="3" bw="7" slack="0"/>
<pin id="242" dir="1" index="4" bw="62" slack="0"/>
</pin_list>
<bind>
<opcode="partselect(1002) " fcode="partselect"/>
<opset="trunc_ln1/2 "/>
</bind>
</comp>

<comp id="247" class="1004" name="sext_ln34_fu_247">
<pin_list>
<pin id="248" dir="0" index="0" bw="62" slack="0"/>
<pin id="249" dir="1" index="1" bw="64" slack="0"/>
</pin_list>
<bind>
<opcode="sext(35) " fcode="sext"/>
<opset="sext_ln34/2 "/>
</bind>
</comp>

<comp id="251" class="1004" name="gmem1_addr_fu_251">
<pin_list>
<pin id="252" dir="0" index="0" bw="64" slack="0"/>
<pin id="253" dir="0" index="1" bw="64" slack="0"/>
<pin id="254" dir="1" index="2" bw="64" slack="1"/>
</pin_list>
<bind>
<opcode="getelementptr(29) " fcode="getelementptr"/>
<opset="gmem1_addr/2 "/>
</bind>
</comp>

<comp id="257" class="1004" name="store_ln34_store_fu_257">
<pin_list>
<pin id="258" dir="0" index="0" bw="62" slack="0"/>
<pin id="259" dir="0" index="1" bw="62" slack="1"/>
<pin id="260" dir="1" index="2" bw="0" slack="2147483647"/>
</pin_list>
<bind>
<opcode="store(28) " fcode="store"/>
<opset="store_ln34/2 "/>
</bind>
</comp>

<comp id="262" class="1004" name="gmem0_addr_fu_262">
<pin_list>
<pin id="263" dir="0" index="0" bw="64" slack="0"/>
<pin id="264" dir="0" index="1" bw="64" slack="73"/>
<pin id="265" dir="1" index="2" bw="64" slack="0"/>
</pin_list>
<bind>
<opcode="getelementptr(29) " fcode="getelementptr"/>
<opset="gmem0_addr/74 "/>
</bind>
</comp>

<comp id="268" class="1004" name="bitcast_ln34_fu_268">
<pin_list>
<pin id="269" dir="0" index="0" bw="32" slack="1"/>
<pin id="270" dir="1" index="1" bw="32" slack="0"/>
</pin_list>
<bind>
<opcode="bitcast(44) " fcode="bitcast"/>
<opset="bitcast_ln34/75 "/>
</bind>
</comp>

<comp id="272" class="1004" name="bitcast_ln34_1_fu_272">
<pin_list>
<pin id="273" dir="0" index="0" bw="32" slack="1"/>
<pin id="274" dir="1" index="1" bw="32" slack="0"/>
</pin_list>
<bind>
<opcode="bitcast(44) " fcode="bitcast"/>
<opset="bitcast_ln34_1/75 "/>
</bind>
</comp>

<comp id="276" class="1004" name="acc_load_load_fu_276">
<pin_list>
<pin id="277" dir="0" index="0" bw="32" slack="78"/>
<pin id="278" dir="1" index="1" bw="32" slack="0"/>
</pin_list>
<bind>
<opcode="load(27) " fcode="load"/>
<opset="acc_load/79 "/>
</bind>
</comp>

<comp id="280" class="1004" name="store_ln32_store_fu_280">
<pin_list>
<pin id="281" dir="0" index="0" bw="32" slack="1"/>
<pin id="282" dir="0" index="1" bw="32" slack="85"/>
<pin id="283" dir="1" index="2" bw="0" slack="2147483647"/>
</pin_list>
<bind>
<opcode="store(28) " fcode="store"/>
<opset="store_ln32/86 "/>
</bind>
</comp>

<comp id="284" class="1004" name="acc_load_1_load_fu_284">
<pin_list>
<pin id="285" dir="0" index="0" bw="32" slack="77"/>
<pin id="286" dir="1" index="1" bw="32" slack="0"/>
</pin_list>
<bind>
<opcode="load(27) " fcode="load"/>
<opset="acc_load_1/78 "/>
</bind>
</comp>

<comp id="288" class="1005" name="phi_mul_reg_288">
<pin_list>
<pin id="289" dir="0" index="0" bw="62" slack="0"/>
<pin id="290" dir="1" index="1" bw="62" slack="0"/>
</pin_list>
<bind>
<opset="phi_mul "/>
</bind>
</comp>

<comp id="295" class="1005" name="acc_reg_295">
<pin_list>
<pin id="296" dir="0" index="0" bw="32" slack="0"/>
<pin id="297" dir="1" index="1" bw="32" slack="0"/>
</pin_list>
<bind>
<opset="acc "/>
</bind>
</comp>

<comp id="303" class="1005" name="k_reg_303">
<pin_list>
<pin id="304" dir="0" index="0" bw="31" slack="0"/>
<pin id="305" dir="1" index="1" bw="31" slack="0"/>
</pin_list>
<bind>
<opset="k "/>
</bind>
</comp>

<comp id="310" class="1005" name="B_read_reg_310">
<pin_list>
<pin id="311" dir="0" index="0" bw="64" slack="1"/>
<pin id="312" dir="1" index="1" bw="64" slack="1"/>
</pin_list>
<bind>
<opset="B_read "/>
</bind>
</comp>

<comp id="315" class="1005" name="zext_ln31_cast_reg_315">
<pin_list>
<pin id="316" dir="0" index="0" bw="62" slack="1"/>
<pin id="317" dir="1" index="1" bw="62" slack="1"/>
</pin_list>
<bind>
<opset="zext_ln31_cast "/>
</bind>
</comp>

<comp id="320" class="1005" name="sext_ln30_cast_reg_320">
<pin_list>
<pin id="321" dir="0" index="0" bw="62" slack="1"/>
<pin id="322" dir="1" index="1" bw="62" slack="1"/>
</pin_list>
<bind>
<opset="sext_ln30_cast "/>
</bind>
</comp>

<comp id="325" class="1005" name="p_cast_cast_cast_reg_325">
<pin_list>
<pin id="326" dir="0" index="0" bw="64" slack="73"/>
<pin id="327" dir="1" index="1" bw="64" slack="73"/>
</pin_list>
<bind>
<opset="p_cast_cast_cast "/>
</bind>
</comp>

<comp id="330" class="1005" name="icmp_ln33_reg_330">
<pin_list>
<pin id="331" dir="0" index="0" bw="1" slack="1"/>
<pin id="332" dir="1" index="1" bw="1" slack="2147483647"/>
</pin_list>
<bind>
<opset="icmp_ln33 "/>
</bind>
</comp>

<comp id="334" class="1005" name="gmem1_addr_reg_334">
<pin_list>
<pin id="335" dir="0" index="0" bw="32" slack="1"/>
<pin id="336" dir="1" index="1" bw="32" slack="1"/>
</pin_list>
<bind>
<opset="gmem1_addr "/>
</bind>
</comp>

<comp id="340" class="1005" name="gmem0_addr_read_reg_340">
<pin_list>
<pin id="341" dir="0" index="0" bw="32" slack="1"/>
<pin id="342" dir="1" index="1" bw="32" slack="1"/>
</pin_list>
<bind>
<opset="gmem0_addr_read "/>
</bind>
</comp>

<comp id="345" class="1005" name="gmem1_addr_read_reg_345">
<pin_list>
<pin id="346" dir="0" index="0" bw="32" slack="1"/>
<pin id="347" dir="1" index="1" bw="32" slack="1"/>
</pin_list>
<bind>
<opset="gmem1_addr_read "/>
</bind>
</comp>

<comp id="350" class="1005" name="bitcast_ln34_reg_350">
<pin_list>
<pin id="351" dir="0" index="0" bw="32" slack="1"/>
<pin id="352" dir="1" index="1" bw="32" slack="1"/>
</pin_list>
<bind>
<opset="bitcast_ln34 "/>
</bind>
</comp>

<comp id="355" class="1005" name="bitcast_ln34_1_reg_355">
<pin_list>
<pin id="356" dir="0" index="0" bw="32" slack="1"/>
<pin id="357" dir="1" index="1" bw="32" slack="1"/>
</pin_list>
<bind>
<opset="bitcast_ln34_1 "/>
</bind>
</comp>

<comp id="360" class="1005" name="mul_reg_360">
<pin_list>
<pin id="361" dir="0" index="0" bw="32" slack="1"/>
<pin id="362" dir="1" index="1" bw="32" slack="1"/>
</pin_list>
<bind>
<opset="mul "/>
</bind>
</comp>

<comp id="365" class="1005" name="acc_load_reg_365">
<pin_list>
<pin id="366" dir="0" index="0" bw="32" slack="1"/>
<pin id="367" dir="1" index="1" bw="32" slack="1"/>
</pin_list>
<bind>
<opset="acc_load "/>
</bind>
</comp>

<comp id="370" class="1005" name="acc_1_reg_370">
<pin_list>
<pin id="371" dir="0" index="0" bw="32" slack="1"/>
<pin id="372" dir="1" index="1" bw="32" slack="1"/>
</pin_list>
<bind>
<opset="acc_1 "/>
</bind>
</comp>

</comp_list>

<net_list>
<net id="89"><net_src comp="16" pin="0"/><net_sink comp="86" pin=0"/></net>

<net id="93"><net_src comp="16" pin="0"/><net_sink comp="90" pin=0"/></net>

<net id="97"><net_src comp="16" pin="0"/><net_sink comp="94" pin=0"/></net>

<net id="102"><net_src comp="18" pin="0"/><net_sink comp="98" pin=0"/></net>

<net id="103"><net_src comp="12" pin="0"/><net_sink comp="98" pin=1"/></net>

<net id="108"><net_src comp="20" pin="0"/><net_sink comp="104" pin=0"/></net>

<net id="109"><net_src comp="10" pin="0"/><net_sink comp="104" pin=1"/></net>

<net id="114"><net_src comp="20" pin="0"/><net_sink comp="110" pin=0"/></net>

<net id="115"><net_src comp="8" pin="0"/><net_sink comp="110" pin=1"/></net>

<net id="120"><net_src comp="22" pin="0"/><net_sink comp="116" pin=0"/></net>

<net id="121"><net_src comp="6" pin="0"/><net_sink comp="116" pin=1"/></net>

<net id="126"><net_src comp="24" pin="0"/><net_sink comp="122" pin=0"/></net>

<net id="127"><net_src comp="4" pin="0"/><net_sink comp="122" pin=1"/></net>

<net id="133"><net_src comp="84" pin="0"/><net_sink comp="128" pin=0"/></net>

<net id="134"><net_src comp="14" pin="0"/><net_sink comp="128" pin=1"/></net>

<net id="140"><net_src comp="70" pin="0"/><net_sink comp="135" pin=0"/></net>

<net id="141"><net_src comp="72" pin="0"/><net_sink comp="135" pin=2"/></net>

<net id="146"><net_src comp="74" pin="0"/><net_sink comp="142" pin=0"/></net>

<net id="151"><net_src comp="76" pin="0"/><net_sink comp="147" pin=0"/></net>

<net id="163"><net_src comp="104" pin="2"/><net_sink comp="160" pin=0"/></net>

<net id="167"><net_src comp="110" pin="2"/><net_sink comp="164" pin=0"/></net>

<net id="171"><net_src comp="116" pin="2"/><net_sink comp="168" pin=0"/></net>

<net id="176"><net_src comp="50" pin="0"/><net_sink comp="172" pin=0"/></net>

<net id="181"><net_src comp="52" pin="0"/><net_sink comp="177" pin=0"/></net>

<net id="186"><net_src comp="54" pin="0"/><net_sink comp="182" pin=0"/></net>

<net id="193"><net_src comp="187" pin="1"/><net_sink comp="190" pin=0"/></net>

<net id="198"><net_src comp="190" pin="1"/><net_sink comp="194" pin=0"/></net>

<net id="199"><net_src comp="122" pin="2"/><net_sink comp="194" pin=1"/></net>

<net id="204"><net_src comp="187" pin="1"/><net_sink comp="200" pin=0"/></net>

<net id="205"><net_src comp="58" pin="0"/><net_sink comp="200" pin=1"/></net>

<net id="210"><net_src comp="200" pin="2"/><net_sink comp="206" pin=0"/></net>

<net id="218"><net_src comp="211" pin="1"/><net_sink comp="214" pin=0"/></net>

<net id="223"><net_src comp="211" pin="1"/><net_sink comp="219" pin=0"/></net>

<net id="229"><net_src comp="60" pin="0"/><net_sink comp="224" pin=0"/></net>

<net id="230"><net_src comp="219" pin="2"/><net_sink comp="224" pin=1"/></net>

<net id="231"><net_src comp="62" pin="0"/><net_sink comp="224" pin=2"/></net>

<net id="236"><net_src comp="224" pin="3"/><net_sink comp="232" pin=0"/></net>

<net id="243"><net_src comp="64" pin="0"/><net_sink comp="237" pin=0"/></net>

<net id="244"><net_src comp="232" pin="2"/><net_sink comp="237" pin=1"/></net>

<net id="245"><net_src comp="66" pin="0"/><net_sink comp="237" pin=2"/></net>

<net id="246"><net_src comp="68" pin="0"/><net_sink comp="237" pin=3"/></net>

<net id="250"><net_src comp="237" pin="4"/><net_sink comp="247" pin=0"/></net>

<net id="255"><net_src comp="0" pin="0"/><net_sink comp="251" pin=0"/></net>

<net id="256"><net_src comp="247" pin="1"/><net_sink comp="251" pin=1"/></net>

<net id="261"><net_src comp="214" pin="2"/><net_sink comp="257" pin=0"/></net>

<net id="266"><net_src comp="2" pin="0"/><net_sink comp="262" pin=0"/></net>

<net id="267"><net_src comp="262" pin="2"/><net_sink comp="142" pin=1"/></net>

<net id="271"><net_src comp="268" pin="1"/><net_sink comp="156" pin=0"/></net>

<net id="275"><net_src comp="272" pin="1"/><net_sink comp="156" pin=1"/></net>

<net id="279"><net_src comp="276" pin="1"/><net_sink comp="152" pin=0"/></net>

<net id="287"><net_src comp="284" pin="1"/><net_sink comp="128" pin=2"/></net>

<net id="291"><net_src comp="86" pin="1"/><net_sink comp="288" pin=0"/></net>

<net id="292"><net_src comp="288" pin="1"/><net_sink comp="182" pin=1"/></net>

<net id="293"><net_src comp="288" pin="1"/><net_sink comp="211" pin=0"/></net>

<net id="294"><net_src comp="288" pin="1"/><net_sink comp="257" pin=1"/></net>

<net id="298"><net_src comp="90" pin="1"/><net_sink comp="295" pin=0"/></net>

<net id="299"><net_src comp="295" pin="1"/><net_sink comp="177" pin=1"/></net>

<net id="300"><net_src comp="295" pin="1"/><net_sink comp="276" pin=0"/></net>

<net id="301"><net_src comp="295" pin="1"/><net_sink comp="280" pin=1"/></net>

<net id="302"><net_src comp="295" pin="1"/><net_sink comp="284" pin=0"/></net>

<net id="306"><net_src comp="94" pin="1"/><net_sink comp="303" pin=0"/></net>

<net id="307"><net_src comp="303" pin="1"/><net_sink comp="172" pin=1"/></net>

<net id="308"><net_src comp="303" pin="1"/><net_sink comp="187" pin=0"/></net>

<net id="309"><net_src comp="303" pin="1"/><net_sink comp="206" pin=1"/></net>

<net id="313"><net_src comp="98" pin="2"/><net_sink comp="310" pin=0"/></net>

<net id="314"><net_src comp="310" pin="1"/><net_sink comp="232" pin=1"/></net>

<net id="318"><net_src comp="160" pin="1"/><net_sink comp="315" pin=0"/></net>

<net id="319"><net_src comp="315" pin="1"/><net_sink comp="219" pin=1"/></net>

<net id="323"><net_src comp="164" pin="1"/><net_sink comp="320" pin=0"/></net>

<net id="324"><net_src comp="320" pin="1"/><net_sink comp="214" pin=1"/></net>

<net id="328"><net_src comp="168" pin="1"/><net_sink comp="325" pin=0"/></net>

<net id="329"><net_src comp="325" pin="1"/><net_sink comp="262" pin=1"/></net>

<net id="333"><net_src comp="194" pin="2"/><net_sink comp="330" pin=0"/></net>

<net id="337"><net_src comp="251" pin="2"/><net_sink comp="334" pin=0"/></net>

<net id="338"><net_src comp="334" pin="1"/><net_sink comp="135" pin=1"/></net>

<net id="339"><net_src comp="334" pin="1"/><net_sink comp="147" pin=1"/></net>

<net id="343"><net_src comp="142" pin="2"/><net_sink comp="340" pin=0"/></net>

<net id="344"><net_src comp="340" pin="1"/><net_sink comp="268" pin=0"/></net>

<net id="348"><net_src comp="147" pin="2"/><net_sink comp="345" pin=0"/></net>

<net id="349"><net_src comp="345" pin="1"/><net_sink comp="272" pin=0"/></net>

<net id="353"><net_src comp="268" pin="1"/><net_sink comp="350" pin=0"/></net>

<net id="354"><net_src comp="350" pin="1"/><net_sink comp="156" pin=0"/></net>

<net id="358"><net_src comp="272" pin="1"/><net_sink comp="355" pin=0"/></net>

<net id="359"><net_src comp="355" pin="1"/><net_sink comp="156" pin=1"/></net>

<net id="363"><net_src comp="156" pin="2"/><net_sink comp="360" pin=0"/></net>

<net id="364"><net_src comp="360" pin="1"/><net_sink comp="152" pin=1"/></net>

<net id="368"><net_src comp="276" pin="1"/><net_sink comp="365" pin=0"/></net>

<net id="369"><net_src comp="365" pin="1"/><net_sink comp="152" pin=0"/></net>

<net id="373"><net_src comp="152" pin="2"/><net_sink comp="370" pin=0"/></net>

<net id="374"><net_src comp="370" pin="1"/><net_sink comp="280" pin=0"/></net>

</net_list>

</model> 
---------------- Datapath Model END ------------------

* FSMD analyzer results:
  - Output states:
	Port: gmem1 | {}
	Port: gmem0 | {}
	Port: acc_out | {78 }
 - Input state : 
	Port: gemm_Pipeline_VITIS_LOOP_33_3 : gmem1 | {3 4 5 6 7 8 9 10 11 12 13 14 15 16 17 18 19 20 21 22 23 24 25 26 27 28 29 30 31 32 33 34 35 36 37 38 39 40 41 42 43 44 45 46 47 48 49 50 51 52 53 54 55 56 57 58 59 60 61 62 63 64 65 66 67 68 69 70 71 72 73 74 }
	Port: gemm_Pipeline_VITIS_LOOP_33_3 : gmem0 | {74 }
	Port: gemm_Pipeline_VITIS_LOOP_33_3 : K | {1 }
	Port: gemm_Pipeline_VITIS_LOOP_33_3 : p_cast_cast | {1 }
	Port: gemm_Pipeline_VITIS_LOOP_33_3 : sext_ln30 | {1 }
	Port: gemm_Pipeline_VITIS_LOOP_33_3 : zext_ln31 | {1 }
	Port: gemm_Pipeline_VITIS_LOOP_33_3 : B | {1 }
  - Chain level:
	State 1
		store_ln33 : 1
		store_ln32 : 1
		store_ln0 : 1
		k_1 : 1
		zext_ln33 : 2
		icmp_ln33 : 3
		add_ln33 : 2
		br_ln33 : 4
		store_ln33 : 3
	State 2
		add_ln34_2 : 1
		add_ln34 : 1
		shl_ln : 2
		add_ln34_1 : 3
		trunc_ln1 : 4
		sext_ln34 : 5
		gmem1_addr : 6
		store_ln34 : 2
	State 3
	State 4
	State 5
	State 6
	State 7
	State 8
	State 9
	State 10
	State 11
	State 12
	State 13
	State 14
	State 15
	State 16
	State 17
	State 18
	State 19
	State 20
	State 21
	State 22
	State 23
	State 24
	State 25
	State 26
	State 27
	State 28
	State 29
	State 30
	State 31
	State 32
	State 33
	State 34
	State 35
	State 36
	State 37
	State 38
	State 39
	State 40
	State 41
	State 42
	State 43
	State 44
	State 45
	State 46
	State 47
	State 48
	State 49
	State 50
	State 51
	State 52
	State 53
	State 54
	State 55
	State 56
	State 57
	State 58
	State 59
	State 60
	State 61
	State 62
	State 63
	State 64
	State 65
	State 66
	State 67
	State 68
	State 69
	State 70
	State 71
	State 72
	State 73
	State 74
		gmem0_addr_read : 1
	State 75
		mul : 1
	State 76
	State 77
	State 78
		write_ln0 : 1
	State 79
		acc_1 : 1
	State 80
	State 81
	State 82
	State 83
	State 84
	State 85
	State 86


============================================================
+ Verbose Summary: Datapath Resource usage 
============================================================

* Functional unit list:
|----------|------------------------------|---------|---------|---------|
| Operation|        Functional Unit       |   DSP   |    FF   |   LUT   |
|----------|------------------------------|---------|---------|---------|
|   fadd   |          grp_fu_152          |    2    |   318   |   198   |
|----------|------------------------------|---------|---------|---------|
|          |        add_ln33_fu_200       |    0    |    0    |    38   |
|    add   |       add_ln34_2_fu_214      |    0    |    0    |    69   |
|          |        add_ln34_fu_219       |    0    |    0    |    69   |
|          |       add_ln34_1_fu_232      |    0    |    0    |    71   |
|----------|------------------------------|---------|---------|---------|
|   fmul   |          grp_fu_156          |    3    |   143   |    78   |
|----------|------------------------------|---------|---------|---------|
|   icmp   |       icmp_ln33_fu_194       |    0    |    0    |    39   |
|----------|------------------------------|---------|---------|---------|
|          |       B_read_read_fu_98      |    0    |    0    |    0    |
|          |  zext_ln31_read_read_fu_104  |    0    |    0    |    0    |
|          |  sext_ln30_read_read_fu_110  |    0    |    0    |    0    |
|   read   | p_cast_cast_read_read_fu_116 |    0    |    0    |    0    |
|          |      K_read_read_fu_122      |    0    |    0    |    0    |
|          |  gmem0_addr_read_read_fu_142 |    0    |    0    |    0    |
|          |  gmem1_addr_read_read_fu_147 |    0    |    0    |    0    |
|----------|------------------------------|---------|---------|---------|
|   write  |    write_ln0_write_fu_128    |    0    |    0    |    0    |
|----------|------------------------------|---------|---------|---------|
|  readreq |      grp_readreq_fu_135      |    0    |    0    |    0    |
|----------|------------------------------|---------|---------|---------|
|          |     zext_ln31_cast_fu_160    |    0    |    0    |    0    |
|   zext   |     sext_ln30_cast_fu_164    |    0    |    0    |    0    |
|          |       zext_ln33_fu_190       |    0    |    0    |    0    |
|----------|------------------------------|---------|---------|---------|
|   sext   |    p_cast_cast_cast_fu_168   |    0    |    0    |    0    |
|          |       sext_ln34_fu_247       |    0    |    0    |    0    |
|----------|------------------------------|---------|---------|---------|
|bitconcatenate|         shl_ln_fu_224        |    0    |    0    |    0    |
|----------|------------------------------|---------|---------|---------|
|partselect|       trunc_ln1_fu_237       |    0    |    0    |    0    |
|----------|------------------------------|---------|---------|---------|
|   Total  |                              |    5    |   461   |   562   |
|----------|------------------------------|---------|---------|---------|

Memories:
N/A

* Register list:
+------------------------+--------+
|                        |   FF   |
+------------------------+--------+
|     B_read_reg_310     |   64   |
|      acc_1_reg_370     |   32   |
|    acc_load_reg_365    |   32   |
|       acc_reg_295      |   32   |
| bitcast_ln34_1_reg_355 |   32   |
|  bitcast_ln34_reg_350  |   32   |
| gmem0_addr_read_reg_340|   32   |
| gmem1_addr_read_reg_345|   32   |
|   gmem1_addr_reg_334   |   32   |
|    icmp_ln33_reg_330   |    1   |
|        k_reg_303       |   31   |
|       mul_reg_360      |   32   |
|p_cast_cast_cast_reg_325|   64   |
|     phi_mul_reg_288    |   62   |
| sext_ln30_cast_reg_320 |   62   |
| zext_ln31_cast_reg_315 |   62   |
+------------------------+--------+
|          Total         |   634  |
+------------------------+--------+

* Multiplexer (MUX) list: 
|------------|------|------|------|--------||---------||---------||---------|
|    Comp    |  Pin | Size |  BW  | S x BW ||  Delay  ||    FF   ||   LUT   |
|------------|------|------|------|--------||---------||---------||---------|
| grp_fu_152 |  p0  |   2  |  32  |   64   ||    0    ||    9    |
| grp_fu_156 |  p0  |   2  |  32  |   64   ||    0    ||    9    |
| grp_fu_156 |  p1  |   2  |  32  |   64   ||    0    ||    9    |
|------------|------|------|------|--------||---------||---------||---------|
|    Total   |      |      |      |   192  ||  1.161  ||    0    ||    27   |
|------------|------|------|------|--------||---------||---------||---------|



* Summary:
+-----------+--------+--------+--------+--------+
|           |   DSP  |  Delay |   FF   |   LUT  |
+-----------+--------+--------+--------+--------+
|  Function |    5   |    -   |   461  |   562  |
|   Memory  |    -   |    -   |    -   |    -   |
|Multiplexer|    -   |    1   |    0   |   27   |
|  Register |    -   |    -   |   634  |    -   |
+-----------+--------+--------+--------+--------+
|   Total   |    5   |    1   |  1095  |   589  |
+-----------+--------+--------+--------+--------+
