

================================================================
== Vitis HLS Report for 'gemm'
================================================================
* Date:           Thu Oct  1 02:36:20 2026

* Version:        2025.1 (Build 6135595 on May 21 2025)
* Project:        hls
* Solution:       hls (Vitis Kernel Flow Target)
* Product family: virtexuplusHBM
* Target device:  xcu50-fsvh2104-2-e


================================================================
== Performance Estimates
================================================================
+ Timing: 
    * Summary: 
    +--------+---------+----------+------------+
    |  Clock |  Target | Estimated| Uncertainty|
    +--------+---------+----------+------------+
    |ap_clk  |  3.33 ns|  2.431 ns|     0.90 ns|
    +--------+---------+----------+------------+

+ Latency: 
    * Summary: 
    +---------+---------+----------+----------+-----+-----+---------+
    |  Latency (cycles) |  Latency (absolute) |  Interval | Pipeline|
    |   min   |   max   |    min   |    max   | min | max |   Type  |
    +---------+---------+----------+----------+-----+-----+---------+
    |        ?|        ?|         ?|         ?|    ?|    ?|       no|
    +---------+---------+----------+----------+-----+-----+---------+

    + Detail: 
        * Instance: 
        N/A

        * Loop: 
        +--------------------+---------+---------+----------+-----------+-----------+------+----------+
        |                    |  Latency (cycles) | Iteration|  Initiation Interval  | Trip |          |
        |      Loop Name     |   min   |   max   |  Latency |  achieved |   target  | Count| Pipelined|
        +--------------------+---------+---------+----------+-----------+-----------+------+----------+
        |- VITIS_LOOP_30_1   |        ?|        ?|         ?|          -|          -|     ?|        no|
        | + VITIS_LOOP_31_2  |        ?|        ?|         ?|          -|          -|     ?|        no|
        +--------------------+---------+---------+----------+-----------+-----------+------+----------+

============================================================
+ Verbose Summary: Synthesis Manager
============================================================
InlineROM: 1
ExposeGlobal: 0
============================================================
+ Verbose Summary: CDFG Model
============================================================
IsTopModel: 1
ResetActiveHigh: 1
IsCombinational: 0
IsDatapathOnly: 0
HasWiredReturn: 1
HasMFsm: 0
HasVarLatency: 1
IsPipeline: 0
IsRtlPipelined: 0
IsInstanceOverlapped: 0
IsDontTouch: 0
HasImplIP: 0
IsGatedGlobalClock: 0


============================================================
+ Verbose Summary: Schedule
============================================================
* Number of FSM states : 149
* Pipeline : 0
* Dataflow Pipeline: 0

* FSM state transitions: 
1 --> 2 
2 --> 3 
3 --> 4 
4 --> 5 
5 --> 6 
6 --> 82 7 
7 --> 8 6 
8 --> 9 
9 --> 10 
10 --> 11 
11 --> 12 
12 --> 13 
13 --> 14 
14 --> 15 
15 --> 16 
16 --> 17 
17 --> 18 
18 --> 19 
19 --> 20 
20 --> 21 
21 --> 22 
22 --> 23 
23 --> 24 
24 --> 25 
25 --> 26 
26 --> 27 
27 --> 28 
28 --> 29 
29 --> 30 
30 --> 31 
31 --> 32 
32 --> 33 
33 --> 34 
34 --> 35 
35 --> 36 
36 --> 37 
37 --> 38 
38 --> 39 
39 --> 40 
40 --> 41 
41 --> 42 
42 --> 43 
43 --> 44 
44 --> 45 
45 --> 46 
46 --> 47 
47 --> 48 
48 --> 49 
49 --> 50 
50 --> 51 
51 --> 52 
52 --> 53 
53 --> 54 
54 --> 55 
55 --> 56 
56 --> 57 
57 --> 58 
58 --> 59 
59 --> 60 
60 --> 61 
61 --> 62 
62 --> 63 
63 --> 64 
64 --> 65 
65 --> 66 
66 --> 67 
67 --> 68 
68 --> 69 
69 --> 70 
70 --> 71 
71 --> 72 
72 --> 73 
73 --> 74 
74 --> 75 
75 --> 76 
76 --> 77 
77 --> 78 
78 --> 79 
79 --> 80 
80 --> 81 
81 --> 7 
82 --> 83 
83 --> 84 
84 --> 85 
85 --> 86 
86 --> 87 
87 --> 88 
88 --> 89 
89 --> 90 
90 --> 91 
91 --> 92 
92 --> 93 
93 --> 94 
94 --> 95 
95 --> 96 
96 --> 97 
97 --> 98 
98 --> 99 
99 --> 100 
100 --> 101 
101 --> 102 
102 --> 103 
103 --> 104 
104 --> 105 
105 --> 106 
106 --> 107 
107 --> 108 
108 --> 109 
109 --> 110 
110 --> 111 
111 --> 112 
112 --> 113 
113 --> 114 
114 --> 115 
115 --> 116 
116 --> 117 
117 --> 118 
118 --> 119 
119 --> 120 
120 --> 121 
121 --> 122 
122 --> 123 
123 --> 124 
124 --> 125 
125 --> 126 
126 --> 127 
127 --> 128 
128 --> 129 
129 --> 130 
130 --> 131 
131 --> 132 
132 --> 133 
133 --> 134 
134 --> 135 
135 --> 136 
136 --> 137 
137 --> 138 
138 --> 139 
139 --> 140 
140 --> 141 
141 --> 142 
142 --> 143 
143 --> 144 
144 --> 145 
145 --> 146 
146 --> 147 
147 --> 148 
148 --> 149 
149 --> 

* FSM state operations: 

State 1 <SV = 0> <Delay = 1.88>
ST_1 : Operation 150 [1/1] (0.00ns)   --->   "%phi_mul1 = alloca i32 1"   --->   Operation 150 'alloca' 'phi_mul1' <Predicate = true> <Delay = 0.00>
ST_1 : Operation 151 [1/1] (0.00ns)   --->   "%i = alloca i32 1" [../src/kernel.cpp:30]   --->   Operation 151 'alloca' 'i' <Predicate = true> <Delay = 0.00>
ST_1 : Operation 152 [1/1] (1.00ns)   --->   "%N_read = read i32 @_ssdm_op_Read.ap_none.i32, i32 %N"   --->   Operation 152 'read' 'N_read' <Predicate = true> <Delay = 1.00> <CoreInst = "s_axilite">   --->   Core 120 's_axilite' <Latency = 0> <II = 1> <Delay = 1.00> <Adapter> <Opcode : 'read' 'write'>
ST_1 : Operation 153 [1/1] (1.00ns)   --->   "%M_read = read i32 @_ssdm_op_Read.ap_none.i32, i32 %M"   --->   Operation 153 'read' 'M_read' <Predicate = true> <Delay = 1.00> <CoreInst = "s_axilite">   --->   Core 120 's_axilite' <Latency = 0> <II = 1> <Delay = 1.00> <Adapter> <Opcode : 'read' 'write'>
ST_1 : Operation 154 [1/1] (0.00ns)   --->   "%acc_loc = alloca i64 1"   --->   Operation 154 'alloca' 'acc_loc' <Predicate = true> <Delay = 0.00>
ST_1 : Operation 155 [1/1] (0.00ns)   --->   "%trunc_ln30 = trunc i32 %N_read" [../src/kernel.cpp:30]   --->   Operation 155 'trunc' 'trunc_ln30' <Predicate = true> <Delay = 0.00>
ST_1 : Operation 156 [1/1] (0.88ns)   --->   "%icmp_ln30 = icmp_sgt  i32 %M_read, i32 0" [../src/kernel.cpp:30]   --->   Operation 156 'icmp' 'icmp_ln30' <Predicate = true> <Delay = 0.88> <CoreInst = "Cmp">   --->   Core 9 'Cmp' <Latency = 0> <II = 1> <Delay = 0.88> <FuncUnit> <Opcode : 'seteq' 'setne' 'setle' 'setge' 'setlt' 'setgt'> <InPorts = 2> <OutPorts = 1>
ST_1 : Operation 157 [1/1] (0.88ns)   --->   "%cmp24 = icmp_sgt  i32 %N_read, i32 0"   --->   Operation 157 'icmp' 'cmp24' <Predicate = true> <Delay = 0.88> <CoreInst = "Cmp">   --->   Core 9 'Cmp' <Latency = 0> <II = 1> <Delay = 0.88> <FuncUnit> <Opcode : 'seteq' 'setne' 'setle' 'setge' 'setlt' 'setgt'> <InPorts = 2> <OutPorts = 1>
ST_1 : Operation 158 [1/1] (0.38ns)   --->   "%store_ln30 = store i31 0, i31 %i" [../src/kernel.cpp:30]   --->   Operation 158 'store' 'store_ln30' <Predicate = true> <Delay = 0.38>
ST_1 : Operation 159 [1/1] (0.38ns)   --->   "%store_ln0 = store i62 0, i62 %phi_mul1"   --->   Operation 159 'store' 'store_ln0' <Predicate = true> <Delay = 0.38>

State 2 <SV = 1> <Delay = 2.29>
ST_2 : Operation 160 [1/1] (0.00ns)   --->   "%N_cast = zext i32 %N_read"   --->   Operation 160 'zext' 'N_cast' <Predicate = (cmp24 & icmp_ln30)> <Delay = 0.00>
ST_2 : Operation 161 [1/1] (0.00ns)   --->   "%zext_ln30 = zext i32 %M_read" [../src/kernel.cpp:30]   --->   Operation 161 'zext' 'zext_ln30' <Predicate = (cmp24 & icmp_ln30)> <Delay = 0.00>
ST_2 : Operation 162 [2/2] (2.29ns)   --->   "%mul_ln30 = mul i63 %N_cast, i63 %zext_ln30" [../src/kernel.cpp:30]   --->   Operation 162 'mul' 'mul_ln30' <Predicate = (cmp24 & icmp_ln30)> <Delay = 2.29> <CoreInst = "Multiplier">   --->   Core 3 'Multiplier' <Latency = 1> <II = 1> <Delay = 2.29> <FuncUnit> <Opcode : 'mul'> <InPorts = 2> <OutPorts = 1>

State 3 <SV = 2> <Delay = 2.29>
ST_3 : Operation 163 [1/2] (2.29ns)   --->   "%mul_ln30 = mul i63 %N_cast, i63 %zext_ln30" [../src/kernel.cpp:30]   --->   Operation 163 'mul' 'mul_ln30' <Predicate = (cmp24 & icmp_ln30)> <Delay = 2.29> <CoreInst = "Multiplier">   --->   Core 3 'Multiplier' <Latency = 1> <II = 1> <Delay = 2.29> <FuncUnit> <Opcode : 'mul'> <InPorts = 2> <OutPorts = 1>

State 4 <SV = 3> <Delay = 1.00>
ST_4 : Operation 164 [1/1] (1.00ns)   --->   "%C_read = read i64 @_ssdm_op_Read.s_axilite.i64, i64 %C"   --->   Operation 164 'read' 'C_read' <Predicate = true> <Delay = 1.00> <CoreInst = "s_axilite">   --->   Core 120 's_axilite' <Latency = 0> <II = 1> <Delay = 1.00> <Adapter> <Opcode : 'read' 'write'>
ST_4 : Operation 165 [1/1] (1.00ns)   --->   "%B_read = read i64 @_ssdm_op_Read.s_axilite.i64, i64 %B"   --->   Operation 165 'read' 'B_read' <Predicate = true> <Delay = 1.00> <CoreInst = "s_axilite">   --->   Core 120 's_axilite' <Latency = 0> <II = 1> <Delay = 1.00> <Adapter> <Opcode : 'read' 'write'>
ST_4 : Operation 166 [1/1] (1.00ns)   --->   "%A_read = read i64 @_ssdm_op_Read.s_axilite.i64, i64 %A"   --->   Operation 166 'read' 'A_read' <Predicate = true> <Delay = 1.00> <CoreInst = "s_axilite">   --->   Core 120 's_axilite' <Latency = 0> <II = 1> <Delay = 1.00> <Adapter> <Opcode : 'read' 'write'>
ST_4 : Operation 167 [1/1] (0.00ns) (grouped into LUT with out node empty_26)   --->   "%select_ln30 = select i1 %cmp24, i63 %mul_ln30, i63 0" [../src/kernel.cpp:30]   --->   Operation 167 'select' 'select_ln30' <Predicate = (icmp_ln30)> <Delay = 0.00> <CoreInst = "Sel">   --->   Core 73 'Sel' <Latency = 0> <II = 1> <Delay = 0.39> <FuncUnit> <Opcode : 'select'> <InPorts = 3> <OutPorts = 1>
ST_4 : Operation 168 [1/1] (0.00ns)   --->   "%trunc_ln = partselect i62 @_ssdm_op_PartSelect.i62.i64.i32.i32, i64 %C_read, i32 2, i32 63" [../src/kernel.cpp:30]   --->   Operation 168 'partselect' 'trunc_ln' <Predicate = true> <Delay = 0.00>
ST_4 : Operation 169 [1/1] (0.00ns)   --->   "%sext_ln30 = sext i62 %trunc_ln" [../src/kernel.cpp:30]   --->   Operation 169 'sext' 'sext_ln30' <Predicate = true> <Delay = 0.00>
ST_4 : Operation 170 [1/1] (0.00ns)   --->   "%gmem2_addr = getelementptr i32 %gmem2, i64 %sext_ln30" [../src/kernel.cpp:30]   --->   Operation 170 'getelementptr' 'gmem2_addr' <Predicate = true> <Delay = 0.00>
ST_4 : Operation 171 [1/1] (0.39ns) (out node of the LUT)   --->   "%empty_26 = select i1 %icmp_ln30, i63 %select_ln30, i63 0" [../src/kernel.cpp:30]   --->   Operation 171 'select' 'empty_26' <Predicate = true> <Delay = 0.39> <CoreInst = "Sel">   --->   Core 73 'Sel' <Latency = 0> <II = 1> <Delay = 0.39> <FuncUnit> <Opcode : 'select'> <InPorts = 3> <OutPorts = 1>

State 5 <SV = 4> <Delay = 2.43>
ST_5 : Operation 172 [1/1] (1.00ns)   --->   "%K_read = read i32 @_ssdm_op_Read.ap_none.i32, i32 %K"   --->   Operation 172 'read' 'K_read' <Predicate = true> <Delay = 1.00> <CoreInst = "s_axilite">   --->   Core 120 's_axilite' <Latency = 0> <II = 1> <Delay = 1.00> <Adapter> <Opcode : 'read' 'write'>
ST_5 : Operation 173 [1/1] (0.00ns)   --->   "%spectopmodule_ln19 = spectopmodule void @_ssdm_op_SpecTopModule, void @empty_14" [../src/kernel.cpp:19]   --->   Operation 173 'spectopmodule' 'spectopmodule_ln19' <Predicate = true> <Delay = 0.00>
ST_5 : Operation 174 [1/1] (0.00ns)   --->   "%specinterface_ln19 = specinterface void @_ssdm_op_SpecInterface, i32 0, void @empty_3, i32 0, i32 0, void @empty_9, i32 0, i32 0, void @empty_9, void @empty_9, void @empty_9, i32 0, i32 0, i32 0, i32 0, void @empty_9, void @empty_9, i32 4294967295, i32 0, i32 0" [../src/kernel.cpp:19]   --->   Operation 174 'specinterface' 'specinterface_ln19' <Predicate = true> <Delay = 0.00>
ST_5 : Operation 175 [1/1] (0.00ns)   --->   "%specinterface_ln0 = specinterface void @_ssdm_op_SpecInterface, i32 %gmem0, void @empty_8, i32 0, i32 0, void @empty_9, i32 64, i32 6144, void @empty, void @empty_0, void @empty_9, i32 16, i32 16, i32 16, i32 16, void @empty_9, void @empty_9, i32 4294967295, i32 0, i32 0"   --->   Operation 175 'specinterface' 'specinterface_ln0' <Predicate = true> <Delay = 0.00>
ST_5 : Operation 176 [1/1] (0.00ns)   --->   "%specbitsmap_ln0 = specbitsmap void @_ssdm_op_SpecBitsMap, i32 %gmem0"   --->   Operation 176 'specbitsmap' 'specbitsmap_ln0' <Predicate = true> <Delay = 0.00>
ST_5 : Operation 177 [1/1] (0.00ns)   --->   "%specinterface_ln0 = specinterface void @_ssdm_op_SpecInterface, i32 %gmem1, void @empty_8, i32 0, i32 0, void @empty_9, i32 64, i32 11520, void @empty_1, void @empty_0, void @empty_9, i32 16, i32 16, i32 16, i32 16, void @empty_9, void @empty_9, i32 4294967295, i32 0, i32 0"   --->   Operation 177 'specinterface' 'specinterface_ln0' <Predicate = true> <Delay = 0.00>
ST_5 : Operation 178 [1/1] (0.00ns)   --->   "%specbitsmap_ln0 = specbitsmap void @_ssdm_op_SpecBitsMap, i32 %gmem1"   --->   Operation 178 'specbitsmap' 'specbitsmap_ln0' <Predicate = true> <Delay = 0.00>
ST_5 : Operation 179 [1/1] (0.00ns)   --->   "%specinterface_ln0 = specinterface void @_ssdm_op_SpecInterface, i32 %gmem2, void @empty_8, i32 0, i32 0, void @empty_9, i32 64, i32 256, void @empty_2, void @empty_0, void @empty_9, i32 16, i32 16, i32 16, i32 16, void @empty_9, void @empty_9, i32 4294967295, i32 0, i32 0"   --->   Operation 179 'specinterface' 'specinterface_ln0' <Predicate = true> <Delay = 0.00>
ST_5 : Operation 180 [1/1] (0.00ns)   --->   "%specbitsmap_ln0 = specbitsmap void @_ssdm_op_SpecBitsMap, i32 %gmem2"   --->   Operation 180 'specbitsmap' 'specbitsmap_ln0' <Predicate = true> <Delay = 0.00>
ST_5 : Operation 181 [1/1] (0.00ns)   --->   "%specinterface_ln0 = specinterface void @_ssdm_op_SpecInterface, i64 %A, void @empty_4, i32 0, i32 0, void @empty_9, i32 0, i32 0, void @empty_13, void @empty_5, void @empty_9, i32 0, i32 0, i32 0, i32 0, void @empty_9, void @empty_6, i32 4294967295, i32 0, i32 0"   --->   Operation 181 'specinterface' 'specinterface_ln0' <Predicate = true> <Delay = 0.00>
ST_5 : Operation 182 [1/1] (0.00ns)   --->   "%specinterface_ln0 = specinterface void @_ssdm_op_SpecInterface, i64 %A, void @empty_7, i32 0, i32 0, void @empty_9, i32 0, i32 0, void @empty_9, void @empty_9, void @empty_9, i32 0, i32 0, i32 0, i32 0, void @empty_9, void @empty_6, i32 4294967295, i32 0, i32 0"   --->   Operation 182 'specinterface' 'specinterface_ln0' <Predicate = true> <Delay = 0.00>
ST_5 : Operation 183 [1/1] (0.00ns)   --->   "%specinterface_ln0 = specinterface void @_ssdm_op_SpecInterface, i64 %B, void @empty_4, i32 0, i32 0, void @empty_9, i32 0, i32 0, void @empty_13, void @empty_18, void @empty_9, i32 0, i32 0, i32 0, i32 0, void @empty_9, void @empty_6, i32 4294967295, i32 0, i32 0"   --->   Operation 183 'specinterface' 'specinterface_ln0' <Predicate = true> <Delay = 0.00>
ST_5 : Operation 184 [1/1] (0.00ns)   --->   "%specinterface_ln0 = specinterface void @_ssdm_op_SpecInterface, i64 %B, void @empty_7, i32 0, i32 0, void @empty_9, i32 0, i32 0, void @empty_9, void @empty_9, void @empty_9, i32 0, i32 0, i32 0, i32 0, void @empty_9, void @empty_6, i32 4294967295, i32 0, i32 0"   --->   Operation 184 'specinterface' 'specinterface_ln0' <Predicate = true> <Delay = 0.00>
ST_5 : Operation 185 [1/1] (0.00ns)   --->   "%specinterface_ln0 = specinterface void @_ssdm_op_SpecInterface, i64 %C, void @empty_4, i32 0, i32 0, void @empty_9, i32 0, i32 0, void @empty_13, void @empty_19, void @empty_9, i32 0, i32 0, i32 0, i32 0, void @empty_9, void @empty_6, i32 4294967295, i32 0, i32 0"   --->   Operation 185 'specinterface' 'specinterface_ln0' <Predicate = true> <Delay = 0.00>
ST_5 : Operation 186 [1/1] (0.00ns)   --->   "%specinterface_ln0 = specinterface void @_ssdm_op_SpecInterface, i64 %C, void @empty_7, i32 0, i32 0, void @empty_9, i32 0, i32 0, void @empty_9, void @empty_9, void @empty_9, i32 0, i32 0, i32 0, i32 0, void @empty_9, void @empty_6, i32 4294967295, i32 0, i32 0"   --->   Operation 186 'specinterface' 'specinterface_ln0' <Predicate = true> <Delay = 0.00>
ST_5 : Operation 187 [1/1] (0.00ns)   --->   "%specbitsmap_ln0 = specbitsmap void @_ssdm_op_SpecBitsMap, i32 %M"   --->   Operation 187 'specbitsmap' 'specbitsmap_ln0' <Predicate = true> <Delay = 0.00>
ST_5 : Operation 188 [1/1] (0.00ns)   --->   "%specinterface_ln0 = specinterface void @_ssdm_op_SpecInterface, i32 %M, void @empty_4, i32 0, i32 0, void @empty_9, i32 0, i32 0, void @empty_13, void @empty_20, void @empty_9, i32 0, i32 0, i32 0, i32 0, void @empty_9, void @empty_9, i32 4294967295, i32 0, i32 0"   --->   Operation 188 'specinterface' 'specinterface_ln0' <Predicate = true> <Delay = 0.00>
ST_5 : Operation 189 [1/1] (0.00ns)   --->   "%specinterface_ln0 = specinterface void @_ssdm_op_SpecInterface, i32 %M, void @empty_10, i32 0, i32 0, void @empty_9, i32 0, i32 0, void @empty_9, void @empty_9, void @empty_9, i32 0, i32 0, i32 0, i32 0, void @empty_9, void @empty_9, i32 4294967295, i32 0, i32 0"   --->   Operation 189 'specinterface' 'specinterface_ln0' <Predicate = true> <Delay = 0.00>
ST_5 : Operation 190 [1/1] (0.00ns)   --->   "%specbitsmap_ln0 = specbitsmap void @_ssdm_op_SpecBitsMap, i32 %K"   --->   Operation 190 'specbitsmap' 'specbitsmap_ln0' <Predicate = true> <Delay = 0.00>
ST_5 : Operation 191 [1/1] (0.00ns)   --->   "%specinterface_ln0 = specinterface void @_ssdm_op_SpecInterface, i32 %K, void @empty_4, i32 0, i32 0, void @empty_9, i32 0, i32 0, void @empty_13, void @empty_11, void @empty_9, i32 0, i32 0, i32 0, i32 0, void @empty_9, void @empty_9, i32 4294967295, i32 0, i32 0"   --->   Operation 191 'specinterface' 'specinterface_ln0' <Predicate = true> <Delay = 0.00>
ST_5 : Operation 192 [1/1] (0.00ns)   --->   "%specinterface_ln0 = specinterface void @_ssdm_op_SpecInterface, i32 %K, void @empty_10, i32 0, i32 0, void @empty_9, i32 0, i32 0, void @empty_9, void @empty_9, void @empty_9, i32 0, i32 0, i32 0, i32 0, void @empty_9, void @empty_9, i32 4294967295, i32 0, i32 0"   --->   Operation 192 'specinterface' 'specinterface_ln0' <Predicate = true> <Delay = 0.00>
ST_5 : Operation 193 [1/1] (0.00ns)   --->   "%specbitsmap_ln0 = specbitsmap void @_ssdm_op_SpecBitsMap, i32 %N"   --->   Operation 193 'specbitsmap' 'specbitsmap_ln0' <Predicate = true> <Delay = 0.00>
ST_5 : Operation 194 [1/1] (0.00ns)   --->   "%specinterface_ln0 = specinterface void @_ssdm_op_SpecInterface, i32 %N, void @empty_4, i32 0, i32 0, void @empty_9, i32 0, i32 0, void @empty_13, void @empty_12, void @empty_9, i32 0, i32 0, i32 0, i32 0, void @empty_9, void @empty_9, i32 4294967295, i32 0, i32 0"   --->   Operation 194 'specinterface' 'specinterface_ln0' <Predicate = true> <Delay = 0.00>
ST_5 : Operation 195 [1/1] (0.00ns)   --->   "%specinterface_ln0 = specinterface void @_ssdm_op_SpecInterface, i32 %N, void @empty_10, i32 0, i32 0, void @empty_9, i32 0, i32 0, void @empty_9, void @empty_9, void @empty_9, i32 0, i32 0, i32 0, i32 0, void @empty_9, void @empty_9, i32 4294967295, i32 0, i32 0"   --->   Operation 195 'specinterface' 'specinterface_ln0' <Predicate = true> <Delay = 0.00>
ST_5 : Operation 196 [1/1] (0.00ns)   --->   "%specinterface_ln0 = specinterface void @_ssdm_op_SpecInterface, i32 0, void @empty_4, i32 0, i32 0, void @empty_9, i32 0, i32 0, void @empty_13, void @empty_9, void @empty_9, i32 0, i32 0, i32 0, i32 0, void @empty_9, void @empty_9, i32 4294967295, i32 0, i32 0"   --->   Operation 196 'specinterface' 'specinterface_ln0' <Predicate = true> <Delay = 0.00>
ST_5 : Operation 197 [1/1] (0.88ns)   --->   "%cmp61 = icmp_sgt  i32 %K_read, i32 0"   --->   Operation 197 'icmp' 'cmp61' <Predicate = true> <Delay = 0.88> <CoreInst = "Cmp">   --->   Core 9 'Cmp' <Latency = 0> <II = 1> <Delay = 0.88> <FuncUnit> <Opcode : 'seteq' 'setne' 'setle' 'setge' 'setlt' 'setgt'> <InPorts = 2> <OutPorts = 1>
ST_5 : Operation 198 [1/1] (0.00ns)   --->   "%empty = trunc i32 %K_read"   --->   Operation 198 'trunc' 'empty' <Predicate = true> <Delay = 0.00>
ST_5 : Operation 199 [1/1] (0.00ns)   --->   "%zext_ln30_1 = zext i63 %empty_26" [../src/kernel.cpp:30]   --->   Operation 199 'zext' 'zext_ln30_1' <Predicate = true> <Delay = 0.00>
ST_5 : Operation 200 [1/1] (2.43ns)   --->   "%empty_27 = writereq i1 @_ssdm_op_WriteReq.m_axi.p1i32, i32 %gmem2_addr, i64 %zext_ln30_1" [../src/kernel.cpp:30]   --->   Operation 200 'writereq' 'empty_27' <Predicate = true> <Delay = 2.43> <CoreInst = "m_axi">   --->   Core 119 'm_axi' <Latency = 9> <II = 1> <Delay = 1.00> <Adapter> <Opcode : 'read' 'write' 'readreq' 'writereq' 'writeresp'>
ST_5 : Operation 201 [1/1] (0.25ns)   --->   "%empty_28 = select i1 %cmp61, i31 %empty, i31 0"   --->   Operation 201 'select' 'empty_28' <Predicate = true> <Delay = 0.25> <CoreInst = "Sel">   --->   Core 73 'Sel' <Latency = 0> <II = 1> <Delay = 0.25> <FuncUnit> <Opcode : 'select'> <InPorts = 3> <OutPorts = 1>
ST_5 : Operation 202 [1/1] (0.00ns)   --->   "%p_cast5 = zext i31 %empty_28"   --->   Operation 202 'zext' 'p_cast5' <Predicate = true> <Delay = 0.00>
ST_5 : Operation 203 [1/1] (0.00ns)   --->   "%K_cast6 = zext i32 %K_read"   --->   Operation 203 'zext' 'K_cast6' <Predicate = true> <Delay = 0.00>
ST_5 : Operation 204 [1/1] (0.00ns)   --->   "%br_ln30 = br void %VITIS_LOOP_31_2" [../src/kernel.cpp:30]   --->   Operation 204 'br' 'br_ln30' <Predicate = true> <Delay = 0.00>

State 6 <SV = 5> <Delay = 1.26>
ST_6 : Operation 205 [1/1] (0.00ns)   --->   "%phi_mul1_load = load i62 %phi_mul1" [../src/kernel.cpp:30]   --->   Operation 205 'load' 'phi_mul1_load' <Predicate = true> <Delay = 0.00>
ST_6 : Operation 206 [1/1] (0.00ns)   --->   "%i_1 = load i31 %i" [../src/kernel.cpp:30]   --->   Operation 206 'load' 'i_1' <Predicate = true> <Delay = 0.00>
ST_6 : Operation 207 [1/1] (1.12ns)   --->   "%add_ln30_1 = add i62 %phi_mul1_load, i62 %K_cast6" [../src/kernel.cpp:30]   --->   Operation 207 'add' 'add_ln30_1' <Predicate = true> <Delay = 1.12> <CoreInst = "Adder">   --->   Core 1 'Adder' <Latency = 0> <II = 1> <Delay = 1.12> <FuncUnit> <Opcode : 'add' 'sub'> <InPorts = 2> <OutPorts = 1>
ST_6 : Operation 208 [1/1] (0.00ns)   --->   "%zext_ln30_2 = zext i31 %i_1" [../src/kernel.cpp:30]   --->   Operation 208 'zext' 'zext_ln30_2' <Predicate = true> <Delay = 0.00>
ST_6 : Operation 209 [1/1] (0.88ns)   --->   "%icmp_ln30_1 = icmp_slt  i32 %zext_ln30_2, i32 %M_read" [../src/kernel.cpp:30]   --->   Operation 209 'icmp' 'icmp_ln30_1' <Predicate = true> <Delay = 0.88> <CoreInst = "Cmp">   --->   Core 9 'Cmp' <Latency = 0> <II = 1> <Delay = 0.88> <FuncUnit> <Opcode : 'seteq' 'setne' 'setle' 'setge' 'setlt' 'setgt'> <InPorts = 2> <OutPorts = 1>
ST_6 : Operation 210 [1/1] (0.87ns)   --->   "%add_ln30 = add i31 %i_1, i31 1" [../src/kernel.cpp:30]   --->   Operation 210 'add' 'add_ln30' <Predicate = true> <Delay = 0.87> <CoreInst = "Adder">   --->   Core 1 'Adder' <Latency = 0> <II = 1> <Delay = 0.87> <FuncUnit> <Opcode : 'add' 'sub'> <InPorts = 2> <OutPorts = 1>
ST_6 : Operation 211 [1/1] (0.00ns)   --->   "%br_ln30 = br i1 %icmp_ln30_1, void %for.end30.loopexit, void %VITIS_LOOP_31_2.split" [../src/kernel.cpp:30]   --->   Operation 211 'br' 'br_ln30' <Predicate = true> <Delay = 0.00>
ST_6 : Operation 212 [1/1] (0.00ns)   --->   "%specloopname_ln30 = specloopname void @_ssdm_op_SpecLoopName, void @empty_17" [../src/kernel.cpp:30]   --->   Operation 212 'specloopname' 'specloopname_ln30' <Predicate = (icmp_ln30_1)> <Delay = 0.00>
ST_6 : Operation 213 [1/1] (0.00ns)   --->   "%tmp = bitconcatenate i64 @_ssdm_op_BitConcatenate.i64.i62.i2, i62 %phi_mul1_load, i2 0" [../src/kernel.cpp:30]   --->   Operation 213 'bitconcatenate' 'tmp' <Predicate = (icmp_ln30_1)> <Delay = 0.00>
ST_6 : Operation 214 [1/1] (1.14ns)   --->   "%empty_29 = add i64 %tmp, i64 %A_read" [../src/kernel.cpp:30]   --->   Operation 214 'add' 'empty_29' <Predicate = (icmp_ln30_1)> <Delay = 1.14> <CoreInst = "Adder">   --->   Core 1 'Adder' <Latency = 0> <II = 1> <Delay = 1.14> <FuncUnit> <Opcode : 'add' 'sub'> <InPorts = 2> <OutPorts = 1>
ST_6 : Operation 215 [1/1] (0.00ns)   --->   "%p_cast = partselect i62 @_ssdm_op_PartSelect.i62.i64.i32.i32, i64 %empty_29, i32 2, i32 63" [../src/kernel.cpp:30]   --->   Operation 215 'partselect' 'p_cast' <Predicate = (icmp_ln30_1)> <Delay = 0.00>
ST_6 : Operation 216 [1/1] (0.00ns)   --->   "%p_cast_cast = sext i62 %p_cast" [../src/kernel.cpp:30]   --->   Operation 216 'sext' 'p_cast_cast' <Predicate = (icmp_ln30_1)> <Delay = 0.00>
ST_6 : Operation 217 [1/1] (0.00ns)   --->   "%gmem0_addr = getelementptr i32 %gmem0, i64 %p_cast_cast" [../src/kernel.cpp:30]   --->   Operation 217 'getelementptr' 'gmem0_addr' <Predicate = (icmp_ln30_1)> <Delay = 0.00>
ST_6 : Operation 218 [1/1] (0.38ns)   --->   "%br_ln31 = br void %VITIS_LOOP_33_3" [../src/kernel.cpp:31]   --->   Operation 218 'br' 'br_ln31' <Predicate = (icmp_ln30_1)> <Delay = 0.38>

State 7 <SV = 6> <Delay = 1.26>
ST_7 : Operation 219 [1/1] (0.00ns)   --->   "%j = phi i31 0, void %VITIS_LOOP_31_2.split, i31 %add_ln31, void %VITIS_LOOP_33_3.split" [../src/kernel.cpp:31]   --->   Operation 219 'phi' 'j' <Predicate = true> <Delay = 0.00>
ST_7 : Operation 220 [1/1] (0.00ns)   --->   "%zext_ln31 = zext i31 %j" [../src/kernel.cpp:31]   --->   Operation 220 'zext' 'zext_ln31' <Predicate = true> <Delay = 0.00>
ST_7 : Operation 221 [1/1] (0.88ns)   --->   "%icmp_ln31 = icmp_slt  i32 %zext_ln31, i32 %N_read" [../src/kernel.cpp:31]   --->   Operation 221 'icmp' 'icmp_ln31' <Predicate = true> <Delay = 0.88> <CoreInst = "Cmp">   --->   Core 9 'Cmp' <Latency = 0> <II = 1> <Delay = 0.88> <FuncUnit> <Opcode : 'seteq' 'setne' 'setle' 'setge' 'setlt' 'setgt'> <InPorts = 2> <OutPorts = 1>
ST_7 : Operation 222 [1/1] (0.87ns)   --->   "%add_ln31 = add i31 %j, i31 1" [../src/kernel.cpp:31]   --->   Operation 222 'add' 'add_ln31' <Predicate = true> <Delay = 0.87> <CoreInst = "Adder">   --->   Core 1 'Adder' <Latency = 0> <II = 1> <Delay = 0.87> <FuncUnit> <Opcode : 'add' 'sub'> <InPorts = 2> <OutPorts = 1>
ST_7 : Operation 223 [1/1] (0.00ns)   --->   "%br_ln31 = br i1 %icmp_ln31, void %for.inc28, void %VITIS_LOOP_33_3.split" [../src/kernel.cpp:31]   --->   Operation 223 'br' 'br_ln31' <Predicate = true> <Delay = 0.00>
ST_7 : Operation 224 [1/1] (0.38ns)   --->   "%store_ln30 = store i31 %add_ln30, i31 %i" [../src/kernel.cpp:30]   --->   Operation 224 'store' 'store_ln30' <Predicate = (!icmp_ln31)> <Delay = 0.38>
ST_7 : Operation 225 [1/1] (0.38ns)   --->   "%store_ln30 = store i62 %add_ln30_1, i62 %phi_mul1" [../src/kernel.cpp:30]   --->   Operation 225 'store' 'store_ln30' <Predicate = (!icmp_ln31)> <Delay = 0.38>
ST_7 : Operation 226 [1/1] (0.00ns)   --->   "%br_ln30 = br void %VITIS_LOOP_31_2" [../src/kernel.cpp:30]   --->   Operation 226 'br' 'br_ln30' <Predicate = (!icmp_ln31)> <Delay = 0.00>

State 8 <SV = 7> <Delay = 2.43>
ST_8 : Operation 227 [71/71] (2.43ns)   --->   "%empty_30 = readreq i1 @_ssdm_op_ReadReq.m_axi.p1i32, i32 %gmem0_addr, i64 %p_cast5" [../src/kernel.cpp:33]   --->   Operation 227 'readreq' 'empty_30' <Predicate = true> <Delay = 2.43> <CoreInst = "m_axi">   --->   Core 119 'm_axi' <Latency = 6> <II = 1> <Delay = 1.00> <Adapter> <Opcode : 'read' 'write' 'readreq' 'writereq' 'writeresp'>

State 9 <SV = 8> <Delay = 2.43>
ST_9 : Operation 228 [70/71] (2.43ns)   --->   "%empty_30 = readreq i1 @_ssdm_op_ReadReq.m_axi.p1i32, i32 %gmem0_addr, i64 %p_cast5" [../src/kernel.cpp:33]   --->   Operation 228 'readreq' 'empty_30' <Predicate = true> <Delay = 2.43> <CoreInst = "m_axi">   --->   Core 119 'm_axi' <Latency = 6> <II = 1> <Delay = 1.00> <Adapter> <Opcode : 'read' 'write' 'readreq' 'writereq' 'writeresp'>

State 10 <SV = 9> <Delay = 2.43>
ST_10 : Operation 229 [69/71] (2.43ns)   --->   "%empty_30 = readreq i1 @_ssdm_op_ReadReq.m_axi.p1i32, i32 %gmem0_addr, i64 %p_cast5" [../src/kernel.cpp:33]   --->   Operation 229 'readreq' 'empty_30' <Predicate = true> <Delay = 2.43> <CoreInst = "m_axi">   --->   Core 119 'm_axi' <Latency = 6> <II = 1> <Delay = 1.00> <Adapter> <Opcode : 'read' 'write' 'readreq' 'writereq' 'writeresp'>

State 11 <SV = 10> <Delay = 2.43>
ST_11 : Operation 230 [68/71] (2.43ns)   --->   "%empty_30 = readreq i1 @_ssdm_op_ReadReq.m_axi.p1i32, i32 %gmem0_addr, i64 %p_cast5" [../src/kernel.cpp:33]   --->   Operation 230 'readreq' 'empty_30' <Predicate = true> <Delay = 2.43> <CoreInst = "m_axi">   --->   Core 119 'm_axi' <Latency = 6> <II = 1> <Delay = 1.00> <Adapter> <Opcode : 'read' 'write' 'readreq' 'writereq' 'writeresp'>

State 12 <SV = 11> <Delay = 2.43>
ST_12 : Operation 231 [67/71] (2.43ns)   --->   "%empty_30 = readreq i1 @_ssdm_op_ReadReq.m_axi.p1i32, i32 %gmem0_addr, i64 %p_cast5" [../src/kernel.cpp:33]   --->   Operation 231 'readreq' 'empty_30' <Predicate = true> <Delay = 2.43> <CoreInst = "m_axi">   --->   Core 119 'm_axi' <Latency = 6> <II = 1> <Delay = 1.00> <Adapter> <Opcode : 'read' 'write' 'readreq' 'writereq' 'writeresp'>

State 13 <SV = 12> <Delay = 2.43>
ST_13 : Operation 232 [66/71] (2.43ns)   --->   "%empty_30 = readreq i1 @_ssdm_op_ReadReq.m_axi.p1i32, i32 %gmem0_addr, i64 %p_cast5" [../src/kernel.cpp:33]   --->   Operation 232 'readreq' 'empty_30' <Predicate = true> <Delay = 2.43> <CoreInst = "m_axi">   --->   Core 119 'm_axi' <Latency = 6> <II = 1> <Delay = 1.00> <Adapter> <Opcode : 'read' 'write' 'readreq' 'writereq' 'writeresp'>

State 14 <SV = 13> <Delay = 2.43>
ST_14 : Operation 233 [65/71] (2.43ns)   --->   "%empty_30 = readreq i1 @_ssdm_op_ReadReq.m_axi.p1i32, i32 %gmem0_addr, i64 %p_cast5" [../src/kernel.cpp:33]   --->   Operation 233 'readreq' 'empty_30' <Predicate = true> <Delay = 2.43> <CoreInst = "m_axi">   --->   Core 119 'm_axi' <Latency = 6> <II = 1> <Delay = 1.00> <Adapter> <Opcode : 'read' 'write' 'readreq' 'writereq' 'writeresp'>

State 15 <SV = 14> <Delay = 2.43>
ST_15 : Operation 234 [64/71] (2.43ns)   --->   "%empty_30 = readreq i1 @_ssdm_op_ReadReq.m_axi.p1i32, i32 %gmem0_addr, i64 %p_cast5" [../src/kernel.cpp:33]   --->   Operation 234 'readreq' 'empty_30' <Predicate = true> <Delay = 2.43> <CoreInst = "m_axi">   --->   Core 119 'm_axi' <Latency = 6> <II = 1> <Delay = 1.00> <Adapter> <Opcode : 'read' 'write' 'readreq' 'writereq' 'writeresp'>

State 16 <SV = 15> <Delay = 2.43>
ST_16 : Operation 235 [63/71] (2.43ns)   --->   "%empty_30 = readreq i1 @_ssdm_op_ReadReq.m_axi.p1i32, i32 %gmem0_addr, i64 %p_cast5" [../src/kernel.cpp:33]   --->   Operation 235 'readreq' 'empty_30' <Predicate = true> <Delay = 2.43> <CoreInst = "m_axi">   --->   Core 119 'm_axi' <Latency = 6> <II = 1> <Delay = 1.00> <Adapter> <Opcode : 'read' 'write' 'readreq' 'writereq' 'writeresp'>

State 17 <SV = 16> <Delay = 2.43>
ST_17 : Operation 236 [62/71] (2.43ns)   --->   "%empty_30 = readreq i1 @_ssdm_op_ReadReq.m_axi.p1i32, i32 %gmem0_addr, i64 %p_cast5" [../src/kernel.cpp:33]   --->   Operation 236 'readreq' 'empty_30' <Predicate = true> <Delay = 2.43> <CoreInst = "m_axi">   --->   Core 119 'm_axi' <Latency = 6> <II = 1> <Delay = 1.00> <Adapter> <Opcode : 'read' 'write' 'readreq' 'writereq' 'writeresp'>

State 18 <SV = 17> <Delay = 2.43>
ST_18 : Operation 237 [61/71] (2.43ns)   --->   "%empty_30 = readreq i1 @_ssdm_op_ReadReq.m_axi.p1i32, i32 %gmem0_addr, i64 %p_cast5" [../src/kernel.cpp:33]   --->   Operation 237 'readreq' 'empty_30' <Predicate = true> <Delay = 2.43> <CoreInst = "m_axi">   --->   Core 119 'm_axi' <Latency = 6> <II = 1> <Delay = 1.00> <Adapter> <Opcode : 'read' 'write' 'readreq' 'writereq' 'writeresp'>

State 19 <SV = 18> <Delay = 2.43>
ST_19 : Operation 238 [60/71] (2.43ns)   --->   "%empty_30 = readreq i1 @_ssdm_op_ReadReq.m_axi.p1i32, i32 %gmem0_addr, i64 %p_cast5" [../src/kernel.cpp:33]   --->   Operation 238 'readreq' 'empty_30' <Predicate = true> <Delay = 2.43> <CoreInst = "m_axi">   --->   Core 119 'm_axi' <Latency = 6> <II = 1> <Delay = 1.00> <Adapter> <Opcode : 'read' 'write' 'readreq' 'writereq' 'writeresp'>

State 20 <SV = 19> <Delay = 2.43>
ST_20 : Operation 239 [59/71] (2.43ns)   --->   "%empty_30 = readreq i1 @_ssdm_op_ReadReq.m_axi.p1i32, i32 %gmem0_addr, i64 %p_cast5" [../src/kernel.cpp:33]   --->   Operation 239 'readreq' 'empty_30' <Predicate = true> <Delay = 2.43> <CoreInst = "m_axi">   --->   Core 119 'm_axi' <Latency = 6> <II = 1> <Delay = 1.00> <Adapter> <Opcode : 'read' 'write' 'readreq' 'writereq' 'writeresp'>

State 21 <SV = 20> <Delay = 2.43>
ST_21 : Operation 240 [58/71] (2.43ns)   --->   "%empty_30 = readreq i1 @_ssdm_op_ReadReq.m_axi.p1i32, i32 %gmem0_addr, i64 %p_cast5" [../src/kernel.cpp:33]   --->   Operation 240 'readreq' 'empty_30' <Predicate = true> <Delay = 2.43> <CoreInst = "m_axi">   --->   Core 119 'm_axi' <Latency = 6> <II = 1> <Delay = 1.00> <Adapter> <Opcode : 'read' 'write' 'readreq' 'writereq' 'writeresp'>

State 22 <SV = 21> <Delay = 2.43>
ST_22 : Operation 241 [57/71] (2.43ns)   --->   "%empty_30 = readreq i1 @_ssdm_op_ReadReq.m_axi.p1i32, i32 %gmem0_addr, i64 %p_cast5" [../src/kernel.cpp:33]   --->   Operation 241 'readreq' 'empty_30' <Predicate = true> <Delay = 2.43> <CoreInst = "m_axi">   --->   Core 119 'm_axi' <Latency = 6> <II = 1> <Delay = 1.00> <Adapter> <Opcode : 'read' 'write' 'readreq' 'writereq' 'writeresp'>

State 23 <SV = 22> <Delay = 2.43>
ST_23 : Operation 242 [56/71] (2.43ns)   --->   "%empty_30 = readreq i1 @_ssdm_op_ReadReq.m_axi.p1i32, i32 %gmem0_addr, i64 %p_cast5" [../src/kernel.cpp:33]   --->   Operation 242 'readreq' 'empty_30' <Predicate = true> <Delay = 2.43> <CoreInst = "m_axi">   --->   Core 119 'm_axi' <Latency = 6> <II = 1> <Delay = 1.00> <Adapter> <Opcode : 'read' 'write' 'readreq' 'writereq' 'writeresp'>

State 24 <SV = 23> <Delay = 2.43>
ST_24 : Operation 243 [55/71] (2.43ns)   --->   "%empty_30 = readreq i1 @_ssdm_op_ReadReq.m_axi.p1i32, i32 %gmem0_addr, i64 %p_cast5" [../src/kernel.cpp:33]   --->   Operation 243 'readreq' 'empty_30' <Predicate = true> <Delay = 2.43> <CoreInst = "m_axi">   --->   Core 119 'm_axi' <Latency = 6> <II = 1> <Delay = 1.00> <Adapter> <Opcode : 'read' 'write' 'readreq' 'writereq' 'writeresp'>

State 25 <SV = 24> <Delay = 2.43>
ST_25 : Operation 244 [54/71] (2.43ns)   --->   "%empty_30 = readreq i1 @_ssdm_op_ReadReq.m_axi.p1i32, i32 %gmem0_addr, i64 %p_cast5" [../src/kernel.cpp:33]   --->   Operation 244 'readreq' 'empty_30' <Predicate = true> <Delay = 2.43> <CoreInst = "m_axi">   --->   Core 119 'm_axi' <Latency = 6> <II = 1> <Delay = 1.00> <Adapter> <Opcode : 'read' 'write' 'readreq' 'writereq' 'writeresp'>

State 26 <SV = 25> <Delay = 2.43>
ST_26 : Operation 245 [53/71] (2.43ns)   --->   "%empty_30 = readreq i1 @_ssdm_op_ReadReq.m_axi.p1i32, i32 %gmem0_addr, i64 %p_cast5" [../src/kernel.cpp:33]   --->   Operation 245 'readreq' 'empty_30' <Predicate = true> <Delay = 2.43> <CoreInst = "m_axi">   --->   Core 119 'm_axi' <Latency = 6> <II = 1> <Delay = 1.00> <Adapter> <Opcode : 'read' 'write' 'readreq' 'writereq' 'writeresp'>

State 27 <SV = 26> <Delay = 2.43>
ST_27 : Operation 246 [52/71] (2.43ns)   --->   "%empty_30 = readreq i1 @_ssdm_op_ReadReq.m_axi.p1i32, i32 %gmem0_addr, i64 %p_cast5" [../src/kernel.cpp:33]   --->   Operation 246 'readreq' 'empty_30' <Predicate = true> <Delay = 2.43> <CoreInst = "m_axi">   --->   Core 119 'm_axi' <Latency = 6> <II = 1> <Delay = 1.00> <Adapter> <Opcode : 'read' 'write' 'readreq' 'writereq' 'writeresp'>

State 28 <SV = 27> <Delay = 2.43>
ST_28 : Operation 247 [51/71] (2.43ns)   --->   "%empty_30 = readreq i1 @_ssdm_op_ReadReq.m_axi.p1i32, i32 %gmem0_addr, i64 %p_cast5" [../src/kernel.cpp:33]   --->   Operation 247 'readreq' 'empty_30' <Predicate = true> <Delay = 2.43> <CoreInst = "m_axi">   --->   Core 119 'm_axi' <Latency = 6> <II = 1> <Delay = 1.00> <Adapter> <Opcode : 'read' 'write' 'readreq' 'writereq' 'writeresp'>

State 29 <SV = 28> <Delay = 2.43>
ST_29 : Operation 248 [50/71] (2.43ns)   --->   "%empty_30 = readreq i1 @_ssdm_op_ReadReq.m_axi.p1i32, i32 %gmem0_addr, i64 %p_cast5" [../src/kernel.cpp:33]   --->   Operation 248 'readreq' 'empty_30' <Predicate = true> <Delay = 2.43> <CoreInst = "m_axi">   --->   Core 119 'm_axi' <Latency = 6> <II = 1> <Delay = 1.00> <Adapter> <Opcode : 'read' 'write' 'readreq' 'writereq' 'writeresp'>

State 30 <SV = 29> <Delay = 2.43>
ST_30 : Operation 249 [49/71] (2.43ns)   --->   "%empty_30 = readreq i1 @_ssdm_op_ReadReq.m_axi.p1i32, i32 %gmem0_addr, i64 %p_cast5" [../src/kernel.cpp:33]   --->   Operation 249 'readreq' 'empty_30' <Predicate = true> <Delay = 2.43> <CoreInst = "m_axi">   --->   Core 119 'm_axi' <Latency = 6> <II = 1> <Delay = 1.00> <Adapter> <Opcode : 'read' 'write' 'readreq' 'writereq' 'writeresp'>

State 31 <SV = 30> <Delay = 2.43>
ST_31 : Operation 250 [48/71] (2.43ns)   --->   "%empty_30 = readreq i1 @_ssdm_op_ReadReq.m_axi.p1i32, i32 %gmem0_addr, i64 %p_cast5" [../src/kernel.cpp:33]   --->   Operation 250 'readreq' 'empty_30' <Predicate = true> <Delay = 2.43> <CoreInst = "m_axi">   --->   Core 119 'm_axi' <Latency = 6> <II = 1> <Delay = 1.00> <Adapter> <Opcode : 'read' 'write' 'readreq' 'writereq' 'writeresp'>

State 32 <SV = 31> <Delay = 2.43>
ST_32 : Operation 251 [47/71] (2.43ns)   --->   "%empty_30 = readreq i1 @_ssdm_op_ReadReq.m_axi.p1i32, i32 %gmem0_addr, i64 %p_cast5" [../src/kernel.cpp:33]   --->   Operation 251 'readreq' 'empty_30' <Predicate = true> <Delay = 2.43> <CoreInst = "m_axi">   --->   Core 119 'm_axi' <Latency = 6> <II = 1> <Delay = 1.00> <Adapter> <Opcode : 'read' 'write' 'readreq' 'writereq' 'writeresp'>

State 33 <SV = 32> <Delay = 2.43>
ST_33 : Operation 252 [46/71] (2.43ns)   --->   "%empty_30 = readreq i1 @_ssdm_op_ReadReq.m_axi.p1i32, i32 %gmem0_addr, i64 %p_cast5" [../src/kernel.cpp:33]   --->   Operation 252 'readreq' 'empty_30' <Predicate = true> <Delay = 2.43> <CoreInst = "m_axi">   --->   Core 119 'm_axi' <Latency = 6> <II = 1> <Delay = 1.00> <Adapter> <Opcode : 'read' 'write' 'readreq' 'writereq' 'writeresp'>

State 34 <SV = 33> <Delay = 2.43>
ST_34 : Operation 253 [45/71] (2.43ns)   --->   "%empty_30 = readreq i1 @_ssdm_op_ReadReq.m_axi.p1i32, i32 %gmem0_addr, i64 %p_cast5" [../src/kernel.cpp:33]   --->   Operation 253 'readreq' 'empty_30' <Predicate = true> <Delay = 2.43> <CoreInst = "m_axi">   --->   Core 119 'm_axi' <Latency = 6> <II = 1> <Delay = 1.00> <Adapter> <Opcode : 'read' 'write' 'readreq' 'writereq' 'writeresp'>

State 35 <SV = 34> <Delay = 2.43>
ST_35 : Operation 254 [44/71] (2.43ns)   --->   "%empty_30 = readreq i1 @_ssdm_op_ReadReq.m_axi.p1i32, i32 %gmem0_addr, i64 %p_cast5" [../src/kernel.cpp:33]   --->   Operation 254 'readreq' 'empty_30' <Predicate = true> <Delay = 2.43> <CoreInst = "m_axi">   --->   Core 119 'm_axi' <Latency = 6> <II = 1> <Delay = 1.00> <Adapter> <Opcode : 'read' 'write' 'readreq' 'writereq' 'writeresp'>

State 36 <SV = 35> <Delay = 2.43>
ST_36 : Operation 255 [43/71] (2.43ns)   --->   "%empty_30 = readreq i1 @_ssdm_op_ReadReq.m_axi.p1i32, i32 %gmem0_addr, i64 %p_cast5" [../src/kernel.cpp:33]   --->   Operation 255 'readreq' 'empty_30' <Predicate = true> <Delay = 2.43> <CoreInst = "m_axi">   --->   Core 119 'm_axi' <Latency = 6> <II = 1> <Delay = 1.00> <Adapter> <Opcode : 'read' 'write' 'readreq' 'writereq' 'writeresp'>

State 37 <SV = 36> <Delay = 2.43>
ST_37 : Operation 256 [42/71] (2.43ns)   --->   "%empty_30 = readreq i1 @_ssdm_op_ReadReq.m_axi.p1i32, i32 %gmem0_addr, i64 %p_cast5" [../src/kernel.cpp:33]   --->   Operation 256 'readreq' 'empty_30' <Predicate = true> <Delay = 2.43> <CoreInst = "m_axi">   --->   Core 119 'm_axi' <Latency = 6> <II = 1> <Delay = 1.00> <Adapter> <Opcode : 'read' 'write' 'readreq' 'writereq' 'writeresp'>

State 38 <SV = 37> <Delay = 2.43>
ST_38 : Operation 257 [41/71] (2.43ns)   --->   "%empty_30 = readreq i1 @_ssdm_op_ReadReq.m_axi.p1i32, i32 %gmem0_addr, i64 %p_cast5" [../src/kernel.cpp:33]   --->   Operation 257 'readreq' 'empty_30' <Predicate = true> <Delay = 2.43> <CoreInst = "m_axi">   --->   Core 119 'm_axi' <Latency = 6> <II = 1> <Delay = 1.00> <Adapter> <Opcode : 'read' 'write' 'readreq' 'writereq' 'writeresp'>

State 39 <SV = 38> <Delay = 2.43>
ST_39 : Operation 258 [40/71] (2.43ns)   --->   "%empty_30 = readreq i1 @_ssdm_op_ReadReq.m_axi.p1i32, i32 %gmem0_addr, i64 %p_cast5" [../src/kernel.cpp:33]   --->   Operation 258 'readreq' 'empty_30' <Predicate = true> <Delay = 2.43> <CoreInst = "m_axi">   --->   Core 119 'm_axi' <Latency = 6> <II = 1> <Delay = 1.00> <Adapter> <Opcode : 'read' 'write' 'readreq' 'writereq' 'writeresp'>

State 40 <SV = 39> <Delay = 2.43>
ST_40 : Operation 259 [39/71] (2.43ns)   --->   "%empty_30 = readreq i1 @_ssdm_op_ReadReq.m_axi.p1i32, i32 %gmem0_addr, i64 %p_cast5" [../src/kernel.cpp:33]   --->   Operation 259 'readreq' 'empty_30' <Predicate = true> <Delay = 2.43> <CoreInst = "m_axi">   --->   Core 119 'm_axi' <Latency = 6> <II = 1> <Delay = 1.00> <Adapter> <Opcode : 'read' 'write' 'readreq' 'writereq' 'writeresp'>

State 41 <SV = 40> <Delay = 2.43>
ST_41 : Operation 260 [38/71] (2.43ns)   --->   "%empty_30 = readreq i1 @_ssdm_op_ReadReq.m_axi.p1i32, i32 %gmem0_addr, i64 %p_cast5" [../src/kernel.cpp:33]   --->   Operation 260 'readreq' 'empty_30' <Predicate = true> <Delay = 2.43> <CoreInst = "m_axi">   --->   Core 119 'm_axi' <Latency = 6> <II = 1> <Delay = 1.00> <Adapter> <Opcode : 'read' 'write' 'readreq' 'writereq' 'writeresp'>

State 42 <SV = 41> <Delay = 2.43>
ST_42 : Operation 261 [37/71] (2.43ns)   --->   "%empty_30 = readreq i1 @_ssdm_op_ReadReq.m_axi.p1i32, i32 %gmem0_addr, i64 %p_cast5" [../src/kernel.cpp:33]   --->   Operation 261 'readreq' 'empty_30' <Predicate = true> <Delay = 2.43> <CoreInst = "m_axi">   --->   Core 119 'm_axi' <Latency = 6> <II = 1> <Delay = 1.00> <Adapter> <Opcode : 'read' 'write' 'readreq' 'writereq' 'writeresp'>

State 43 <SV = 42> <Delay = 2.43>
ST_43 : Operation 262 [36/71] (2.43ns)   --->   "%empty_30 = readreq i1 @_ssdm_op_ReadReq.m_axi.p1i32, i32 %gmem0_addr, i64 %p_cast5" [../src/kernel.cpp:33]   --->   Operation 262 'readreq' 'empty_30' <Predicate = true> <Delay = 2.43> <CoreInst = "m_axi">   --->   Core 119 'm_axi' <Latency = 6> <II = 1> <Delay = 1.00> <Adapter> <Opcode : 'read' 'write' 'readreq' 'writereq' 'writeresp'>

State 44 <SV = 43> <Delay = 2.43>
ST_44 : Operation 263 [35/71] (2.43ns)   --->   "%empty_30 = readreq i1 @_ssdm_op_ReadReq.m_axi.p1i32, i32 %gmem0_addr, i64 %p_cast5" [../src/kernel.cpp:33]   --->   Operation 263 'readreq' 'empty_30' <Predicate = true> <Delay = 2.43> <CoreInst = "m_axi">   --->   Core 119 'm_axi' <Latency = 6> <II = 1> <Delay = 1.00> <Adapter> <Opcode : 'read' 'write' 'readreq' 'writereq' 'writeresp'>

State 45 <SV = 44> <Delay = 2.43>
ST_45 : Operation 264 [34/71] (2.43ns)   --->   "%empty_30 = readreq i1 @_ssdm_op_ReadReq.m_axi.p1i32, i32 %gmem0_addr, i64 %p_cast5" [../src/kernel.cpp:33]   --->   Operation 264 'readreq' 'empty_30' <Predicate = true> <Delay = 2.43> <CoreInst = "m_axi">   --->   Core 119 'm_axi' <Latency = 6> <II = 1> <Delay = 1.00> <Adapter> <Opcode : 'read' 'write' 'readreq' 'writereq' 'writeresp'>

State 46 <SV = 45> <Delay = 2.43>
ST_46 : Operation 265 [33/71] (2.43ns)   --->   "%empty_30 = readreq i1 @_ssdm_op_ReadReq.m_axi.p1i32, i32 %gmem0_addr, i64 %p_cast5" [../src/kernel.cpp:33]   --->   Operation 265 'readreq' 'empty_30' <Predicate = true> <Delay = 2.43> <CoreInst = "m_axi">   --->   Core 119 'm_axi' <Latency = 6> <II = 1> <Delay = 1.00> <Adapter> <Opcode : 'read' 'write' 'readreq' 'writereq' 'writeresp'>

State 47 <SV = 46> <Delay = 2.43>
ST_47 : Operation 266 [32/71] (2.43ns)   --->   "%empty_30 = readreq i1 @_ssdm_op_ReadReq.m_axi.p1i32, i32 %gmem0_addr, i64 %p_cast5" [../src/kernel.cpp:33]   --->   Operation 266 'readreq' 'empty_30' <Predicate = true> <Delay = 2.43> <CoreInst = "m_axi">   --->   Core 119 'm_axi' <Latency = 6> <II = 1> <Delay = 1.00> <Adapter> <Opcode : 'read' 'write' 'readreq' 'writereq' 'writeresp'>

State 48 <SV = 47> <Delay = 2.43>
ST_48 : Operation 267 [31/71] (2.43ns)   --->   "%empty_30 = readreq i1 @_ssdm_op_ReadReq.m_axi.p1i32, i32 %gmem0_addr, i64 %p_cast5" [../src/kernel.cpp:33]   --->   Operation 267 'readreq' 'empty_30' <Predicate = true> <Delay = 2.43> <CoreInst = "m_axi">   --->   Core 119 'm_axi' <Latency = 6> <II = 1> <Delay = 1.00> <Adapter> <Opcode : 'read' 'write' 'readreq' 'writereq' 'writeresp'>

State 49 <SV = 48> <Delay = 2.43>
ST_49 : Operation 268 [30/71] (2.43ns)   --->   "%empty_30 = readreq i1 @_ssdm_op_ReadReq.m_axi.p1i32, i32 %gmem0_addr, i64 %p_cast5" [../src/kernel.cpp:33]   --->   Operation 268 'readreq' 'empty_30' <Predicate = true> <Delay = 2.43> <CoreInst = "m_axi">   --->   Core 119 'm_axi' <Latency = 6> <II = 1> <Delay = 1.00> <Adapter> <Opcode : 'read' 'write' 'readreq' 'writereq' 'writeresp'>

State 50 <SV = 49> <Delay = 2.43>
ST_50 : Operation 269 [29/71] (2.43ns)   --->   "%empty_30 = readreq i1 @_ssdm_op_ReadReq.m_axi.p1i32, i32 %gmem0_addr, i64 %p_cast5" [../src/kernel.cpp:33]   --->   Operation 269 'readreq' 'empty_30' <Predicate = true> <Delay = 2.43> <CoreInst = "m_axi">   --->   Core 119 'm_axi' <Latency = 6> <II = 1> <Delay = 1.00> <Adapter> <Opcode : 'read' 'write' 'readreq' 'writereq' 'writeresp'>

State 51 <SV = 50> <Delay = 2.43>
ST_51 : Operation 270 [28/71] (2.43ns)   --->   "%empty_30 = readreq i1 @_ssdm_op_ReadReq.m_axi.p1i32, i32 %gmem0_addr, i64 %p_cast5" [../src/kernel.cpp:33]   --->   Operation 270 'readreq' 'empty_30' <Predicate = true> <Delay = 2.43> <CoreInst = "m_axi">   --->   Core 119 'm_axi' <Latency = 6> <II = 1> <Delay = 1.00> <Adapter> <Opcode : 'read' 'write' 'readreq' 'writereq' 'writeresp'>

State 52 <SV = 51> <Delay = 2.43>
ST_52 : Operation 271 [27/71] (2.43ns)   --->   "%empty_30 = readreq i1 @_ssdm_op_ReadReq.m_axi.p1i32, i32 %gmem0_addr, i64 %p_cast5" [../src/kernel.cpp:33]   --->   Operation 271 'readreq' 'empty_30' <Predicate = true> <Delay = 2.43> <CoreInst = "m_axi">   --->   Core 119 'm_axi' <Latency = 6> <II = 1> <Delay = 1.00> <Adapter> <Opcode : 'read' 'write' 'readreq' 'writereq' 'writeresp'>

State 53 <SV = 52> <Delay = 2.43>
ST_53 : Operation 272 [26/71] (2.43ns)   --->   "%empty_30 = readreq i1 @_ssdm_op_ReadReq.m_axi.p1i32, i32 %gmem0_addr, i64 %p_cast5" [../src/kernel.cpp:33]   --->   Operation 272 'readreq' 'empty_30' <Predicate = true> <Delay = 2.43> <CoreInst = "m_axi">   --->   Core 119 'm_axi' <Latency = 6> <II = 1> <Delay = 1.00> <Adapter> <Opcode : 'read' 'write' 'readreq' 'writereq' 'writeresp'>

State 54 <SV = 53> <Delay = 2.43>
ST_54 : Operation 273 [25/71] (2.43ns)   --->   "%empty_30 = readreq i1 @_ssdm_op_ReadReq.m_axi.p1i32, i32 %gmem0_addr, i64 %p_cast5" [../src/kernel.cpp:33]   --->   Operation 273 'readreq' 'empty_30' <Predicate = true> <Delay = 2.43> <CoreInst = "m_axi">   --->   Core 119 'm_axi' <Latency = 6> <II = 1> <Delay = 1.00> <Adapter> <Opcode : 'read' 'write' 'readreq' 'writereq' 'writeresp'>

State 55 <SV = 54> <Delay = 2.43>
ST_55 : Operation 274 [24/71] (2.43ns)   --->   "%empty_30 = readreq i1 @_ssdm_op_ReadReq.m_axi.p1i32, i32 %gmem0_addr, i64 %p_cast5" [../src/kernel.cpp:33]   --->   Operation 274 'readreq' 'empty_30' <Predicate = true> <Delay = 2.43> <CoreInst = "m_axi">   --->   Core 119 'm_axi' <Latency = 6> <II = 1> <Delay = 1.00> <Adapter> <Opcode : 'read' 'write' 'readreq' 'writereq' 'writeresp'>

State 56 <SV = 55> <Delay = 2.43>
ST_56 : Operation 275 [23/71] (2.43ns)   --->   "%empty_30 = readreq i1 @_ssdm_op_ReadReq.m_axi.p1i32, i32 %gmem0_addr, i64 %p_cast5" [../src/kernel.cpp:33]   --->   Operation 275 'readreq' 'empty_30' <Predicate = true> <Delay = 2.43> <CoreInst = "m_axi">   --->   Core 119 'm_axi' <Latency = 6> <II = 1> <Delay = 1.00> <Adapter> <Opcode : 'read' 'write' 'readreq' 'writereq' 'writeresp'>

State 57 <SV = 56> <Delay = 2.43>
ST_57 : Operation 276 [22/71] (2.43ns)   --->   "%empty_30 = readreq i1 @_ssdm_op_ReadReq.m_axi.p1i32, i32 %gmem0_addr, i64 %p_cast5" [../src/kernel.cpp:33]   --->   Operation 276 'readreq' 'empty_30' <Predicate = true> <Delay = 2.43> <CoreInst = "m_axi">   --->   Core 119 'm_axi' <Latency = 6> <II = 1> <Delay = 1.00> <Adapter> <Opcode : 'read' 'write' 'readreq' 'writereq' 'writeresp'>

State 58 <SV = 57> <Delay = 2.43>
ST_58 : Operation 277 [21/71] (2.43ns)   --->   "%empty_30 = readreq i1 @_ssdm_op_ReadReq.m_axi.p1i32, i32 %gmem0_addr, i64 %p_cast5" [../src/kernel.cpp:33]   --->   Operation 277 'readreq' 'empty_30' <Predicate = true> <Delay = 2.43> <CoreInst = "m_axi">   --->   Core 119 'm_axi' <Latency = 6> <II = 1> <Delay = 1.00> <Adapter> <Opcode : 'read' 'write' 'readreq' 'writereq' 'writeresp'>

State 59 <SV = 58> <Delay = 2.43>
ST_59 : Operation 278 [20/71] (2.43ns)   --->   "%empty_30 = readreq i1 @_ssdm_op_ReadReq.m_axi.p1i32, i32 %gmem0_addr, i64 %p_cast5" [../src/kernel.cpp:33]   --->   Operation 278 'readreq' 'empty_30' <Predicate = true> <Delay = 2.43> <CoreInst = "m_axi">   --->   Core 119 'm_axi' <Latency = 6> <II = 1> <Delay = 1.00> <Adapter> <Opcode : 'read' 'write' 'readreq' 'writereq' 'writeresp'>

State 60 <SV = 59> <Delay = 2.43>
ST_60 : Operation 279 [19/71] (2.43ns)   --->   "%empty_30 = readreq i1 @_ssdm_op_ReadReq.m_axi.p1i32, i32 %gmem0_addr, i64 %p_cast5" [../src/kernel.cpp:33]   --->   Operation 279 'readreq' 'empty_30' <Predicate = true> <Delay = 2.43> <CoreInst = "m_axi">   --->   Core 119 'm_axi' <Latency = 6> <II = 1> <Delay = 1.00> <Adapter> <Opcode : 'read' 'write' 'readreq' 'writereq' 'writeresp'>

State 61 <SV = 60> <Delay = 2.43>
ST_61 : Operation 280 [18/71] (2.43ns)   --->   "%empty_30 = readreq i1 @_ssdm_op_ReadReq.m_axi.p1i32, i32 %gmem0_addr, i64 %p_cast5" [../src/kernel.cpp:33]   --->   Operation 280 'readreq' 'empty_30' <Predicate = true> <Delay = 2.43> <CoreInst = "m_axi">   --->   Core 119 'm_axi' <Latency = 6> <II = 1> <Delay = 1.00> <Adapter> <Opcode : 'read' 'write' 'readreq' 'writereq' 'writeresp'>

State 62 <SV = 61> <Delay = 2.43>
ST_62 : Operation 281 [17/71] (2.43ns)   --->   "%empty_30 = readreq i1 @_ssdm_op_ReadReq.m_axi.p1i32, i32 %gmem0_addr, i64 %p_cast5" [../src/kernel.cpp:33]   --->   Operation 281 'readreq' 'empty_30' <Predicate = true> <Delay = 2.43> <CoreInst = "m_axi">   --->   Core 119 'm_axi' <Latency = 6> <II = 1> <Delay = 1.00> <Adapter> <Opcode : 'read' 'write' 'readreq' 'writereq' 'writeresp'>

State 63 <SV = 62> <Delay = 2.43>
ST_63 : Operation 282 [16/71] (2.43ns)   --->   "%empty_30 = readreq i1 @_ssdm_op_ReadReq.m_axi.p1i32, i32 %gmem0_addr, i64 %p_cast5" [../src/kernel.cpp:33]   --->   Operation 282 'readreq' 'empty_30' <Predicate = true> <Delay = 2.43> <CoreInst = "m_axi">   --->   Core 119 'm_axi' <Latency = 6> <II = 1> <Delay = 1.00> <Adapter> <Opcode : 'read' 'write' 'readreq' 'writereq' 'writeresp'>

State 64 <SV = 63> <Delay = 2.43>
ST_64 : Operation 283 [15/71] (2.43ns)   --->   "%empty_30 = readreq i1 @_ssdm_op_ReadReq.m_axi.p1i32, i32 %gmem0_addr, i64 %p_cast5" [../src/kernel.cpp:33]   --->   Operation 283 'readreq' 'empty_30' <Predicate = true> <Delay = 2.43> <CoreInst = "m_axi">   --->   Core 119 'm_axi' <Latency = 6> <II = 1> <Delay = 1.00> <Adapter> <Opcode : 'read' 'write' 'readreq' 'writereq' 'writeresp'>

State 65 <SV = 64> <Delay = 2.43>
ST_65 : Operation 284 [14/71] (2.43ns)   --->   "%empty_30 = readreq i1 @_ssdm_op_ReadReq.m_axi.p1i32, i32 %gmem0_addr, i64 %p_cast5" [../src/kernel.cpp:33]   --->   Operation 284 'readreq' 'empty_30' <Predicate = true> <Delay = 2.43> <CoreInst = "m_axi">   --->   Core 119 'm_axi' <Latency = 6> <II = 1> <Delay = 1.00> <Adapter> <Opcode : 'read' 'write' 'readreq' 'writereq' 'writeresp'>

State 66 <SV = 65> <Delay = 2.43>
ST_66 : Operation 285 [13/71] (2.43ns)   --->   "%empty_30 = readreq i1 @_ssdm_op_ReadReq.m_axi.p1i32, i32 %gmem0_addr, i64 %p_cast5" [../src/kernel.cpp:33]   --->   Operation 285 'readreq' 'empty_30' <Predicate = true> <Delay = 2.43> <CoreInst = "m_axi">   --->   Core 119 'm_axi' <Latency = 6> <II = 1> <Delay = 1.00> <Adapter> <Opcode : 'read' 'write' 'readreq' 'writereq' 'writeresp'>

State 67 <SV = 66> <Delay = 2.43>
ST_67 : Operation 286 [12/71] (2.43ns)   --->   "%empty_30 = readreq i1 @_ssdm_op_ReadReq.m_axi.p1i32, i32 %gmem0_addr, i64 %p_cast5" [../src/kernel.cpp:33]   --->   Operation 286 'readreq' 'empty_30' <Predicate = true> <Delay = 2.43> <CoreInst = "m_axi">   --->   Core 119 'm_axi' <Latency = 6> <II = 1> <Delay = 1.00> <Adapter> <Opcode : 'read' 'write' 'readreq' 'writereq' 'writeresp'>

State 68 <SV = 67> <Delay = 2.43>
ST_68 : Operation 287 [11/71] (2.43ns)   --->   "%empty_30 = readreq i1 @_ssdm_op_ReadReq.m_axi.p1i32, i32 %gmem0_addr, i64 %p_cast5" [../src/kernel.cpp:33]   --->   Operation 287 'readreq' 'empty_30' <Predicate = true> <Delay = 2.43> <CoreInst = "m_axi">   --->   Core 119 'm_axi' <Latency = 6> <II = 1> <Delay = 1.00> <Adapter> <Opcode : 'read' 'write' 'readreq' 'writereq' 'writeresp'>

State 69 <SV = 68> <Delay = 2.43>
ST_69 : Operation 288 [10/71] (2.43ns)   --->   "%empty_30 = readreq i1 @_ssdm_op_ReadReq.m_axi.p1i32, i32 %gmem0_addr, i64 %p_cast5" [../src/kernel.cpp:33]   --->   Operation 288 'readreq' 'empty_30' <Predicate = true> <Delay = 2.43> <CoreInst = "m_axi">   --->   Core 119 'm_axi' <Latency = 6> <II = 1> <Delay = 1.00> <Adapter> <Opcode : 'read' 'write' 'readreq' 'writereq' 'writeresp'>

State 70 <SV = 69> <Delay = 2.43>
ST_70 : Operation 289 [9/71] (2.43ns)   --->   "%empty_30 = readreq i1 @_ssdm_op_ReadReq.m_axi.p1i32, i32 %gmem0_addr, i64 %p_cast5" [../src/kernel.cpp:33]   --->   Operation 289 'readreq' 'empty_30' <Predicate = true> <Delay = 2.43> <CoreInst = "m_axi">   --->   Core 119 'm_axi' <Latency = 6> <II = 1> <Delay = 1.00> <Adapter> <Opcode : 'read' 'write' 'readreq' 'writereq' 'writeresp'>

State 71 <SV = 70> <Delay = 2.43>
ST_71 : Operation 290 [8/71] (2.43ns)   --->   "%empty_30 = readreq i1 @_ssdm_op_ReadReq.m_axi.p1i32, i32 %gmem0_addr, i64 %p_cast5" [../src/kernel.cpp:33]   --->   Operation 290 'readreq' 'empty_30' <Predicate = true> <Delay = 2.43> <CoreInst = "m_axi">   --->   Core 119 'm_axi' <Latency = 6> <II = 1> <Delay = 1.00> <Adapter> <Opcode : 'read' 'write' 'readreq' 'writereq' 'writeresp'>

State 72 <SV = 71> <Delay = 2.43>
ST_72 : Operation 291 [7/71] (2.43ns)   --->   "%empty_30 = readreq i1 @_ssdm_op_ReadReq.m_axi.p1i32, i32 %gmem0_addr, i64 %p_cast5" [../src/kernel.cpp:33]   --->   Operation 291 'readreq' 'empty_30' <Predicate = true> <Delay = 2.43> <CoreInst = "m_axi">   --->   Core 119 'm_axi' <Latency = 6> <II = 1> <Delay = 1.00> <Adapter> <Opcode : 'read' 'write' 'readreq' 'writereq' 'writeresp'>

State 73 <SV = 72> <Delay = 2.43>
ST_73 : Operation 292 [6/71] (2.43ns)   --->   "%empty_30 = readreq i1 @_ssdm_op_ReadReq.m_axi.p1i32, i32 %gmem0_addr, i64 %p_cast5" [../src/kernel.cpp:33]   --->   Operation 292 'readreq' 'empty_30' <Predicate = true> <Delay = 2.43> <CoreInst = "m_axi">   --->   Core 119 'm_axi' <Latency = 6> <II = 1> <Delay = 1.00> <Adapter> <Opcode : 'read' 'write' 'readreq' 'writereq' 'writeresp'>

State 74 <SV = 73> <Delay = 2.43>
ST_74 : Operation 293 [5/71] (2.43ns)   --->   "%empty_30 = readreq i1 @_ssdm_op_ReadReq.m_axi.p1i32, i32 %gmem0_addr, i64 %p_cast5" [../src/kernel.cpp:33]   --->   Operation 293 'readreq' 'empty_30' <Predicate = true> <Delay = 2.43> <CoreInst = "m_axi">   --->   Core 119 'm_axi' <Latency = 6> <II = 1> <Delay = 1.00> <Adapter> <Opcode : 'read' 'write' 'readreq' 'writereq' 'writeresp'>

State 75 <SV = 74> <Delay = 2.43>
ST_75 : Operation 294 [4/71] (2.43ns)   --->   "%empty_30 = readreq i1 @_ssdm_op_ReadReq.m_axi.p1i32, i32 %gmem0_addr, i64 %p_cast5" [../src/kernel.cpp:33]   --->   Operation 294 'readreq' 'empty_30' <Predicate = true> <Delay = 2.43> <CoreInst = "m_axi">   --->   Core 119 'm_axi' <Latency = 6> <II = 1> <Delay = 1.00> <Adapter> <Opcode : 'read' 'write' 'readreq' 'writereq' 'writeresp'>

State 76 <SV = 75> <Delay = 2.43>
ST_76 : Operation 295 [3/71] (2.43ns)   --->   "%empty_30 = readreq i1 @_ssdm_op_ReadReq.m_axi.p1i32, i32 %gmem0_addr, i64 %p_cast5" [../src/kernel.cpp:33]   --->   Operation 295 'readreq' 'empty_30' <Predicate = true> <Delay = 2.43> <CoreInst = "m_axi">   --->   Core 119 'm_axi' <Latency = 6> <II = 1> <Delay = 1.00> <Adapter> <Opcode : 'read' 'write' 'readreq' 'writereq' 'writeresp'>

State 77 <SV = 76> <Delay = 2.43>
ST_77 : Operation 296 [2/71] (2.43ns)   --->   "%empty_30 = readreq i1 @_ssdm_op_ReadReq.m_axi.p1i32, i32 %gmem0_addr, i64 %p_cast5" [../src/kernel.cpp:33]   --->   Operation 296 'readreq' 'empty_30' <Predicate = true> <Delay = 2.43> <CoreInst = "m_axi">   --->   Core 119 'm_axi' <Latency = 6> <II = 1> <Delay = 1.00> <Adapter> <Opcode : 'read' 'write' 'readreq' 'writereq' 'writeresp'>

State 78 <SV = 77> <Delay = 2.43>
ST_78 : Operation 297 [1/71] (2.43ns)   --->   "%empty_30 = readreq i1 @_ssdm_op_ReadReq.m_axi.p1i32, i32 %gmem0_addr, i64 %p_cast5" [../src/kernel.cpp:33]   --->   Operation 297 'readreq' 'empty_30' <Predicate = true> <Delay = 2.43> <CoreInst = "m_axi">   --->   Core 119 'm_axi' <Latency = 6> <II = 1> <Delay = 1.00> <Adapter> <Opcode : 'read' 'write' 'readreq' 'writereq' 'writeresp'>

State 79 <SV = 78> <Delay = 1.26>
ST_79 : Operation 298 [2/2] (1.26ns)   --->   "%call_ln30 = call void @gemm_Pipeline_VITIS_LOOP_33_3, i32 %gmem1, i32 %gmem0, i32 %K_read, i62 %p_cast, i31 %trunc_ln30, i31 %j, i64 %B_read, i32 %acc_loc" [../src/kernel.cpp:30]   --->   Operation 298 'call' 'call_ln30' <Predicate = true> <Delay = 1.26> <CoreType = "Generic">   --->   Generic Core

State 80 <SV = 79> <Delay = 0.00>
ST_80 : Operation 299 [1/2] (0.00ns)   --->   "%call_ln30 = call void @gemm_Pipeline_VITIS_LOOP_33_3, i32 %gmem1, i32 %gmem0, i32 %K_read, i62 %p_cast, i31 %trunc_ln30, i31 %j, i64 %B_read, i32 %acc_loc" [../src/kernel.cpp:30]   --->   Operation 299 'call' 'call_ln30' <Predicate = true> <Delay = 0.00> <CoreType = "Generic">   --->   Generic Core

State 81 <SV = 80> <Delay = 2.43>
ST_81 : Operation 300 [1/1] (0.00ns)   --->   "%specloopname_ln31 = specloopname void @_ssdm_op_SpecLoopName, void @empty_16" [../src/kernel.cpp:31]   --->   Operation 300 'specloopname' 'specloopname_ln31' <Predicate = true> <Delay = 0.00>
ST_81 : Operation 301 [1/1] (0.00ns)   --->   "%acc_loc_load = load i32 %acc_loc"   --->   Operation 301 'load' 'acc_loc_load' <Predicate = true> <Delay = 0.00>
ST_81 : Operation 302 [1/1] (0.00ns)   --->   "%bitcast_ln35 = bitcast i32 %acc_loc_load" [../src/kernel.cpp:35]   --->   Operation 302 'bitcast' 'bitcast_ln35' <Predicate = true> <Delay = 0.00>
ST_81 : Operation 303 [1/1] (2.43ns)   --->   "%write_ln35 = write void @_ssdm_op_Write.m_axi.p1i32, i32 %gmem2_addr, i32 %bitcast_ln35, i4 15" [../src/kernel.cpp:35]   --->   Operation 303 'write' 'write_ln35' <Predicate = true> <Delay = 2.43> <CoreInst = "m_axi">   --->   Core 119 'm_axi' <Latency = 5> <II = 1> <Delay = 1.00> <Adapter> <Opcode : 'read' 'write' 'readreq' 'writereq' 'writeresp'>
ST_81 : Operation 304 [1/1] (0.00ns)   --->   "%br_ln31 = br void %VITIS_LOOP_33_3" [../src/kernel.cpp:31]   --->   Operation 304 'br' 'br_ln31' <Predicate = true> <Delay = 0.00>

State 82 <SV = 6> <Delay = 2.43>
ST_82 : Operation 305 [68/68] (2.43ns)   --->   "%empty_31 = writeresp i1 @_ssdm_op_WriteResp.m_axi.p1i32, i32 %gmem2_addr" [../src/kernel.cpp:37]   --->   Operation 305 'writeresp' 'empty_31' <Predicate = true> <Delay = 2.43> <CoreInst = "m_axi">   --->   Core 119 'm_axi' <Latency = 3> <II = 1> <Delay = 1.00> <Adapter> <Opcode : 'read' 'write' 'readreq' 'writereq' 'writeresp'>

State 83 <SV = 7> <Delay = 2.43>
ST_83 : Operation 306 [67/68] (2.43ns)   --->   "%empty_31 = writeresp i1 @_ssdm_op_WriteResp.m_axi.p1i32, i32 %gmem2_addr" [../src/kernel.cpp:37]   --->   Operation 306 'writeresp' 'empty_31' <Predicate = true> <Delay = 2.43> <CoreInst = "m_axi">   --->   Core 119 'm_axi' <Latency = 3> <II = 1> <Delay = 1.00> <Adapter> <Opcode : 'read' 'write' 'readreq' 'writereq' 'writeresp'>

State 84 <SV = 8> <Delay = 2.43>
ST_84 : Operation 307 [66/68] (2.43ns)   --->   "%empty_31 = writeresp i1 @_ssdm_op_WriteResp.m_axi.p1i32, i32 %gmem2_addr" [../src/kernel.cpp:37]   --->   Operation 307 'writeresp' 'empty_31' <Predicate = true> <Delay = 2.43> <CoreInst = "m_axi">   --->   Core 119 'm_axi' <Latency = 3> <II = 1> <Delay = 1.00> <Adapter> <Opcode : 'read' 'write' 'readreq' 'writereq' 'writeresp'>

State 85 <SV = 9> <Delay = 2.43>
ST_85 : Operation 308 [65/68] (2.43ns)   --->   "%empty_31 = writeresp i1 @_ssdm_op_WriteResp.m_axi.p1i32, i32 %gmem2_addr" [../src/kernel.cpp:37]   --->   Operation 308 'writeresp' 'empty_31' <Predicate = true> <Delay = 2.43> <CoreInst = "m_axi">   --->   Core 119 'm_axi' <Latency = 3> <II = 1> <Delay = 1.00> <Adapter> <Opcode : 'read' 'write' 'readreq' 'writereq' 'writeresp'>

State 86 <SV = 10> <Delay = 2.43>
ST_86 : Operation 309 [64/68] (2.43ns)   --->   "%empty_31 = writeresp i1 @_ssdm_op_WriteResp.m_axi.p1i32, i32 %gmem2_addr" [../src/kernel.cpp:37]   --->   Operation 309 'writeresp' 'empty_31' <Predicate = true> <Delay = 2.43> <CoreInst = "m_axi">   --->   Core 119 'm_axi' <Latency = 3> <II = 1> <Delay = 1.00> <Adapter> <Opcode : 'read' 'write' 'readreq' 'writereq' 'writeresp'>

State 87 <SV = 11> <Delay = 2.43>
ST_87 : Operation 310 [63/68] (2.43ns)   --->   "%empty_31 = writeresp i1 @_ssdm_op_WriteResp.m_axi.p1i32, i32 %gmem2_addr" [../src/kernel.cpp:37]   --->   Operation 310 'writeresp' 'empty_31' <Predicate = true> <Delay = 2.43> <CoreInst = "m_axi">   --->   Core 119 'm_axi' <Latency = 3> <II = 1> <Delay = 1.00> <Adapter> <Opcode : 'read' 'write' 'readreq' 'writereq' 'writeresp'>

State 88 <SV = 12> <Delay = 2.43>
ST_88 : Operation 311 [62/68] (2.43ns)   --->   "%empty_31 = writeresp i1 @_ssdm_op_WriteResp.m_axi.p1i32, i32 %gmem2_addr" [../src/kernel.cpp:37]   --->   Operation 311 'writeresp' 'empty_31' <Predicate = true> <Delay = 2.43> <CoreInst = "m_axi">   --->   Core 119 'm_axi' <Latency = 3> <II = 1> <Delay = 1.00> <Adapter> <Opcode : 'read' 'write' 'readreq' 'writereq' 'writeresp'>

State 89 <SV = 13> <Delay = 2.43>
ST_89 : Operation 312 [61/68] (2.43ns)   --->   "%empty_31 = writeresp i1 @_ssdm_op_WriteResp.m_axi.p1i32, i32 %gmem2_addr" [../src/kernel.cpp:37]   --->   Operation 312 'writeresp' 'empty_31' <Predicate = true> <Delay = 2.43> <CoreInst = "m_axi">   --->   Core 119 'm_axi' <Latency = 3> <II = 1> <Delay = 1.00> <Adapter> <Opcode : 'read' 'write' 'readreq' 'writereq' 'writeresp'>

State 90 <SV = 14> <Delay = 2.43>
ST_90 : Operation 313 [60/68] (2.43ns)   --->   "%empty_31 = writeresp i1 @_ssdm_op_WriteResp.m_axi.p1i32, i32 %gmem2_addr" [../src/kernel.cpp:37]   --->   Operation 313 'writeresp' 'empty_31' <Predicate = true> <Delay = 2.43> <CoreInst = "m_axi">   --->   Core 119 'm_axi' <Latency = 3> <II = 1> <Delay = 1.00> <Adapter> <Opcode : 'read' 'write' 'readreq' 'writereq' 'writeresp'>

State 91 <SV = 15> <Delay = 2.43>
ST_91 : Operation 314 [59/68] (2.43ns)   --->   "%empty_31 = writeresp i1 @_ssdm_op_WriteResp.m_axi.p1i32, i32 %gmem2_addr" [../src/kernel.cpp:37]   --->   Operation 314 'writeresp' 'empty_31' <Predicate = true> <Delay = 2.43> <CoreInst = "m_axi">   --->   Core 119 'm_axi' <Latency = 3> <II = 1> <Delay = 1.00> <Adapter> <Opcode : 'read' 'write' 'readreq' 'writereq' 'writeresp'>

State 92 <SV = 16> <Delay = 2.43>
ST_92 : Operation 315 [58/68] (2.43ns)   --->   "%empty_31 = writeresp i1 @_ssdm_op_WriteResp.m_axi.p1i32, i32 %gmem2_addr" [../src/kernel.cpp:37]   --->   Operation 315 'writeresp' 'empty_31' <Predicate = true> <Delay = 2.43> <CoreInst = "m_axi">   --->   Core 119 'm_axi' <Latency = 3> <II = 1> <Delay = 1.00> <Adapter> <Opcode : 'read' 'write' 'readreq' 'writereq' 'writeresp'>

State 93 <SV = 17> <Delay = 2.43>
ST_93 : Operation 316 [57/68] (2.43ns)   --->   "%empty_31 = writeresp i1 @_ssdm_op_WriteResp.m_axi.p1i32, i32 %gmem2_addr" [../src/kernel.cpp:37]   --->   Operation 316 'writeresp' 'empty_31' <Predicate = true> <Delay = 2.43> <CoreInst = "m_axi">   --->   Core 119 'm_axi' <Latency = 3> <II = 1> <Delay = 1.00> <Adapter> <Opcode : 'read' 'write' 'readreq' 'writereq' 'writeresp'>

State 94 <SV = 18> <Delay = 2.43>
ST_94 : Operation 317 [56/68] (2.43ns)   --->   "%empty_31 = writeresp i1 @_ssdm_op_WriteResp.m_axi.p1i32, i32 %gmem2_addr" [../src/kernel.cpp:37]   --->   Operation 317 'writeresp' 'empty_31' <Predicate = true> <Delay = 2.43> <CoreInst = "m_axi">   --->   Core 119 'm_axi' <Latency = 3> <II = 1> <Delay = 1.00> <Adapter> <Opcode : 'read' 'write' 'readreq' 'writereq' 'writeresp'>

State 95 <SV = 19> <Delay = 2.43>
ST_95 : Operation 318 [55/68] (2.43ns)   --->   "%empty_31 = writeresp i1 @_ssdm_op_WriteResp.m_axi.p1i32, i32 %gmem2_addr" [../src/kernel.cpp:37]   --->   Operation 318 'writeresp' 'empty_31' <Predicate = true> <Delay = 2.43> <CoreInst = "m_axi">   --->   Core 119 'm_axi' <Latency = 3> <II = 1> <Delay = 1.00> <Adapter> <Opcode : 'read' 'write' 'readreq' 'writereq' 'writeresp'>

State 96 <SV = 20> <Delay = 2.43>
ST_96 : Operation 319 [54/68] (2.43ns)   --->   "%empty_31 = writeresp i1 @_ssdm_op_WriteResp.m_axi.p1i32, i32 %gmem2_addr" [../src/kernel.cpp:37]   --->   Operation 319 'writeresp' 'empty_31' <Predicate = true> <Delay = 2.43> <CoreInst = "m_axi">   --->   Core 119 'm_axi' <Latency = 3> <II = 1> <Delay = 1.00> <Adapter> <Opcode : 'read' 'write' 'readreq' 'writereq' 'writeresp'>

State 97 <SV = 21> <Delay = 2.43>
ST_97 : Operation 320 [53/68] (2.43ns)   --->   "%empty_31 = writeresp i1 @_ssdm_op_WriteResp.m_axi.p1i32, i32 %gmem2_addr" [../src/kernel.cpp:37]   --->   Operation 320 'writeresp' 'empty_31' <Predicate = true> <Delay = 2.43> <CoreInst = "m_axi">   --->   Core 119 'm_axi' <Latency = 3> <II = 1> <Delay = 1.00> <Adapter> <Opcode : 'read' 'write' 'readreq' 'writereq' 'writeresp'>

State 98 <SV = 22> <Delay = 2.43>
ST_98 : Operation 321 [52/68] (2.43ns)   --->   "%empty_31 = writeresp i1 @_ssdm_op_WriteResp.m_axi.p1i32, i32 %gmem2_addr" [../src/kernel.cpp:37]   --->   Operation 321 'writeresp' 'empty_31' <Predicate = true> <Delay = 2.43> <CoreInst = "m_axi">   --->   Core 119 'm_axi' <Latency = 3> <II = 1> <Delay = 1.00> <Adapter> <Opcode : 'read' 'write' 'readreq' 'writereq' 'writeresp'>

State 99 <SV = 23> <Delay = 2.43>
ST_99 : Operation 322 [51/68] (2.43ns)   --->   "%empty_31 = writeresp i1 @_ssdm_op_WriteResp.m_axi.p1i32, i32 %gmem2_addr" [../src/kernel.cpp:37]   --->   Operation 322 'writeresp' 'empty_31' <Predicate = true> <Delay = 2.43> <CoreInst = "m_axi">   --->   Core 119 'm_axi' <Latency = 3> <II = 1> <Delay = 1.00> <Adapter> <Opcode : 'read' 'write' 'readreq' 'writereq' 'writeresp'>

State 100 <SV = 24> <Delay = 2.43>
ST_100 : Operation 323 [50/68] (2.43ns)   --->   "%empty_31 = writeresp i1 @_ssdm_op_WriteResp.m_axi.p1i32, i32 %gmem2_addr" [../src/kernel.cpp:37]   --->   Operation 323 'writeresp' 'empty_31' <Predicate = true> <Delay = 2.43> <CoreInst = "m_axi">   --->   Core 119 'm_axi' <Latency = 3> <II = 1> <Delay = 1.00> <Adapter> <Opcode : 'read' 'write' 'readreq' 'writereq' 'writeresp'>

State 101 <SV = 25> <Delay = 2.43>
ST_101 : Operation 324 [49/68] (2.43ns)   --->   "%empty_31 = writeresp i1 @_ssdm_op_WriteResp.m_axi.p1i32, i32 %gmem2_addr" [../src/kernel.cpp:37]   --->   Operation 324 'writeresp' 'empty_31' <Predicate = true> <Delay = 2.43> <CoreInst = "m_axi">   --->   Core 119 'm_axi' <Latency = 3> <II = 1> <Delay = 1.00> <Adapter> <Opcode : 'read' 'write' 'readreq' 'writereq' 'writeresp'>

State 102 <SV = 26> <Delay = 2.43>
ST_102 : Operation 325 [48/68] (2.43ns)   --->   "%empty_31 = writeresp i1 @_ssdm_op_WriteResp.m_axi.p1i32, i32 %gmem2_addr" [../src/kernel.cpp:37]   --->   Operation 325 'writeresp' 'empty_31' <Predicate = true> <Delay = 2.43> <CoreInst = "m_axi">   --->   Core 119 'm_axi' <Latency = 3> <II = 1> <Delay = 1.00> <Adapter> <Opcode : 'read' 'write' 'readreq' 'writereq' 'writeresp'>

State 103 <SV = 27> <Delay = 2.43>
ST_103 : Operation 326 [47/68] (2.43ns)   --->   "%empty_31 = writeresp i1 @_ssdm_op_WriteResp.m_axi.p1i32, i32 %gmem2_addr" [../src/kernel.cpp:37]   --->   Operation 326 'writeresp' 'empty_31' <Predicate = true> <Delay = 2.43> <CoreInst = "m_axi">   --->   Core 119 'm_axi' <Latency = 3> <II = 1> <Delay = 1.00> <Adapter> <Opcode : 'read' 'write' 'readreq' 'writereq' 'writeresp'>

State 104 <SV = 28> <Delay = 2.43>
ST_104 : Operation 327 [46/68] (2.43ns)   --->   "%empty_31 = writeresp i1 @_ssdm_op_WriteResp.m_axi.p1i32, i32 %gmem2_addr" [../src/kernel.cpp:37]   --->   Operation 327 'writeresp' 'empty_31' <Predicate = true> <Delay = 2.43> <CoreInst = "m_axi">   --->   Core 119 'm_axi' <Latency = 3> <II = 1> <Delay = 1.00> <Adapter> <Opcode : 'read' 'write' 'readreq' 'writereq' 'writeresp'>

State 105 <SV = 29> <Delay = 2.43>
ST_105 : Operation 328 [45/68] (2.43ns)   --->   "%empty_31 = writeresp i1 @_ssdm_op_WriteResp.m_axi.p1i32, i32 %gmem2_addr" [../src/kernel.cpp:37]   --->   Operation 328 'writeresp' 'empty_31' <Predicate = true> <Delay = 2.43> <CoreInst = "m_axi">   --->   Core 119 'm_axi' <Latency = 3> <II = 1> <Delay = 1.00> <Adapter> <Opcode : 'read' 'write' 'readreq' 'writereq' 'writeresp'>

State 106 <SV = 30> <Delay = 2.43>
ST_106 : Operation 329 [44/68] (2.43ns)   --->   "%empty_31 = writeresp i1 @_ssdm_op_WriteResp.m_axi.p1i32, i32 %gmem2_addr" [../src/kernel.cpp:37]   --->   Operation 329 'writeresp' 'empty_31' <Predicate = true> <Delay = 2.43> <CoreInst = "m_axi">   --->   Core 119 'm_axi' <Latency = 3> <II = 1> <Delay = 1.00> <Adapter> <Opcode : 'read' 'write' 'readreq' 'writereq' 'writeresp'>

State 107 <SV = 31> <Delay = 2.43>
ST_107 : Operation 330 [43/68] (2.43ns)   --->   "%empty_31 = writeresp i1 @_ssdm_op_WriteResp.m_axi.p1i32, i32 %gmem2_addr" [../src/kernel.cpp:37]   --->   Operation 330 'writeresp' 'empty_31' <Predicate = true> <Delay = 2.43> <CoreInst = "m_axi">   --->   Core 119 'm_axi' <Latency = 3> <II = 1> <Delay = 1.00> <Adapter> <Opcode : 'read' 'write' 'readreq' 'writereq' 'writeresp'>

State 108 <SV = 32> <Delay = 2.43>
ST_108 : Operation 331 [42/68] (2.43ns)   --->   "%empty_31 = writeresp i1 @_ssdm_op_WriteResp.m_axi.p1i32, i32 %gmem2_addr" [../src/kernel.cpp:37]   --->   Operation 331 'writeresp' 'empty_31' <Predicate = true> <Delay = 2.43> <CoreInst = "m_axi">   --->   Core 119 'm_axi' <Latency = 3> <II = 1> <Delay = 1.00> <Adapter> <Opcode : 'read' 'write' 'readreq' 'writereq' 'writeresp'>

State 109 <SV = 33> <Delay = 2.43>
ST_109 : Operation 332 [41/68] (2.43ns)   --->   "%empty_31 = writeresp i1 @_ssdm_op_WriteResp.m_axi.p1i32, i32 %gmem2_addr" [../src/kernel.cpp:37]   --->   Operation 332 'writeresp' 'empty_31' <Predicate = true> <Delay = 2.43> <CoreInst = "m_axi">   --->   Core 119 'm_axi' <Latency = 3> <II = 1> <Delay = 1.00> <Adapter> <Opcode : 'read' 'write' 'readreq' 'writereq' 'writeresp'>

State 110 <SV = 34> <Delay = 2.43>
ST_110 : Operation 333 [40/68] (2.43ns)   --->   "%empty_31 = writeresp i1 @_ssdm_op_WriteResp.m_axi.p1i32, i32 %gmem2_addr" [../src/kernel.cpp:37]   --->   Operation 333 'writeresp' 'empty_31' <Predicate = true> <Delay = 2.43> <CoreInst = "m_axi">   --->   Core 119 'm_axi' <Latency = 3> <II = 1> <Delay = 1.00> <Adapter> <Opcode : 'read' 'write' 'readreq' 'writereq' 'writeresp'>

State 111 <SV = 35> <Delay = 2.43>
ST_111 : Operation 334 [39/68] (2.43ns)   --->   "%empty_31 = writeresp i1 @_ssdm_op_WriteResp.m_axi.p1i32, i32 %gmem2_addr" [../src/kernel.cpp:37]   --->   Operation 334 'writeresp' 'empty_31' <Predicate = true> <Delay = 2.43> <CoreInst = "m_axi">   --->   Core 119 'm_axi' <Latency = 3> <II = 1> <Delay = 1.00> <Adapter> <Opcode : 'read' 'write' 'readreq' 'writereq' 'writeresp'>

State 112 <SV = 36> <Delay = 2.43>
ST_112 : Operation 335 [38/68] (2.43ns)   --->   "%empty_31 = writeresp i1 @_ssdm_op_WriteResp.m_axi.p1i32, i32 %gmem2_addr" [../src/kernel.cpp:37]   --->   Operation 335 'writeresp' 'empty_31' <Predicate = true> <Delay = 2.43> <CoreInst = "m_axi">   --->   Core 119 'm_axi' <Latency = 3> <II = 1> <Delay = 1.00> <Adapter> <Opcode : 'read' 'write' 'readreq' 'writereq' 'writeresp'>

State 113 <SV = 37> <Delay = 2.43>
ST_113 : Operation 336 [37/68] (2.43ns)   --->   "%empty_31 = writeresp i1 @_ssdm_op_WriteResp.m_axi.p1i32, i32 %gmem2_addr" [../src/kernel.cpp:37]   --->   Operation 336 'writeresp' 'empty_31' <Predicate = true> <Delay = 2.43> <CoreInst = "m_axi">   --->   Core 119 'm_axi' <Latency = 3> <II = 1> <Delay = 1.00> <Adapter> <Opcode : 'read' 'write' 'readreq' 'writereq' 'writeresp'>

State 114 <SV = 38> <Delay = 2.43>
ST_114 : Operation 337 [36/68] (2.43ns)   --->   "%empty_31 = writeresp i1 @_ssdm_op_WriteResp.m_axi.p1i32, i32 %gmem2_addr" [../src/kernel.cpp:37]   --->   Operation 337 'writeresp' 'empty_31' <Predicate = true> <Delay = 2.43> <CoreInst = "m_axi">   --->   Core 119 'm_axi' <Latency = 3> <II = 1> <Delay = 1.00> <Adapter> <Opcode : 'read' 'write' 'readreq' 'writereq' 'writeresp'>

State 115 <SV = 39> <Delay = 2.43>
ST_115 : Operation 338 [35/68] (2.43ns)   --->   "%empty_31 = writeresp i1 @_ssdm_op_WriteResp.m_axi.p1i32, i32 %gmem2_addr" [../src/kernel.cpp:37]   --->   Operation 338 'writeresp' 'empty_31' <Predicate = true> <Delay = 2.43> <CoreInst = "m_axi">   --->   Core 119 'm_axi' <Latency = 3> <II = 1> <Delay = 1.00> <Adapter> <Opcode : 'read' 'write' 'readreq' 'writereq' 'writeresp'>

State 116 <SV = 40> <Delay = 2.43>
ST_116 : Operation 339 [34/68] (2.43ns)   --->   "%empty_31 = writeresp i1 @_ssdm_op_WriteResp.m_axi.p1i32, i32 %gmem2_addr" [../src/kernel.cpp:37]   --->   Operation 339 'writeresp' 'empty_31' <Predicate = true> <Delay = 2.43> <CoreInst = "m_axi">   --->   Core 119 'm_axi' <Latency = 3> <II = 1> <Delay = 1.00> <Adapter> <Opcode : 'read' 'write' 'readreq' 'writereq' 'writeresp'>

State 117 <SV = 41> <Delay = 2.43>
ST_117 : Operation 340 [33/68] (2.43ns)   --->   "%empty_31 = writeresp i1 @_ssdm_op_WriteResp.m_axi.p1i32, i32 %gmem2_addr" [../src/kernel.cpp:37]   --->   Operation 340 'writeresp' 'empty_31' <Predicate = true> <Delay = 2.43> <CoreInst = "m_axi">   --->   Core 119 'm_axi' <Latency = 3> <II = 1> <Delay = 1.00> <Adapter> <Opcode : 'read' 'write' 'readreq' 'writereq' 'writeresp'>

State 118 <SV = 42> <Delay = 2.43>
ST_118 : Operation 341 [32/68] (2.43ns)   --->   "%empty_31 = writeresp i1 @_ssdm_op_WriteResp.m_axi.p1i32, i32 %gmem2_addr" [../src/kernel.cpp:37]   --->   Operation 341 'writeresp' 'empty_31' <Predicate = true> <Delay = 2.43> <CoreInst = "m_axi">   --->   Core 119 'm_axi' <Latency = 3> <II = 1> <Delay = 1.00> <Adapter> <Opcode : 'read' 'write' 'readreq' 'writereq' 'writeresp'>

State 119 <SV = 43> <Delay = 2.43>
ST_119 : Operation 342 [31/68] (2.43ns)   --->   "%empty_31 = writeresp i1 @_ssdm_op_WriteResp.m_axi.p1i32, i32 %gmem2_addr" [../src/kernel.cpp:37]   --->   Operation 342 'writeresp' 'empty_31' <Predicate = true> <Delay = 2.43> <CoreInst = "m_axi">   --->   Core 119 'm_axi' <Latency = 3> <II = 1> <Delay = 1.00> <Adapter> <Opcode : 'read' 'write' 'readreq' 'writereq' 'writeresp'>

State 120 <SV = 44> <Delay = 2.43>
ST_120 : Operation 343 [30/68] (2.43ns)   --->   "%empty_31 = writeresp i1 @_ssdm_op_WriteResp.m_axi.p1i32, i32 %gmem2_addr" [../src/kernel.cpp:37]   --->   Operation 343 'writeresp' 'empty_31' <Predicate = true> <Delay = 2.43> <CoreInst = "m_axi">   --->   Core 119 'm_axi' <Latency = 3> <II = 1> <Delay = 1.00> <Adapter> <Opcode : 'read' 'write' 'readreq' 'writereq' 'writeresp'>

State 121 <SV = 45> <Delay = 2.43>
ST_121 : Operation 344 [29/68] (2.43ns)   --->   "%empty_31 = writeresp i1 @_ssdm_op_WriteResp.m_axi.p1i32, i32 %gmem2_addr" [../src/kernel.cpp:37]   --->   Operation 344 'writeresp' 'empty_31' <Predicate = true> <Delay = 2.43> <CoreInst = "m_axi">   --->   Core 119 'm_axi' <Latency = 3> <II = 1> <Delay = 1.00> <Adapter> <Opcode : 'read' 'write' 'readreq' 'writereq' 'writeresp'>

State 122 <SV = 46> <Delay = 2.43>
ST_122 : Operation 345 [28/68] (2.43ns)   --->   "%empty_31 = writeresp i1 @_ssdm_op_WriteResp.m_axi.p1i32, i32 %gmem2_addr" [../src/kernel.cpp:37]   --->   Operation 345 'writeresp' 'empty_31' <Predicate = true> <Delay = 2.43> <CoreInst = "m_axi">   --->   Core 119 'm_axi' <Latency = 3> <II = 1> <Delay = 1.00> <Adapter> <Opcode : 'read' 'write' 'readreq' 'writereq' 'writeresp'>

State 123 <SV = 47> <Delay = 2.43>
ST_123 : Operation 346 [27/68] (2.43ns)   --->   "%empty_31 = writeresp i1 @_ssdm_op_WriteResp.m_axi.p1i32, i32 %gmem2_addr" [../src/kernel.cpp:37]   --->   Operation 346 'writeresp' 'empty_31' <Predicate = true> <Delay = 2.43> <CoreInst = "m_axi">   --->   Core 119 'm_axi' <Latency = 3> <II = 1> <Delay = 1.00> <Adapter> <Opcode : 'read' 'write' 'readreq' 'writereq' 'writeresp'>

State 124 <SV = 48> <Delay = 2.43>
ST_124 : Operation 347 [26/68] (2.43ns)   --->   "%empty_31 = writeresp i1 @_ssdm_op_WriteResp.m_axi.p1i32, i32 %gmem2_addr" [../src/kernel.cpp:37]   --->   Operation 347 'writeresp' 'empty_31' <Predicate = true> <Delay = 2.43> <CoreInst = "m_axi">   --->   Core 119 'm_axi' <Latency = 3> <II = 1> <Delay = 1.00> <Adapter> <Opcode : 'read' 'write' 'readreq' 'writereq' 'writeresp'>

State 125 <SV = 49> <Delay = 2.43>
ST_125 : Operation 348 [25/68] (2.43ns)   --->   "%empty_31 = writeresp i1 @_ssdm_op_WriteResp.m_axi.p1i32, i32 %gmem2_addr" [../src/kernel.cpp:37]   --->   Operation 348 'writeresp' 'empty_31' <Predicate = true> <Delay = 2.43> <CoreInst = "m_axi">   --->   Core 119 'm_axi' <Latency = 3> <II = 1> <Delay = 1.00> <Adapter> <Opcode : 'read' 'write' 'readreq' 'writereq' 'writeresp'>

State 126 <SV = 50> <Delay = 2.43>
ST_126 : Operation 349 [24/68] (2.43ns)   --->   "%empty_31 = writeresp i1 @_ssdm_op_WriteResp.m_axi.p1i32, i32 %gmem2_addr" [../src/kernel.cpp:37]   --->   Operation 349 'writeresp' 'empty_31' <Predicate = true> <Delay = 2.43> <CoreInst = "m_axi">   --->   Core 119 'm_axi' <Latency = 3> <II = 1> <Delay = 1.00> <Adapter> <Opcode : 'read' 'write' 'readreq' 'writereq' 'writeresp'>

State 127 <SV = 51> <Delay = 2.43>
ST_127 : Operation 350 [23/68] (2.43ns)   --->   "%empty_31 = writeresp i1 @_ssdm_op_WriteResp.m_axi.p1i32, i32 %gmem2_addr" [../src/kernel.cpp:37]   --->   Operation 350 'writeresp' 'empty_31' <Predicate = true> <Delay = 2.43> <CoreInst = "m_axi">   --->   Core 119 'm_axi' <Latency = 3> <II = 1> <Delay = 1.00> <Adapter> <Opcode : 'read' 'write' 'readreq' 'writereq' 'writeresp'>

State 128 <SV = 52> <Delay = 2.43>
ST_128 : Operation 351 [22/68] (2.43ns)   --->   "%empty_31 = writeresp i1 @_ssdm_op_WriteResp.m_axi.p1i32, i32 %gmem2_addr" [../src/kernel.cpp:37]   --->   Operation 351 'writeresp' 'empty_31' <Predicate = true> <Delay = 2.43> <CoreInst = "m_axi">   --->   Core 119 'm_axi' <Latency = 3> <II = 1> <Delay = 1.00> <Adapter> <Opcode : 'read' 'write' 'readreq' 'writereq' 'writeresp'>

State 129 <SV = 53> <Delay = 2.43>
ST_129 : Operation 352 [21/68] (2.43ns)   --->   "%empty_31 = writeresp i1 @_ssdm_op_WriteResp.m_axi.p1i32, i32 %gmem2_addr" [../src/kernel.cpp:37]   --->   Operation 352 'writeresp' 'empty_31' <Predicate = true> <Delay = 2.43> <CoreInst = "m_axi">   --->   Core 119 'm_axi' <Latency = 3> <II = 1> <Delay = 1.00> <Adapter> <Opcode : 'read' 'write' 'readreq' 'writereq' 'writeresp'>

State 130 <SV = 54> <Delay = 2.43>
ST_130 : Operation 353 [20/68] (2.43ns)   --->   "%empty_31 = writeresp i1 @_ssdm_op_WriteResp.m_axi.p1i32, i32 %gmem2_addr" [../src/kernel.cpp:37]   --->   Operation 353 'writeresp' 'empty_31' <Predicate = true> <Delay = 2.43> <CoreInst = "m_axi">   --->   Core 119 'm_axi' <Latency = 3> <II = 1> <Delay = 1.00> <Adapter> <Opcode : 'read' 'write' 'readreq' 'writereq' 'writeresp'>

State 131 <SV = 55> <Delay = 2.43>
ST_131 : Operation 354 [19/68] (2.43ns)   --->   "%empty_31 = writeresp i1 @_ssdm_op_WriteResp.m_axi.p1i32, i32 %gmem2_addr" [../src/kernel.cpp:37]   --->   Operation 354 'writeresp' 'empty_31' <Predicate = true> <Delay = 2.43> <CoreInst = "m_axi">   --->   Core 119 'm_axi' <Latency = 3> <II = 1> <Delay = 1.00> <Adapter> <Opcode : 'read' 'write' 'readreq' 'writereq' 'writeresp'>

State 132 <SV = 56> <Delay = 2.43>
ST_132 : Operation 355 [18/68] (2.43ns)   --->   "%empty_31 = writeresp i1 @_ssdm_op_WriteResp.m_axi.p1i32, i32 %gmem2_addr" [../src/kernel.cpp:37]   --->   Operation 355 'writeresp' 'empty_31' <Predicate = true> <Delay = 2.43> <CoreInst = "m_axi">   --->   Core 119 'm_axi' <Latency = 3> <II = 1> <Delay = 1.00> <Adapter> <Opcode : 'read' 'write' 'readreq' 'writereq' 'writeresp'>

State 133 <SV = 57> <Delay = 2.43>
ST_133 : Operation 356 [17/68] (2.43ns)   --->   "%empty_31 = writeresp i1 @_ssdm_op_WriteResp.m_axi.p1i32, i32 %gmem2_addr" [../src/kernel.cpp:37]   --->   Operation 356 'writeresp' 'empty_31' <Predicate = true> <Delay = 2.43> <CoreInst = "m_axi">   --->   Core 119 'm_axi' <Latency = 3> <II = 1> <Delay = 1.00> <Adapter> <Opcode : 'read' 'write' 'readreq' 'writereq' 'writeresp'>

State 134 <SV = 58> <Delay = 2.43>
ST_134 : Operation 357 [16/68] (2.43ns)   --->   "%empty_31 = writeresp i1 @_ssdm_op_WriteResp.m_axi.p1i32, i32 %gmem2_addr" [../src/kernel.cpp:37]   --->   Operation 357 'writeresp' 'empty_31' <Predicate = true> <Delay = 2.43> <CoreInst = "m_axi">   --->   Core 119 'm_axi' <Latency = 3> <II = 1> <Delay = 1.00> <Adapter> <Opcode : 'read' 'write' 'readreq' 'writereq' 'writeresp'>

State 135 <SV = 59> <Delay = 2.43>
ST_135 : Operation 358 [15/68] (2.43ns)   --->   "%empty_31 = writeresp i1 @_ssdm_op_WriteResp.m_axi.p1i32, i32 %gmem2_addr" [../src/kernel.cpp:37]   --->   Operation 358 'writeresp' 'empty_31' <Predicate = true> <Delay = 2.43> <CoreInst = "m_axi">   --->   Core 119 'm_axi' <Latency = 3> <II = 1> <Delay = 1.00> <Adapter> <Opcode : 'read' 'write' 'readreq' 'writereq' 'writeresp'>

State 136 <SV = 60> <Delay = 2.43>
ST_136 : Operation 359 [14/68] (2.43ns)   --->   "%empty_31 = writeresp i1 @_ssdm_op_WriteResp.m_axi.p1i32, i32 %gmem2_addr" [../src/kernel.cpp:37]   --->   Operation 359 'writeresp' 'empty_31' <Predicate = true> <Delay = 2.43> <CoreInst = "m_axi">   --->   Core 119 'm_axi' <Latency = 3> <II = 1> <Delay = 1.00> <Adapter> <Opcode : 'read' 'write' 'readreq' 'writereq' 'writeresp'>

State 137 <SV = 61> <Delay = 2.43>
ST_137 : Operation 360 [13/68] (2.43ns)   --->   "%empty_31 = writeresp i1 @_ssdm_op_WriteResp.m_axi.p1i32, i32 %gmem2_addr" [../src/kernel.cpp:37]   --->   Operation 360 'writeresp' 'empty_31' <Predicate = true> <Delay = 2.43> <CoreInst = "m_axi">   --->   Core 119 'm_axi' <Latency = 3> <II = 1> <Delay = 1.00> <Adapter> <Opcode : 'read' 'write' 'readreq' 'writereq' 'writeresp'>

State 138 <SV = 62> <Delay = 2.43>
ST_138 : Operation 361 [12/68] (2.43ns)   --->   "%empty_31 = writeresp i1 @_ssdm_op_WriteResp.m_axi.p1i32, i32 %gmem2_addr" [../src/kernel.cpp:37]   --->   Operation 361 'writeresp' 'empty_31' <Predicate = true> <Delay = 2.43> <CoreInst = "m_axi">   --->   Core 119 'm_axi' <Latency = 3> <II = 1> <Delay = 1.00> <Adapter> <Opcode : 'read' 'write' 'readreq' 'writereq' 'writeresp'>

State 139 <SV = 63> <Delay = 2.43>
ST_139 : Operation 362 [11/68] (2.43ns)   --->   "%empty_31 = writeresp i1 @_ssdm_op_WriteResp.m_axi.p1i32, i32 %gmem2_addr" [../src/kernel.cpp:37]   --->   Operation 362 'writeresp' 'empty_31' <Predicate = true> <Delay = 2.43> <CoreInst = "m_axi">   --->   Core 119 'm_axi' <Latency = 3> <II = 1> <Delay = 1.00> <Adapter> <Opcode : 'read' 'write' 'readreq' 'writereq' 'writeresp'>

State 140 <SV = 64> <Delay = 2.43>
ST_140 : Operation 363 [10/68] (2.43ns)   --->   "%empty_31 = writeresp i1 @_ssdm_op_WriteResp.m_axi.p1i32, i32 %gmem2_addr" [../src/kernel.cpp:37]   --->   Operation 363 'writeresp' 'empty_31' <Predicate = true> <Delay = 2.43> <CoreInst = "m_axi">   --->   Core 119 'm_axi' <Latency = 3> <II = 1> <Delay = 1.00> <Adapter> <Opcode : 'read' 'write' 'readreq' 'writereq' 'writeresp'>

State 141 <SV = 65> <Delay = 2.43>
ST_141 : Operation 364 [9/68] (2.43ns)   --->   "%empty_31 = writeresp i1 @_ssdm_op_WriteResp.m_axi.p1i32, i32 %gmem2_addr" [../src/kernel.cpp:37]   --->   Operation 364 'writeresp' 'empty_31' <Predicate = true> <Delay = 2.43> <CoreInst = "m_axi">   --->   Core 119 'm_axi' <Latency = 3> <II = 1> <Delay = 1.00> <Adapter> <Opcode : 'read' 'write' 'readreq' 'writereq' 'writeresp'>

State 142 <SV = 66> <Delay = 2.43>
ST_142 : Operation 365 [8/68] (2.43ns)   --->   "%empty_31 = writeresp i1 @_ssdm_op_WriteResp.m_axi.p1i32, i32 %gmem2_addr" [../src/kernel.cpp:37]   --->   Operation 365 'writeresp' 'empty_31' <Predicate = true> <Delay = 2.43> <CoreInst = "m_axi">   --->   Core 119 'm_axi' <Latency = 3> <II = 1> <Delay = 1.00> <Adapter> <Opcode : 'read' 'write' 'readreq' 'writereq' 'writeresp'>

State 143 <SV = 67> <Delay = 2.43>
ST_143 : Operation 366 [7/68] (2.43ns)   --->   "%empty_31 = writeresp i1 @_ssdm_op_WriteResp.m_axi.p1i32, i32 %gmem2_addr" [../src/kernel.cpp:37]   --->   Operation 366 'writeresp' 'empty_31' <Predicate = true> <Delay = 2.43> <CoreInst = "m_axi">   --->   Core 119 'm_axi' <Latency = 3> <II = 1> <Delay = 1.00> <Adapter> <Opcode : 'read' 'write' 'readreq' 'writereq' 'writeresp'>

State 144 <SV = 68> <Delay = 2.43>
ST_144 : Operation 367 [6/68] (2.43ns)   --->   "%empty_31 = writeresp i1 @_ssdm_op_WriteResp.m_axi.p1i32, i32 %gmem2_addr" [../src/kernel.cpp:37]   --->   Operation 367 'writeresp' 'empty_31' <Predicate = true> <Delay = 2.43> <CoreInst = "m_axi">   --->   Core 119 'm_axi' <Latency = 3> <II = 1> <Delay = 1.00> <Adapter> <Opcode : 'read' 'write' 'readreq' 'writereq' 'writeresp'>

State 145 <SV = 69> <Delay = 2.43>
ST_145 : Operation 368 [5/68] (2.43ns)   --->   "%empty_31 = writeresp i1 @_ssdm_op_WriteResp.m_axi.p1i32, i32 %gmem2_addr" [../src/kernel.cpp:37]   --->   Operation 368 'writeresp' 'empty_31' <Predicate = true> <Delay = 2.43> <CoreInst = "m_axi">   --->   Core 119 'm_axi' <Latency = 3> <II = 1> <Delay = 1.00> <Adapter> <Opcode : 'read' 'write' 'readreq' 'writereq' 'writeresp'>

State 146 <SV = 70> <Delay = 2.43>
ST_146 : Operation 369 [4/68] (2.43ns)   --->   "%empty_31 = writeresp i1 @_ssdm_op_WriteResp.m_axi.p1i32, i32 %gmem2_addr" [../src/kernel.cpp:37]   --->   Operation 369 'writeresp' 'empty_31' <Predicate = true> <Delay = 2.43> <CoreInst = "m_axi">   --->   Core 119 'm_axi' <Latency = 3> <II = 1> <Delay = 1.00> <Adapter> <Opcode : 'read' 'write' 'readreq' 'writereq' 'writeresp'>

State 147 <SV = 71> <Delay = 2.43>
ST_147 : Operation 370 [3/68] (2.43ns)   --->   "%empty_31 = writeresp i1 @_ssdm_op_WriteResp.m_axi.p1i32, i32 %gmem2_addr" [../src/kernel.cpp:37]   --->   Operation 370 'writeresp' 'empty_31' <Predicate = true> <Delay = 2.43> <CoreInst = "m_axi">   --->   Core 119 'm_axi' <Latency = 3> <II = 1> <Delay = 1.00> <Adapter> <Opcode : 'read' 'write' 'readreq' 'writereq' 'writeresp'>

State 148 <SV = 72> <Delay = 2.43>
ST_148 : Operation 371 [2/68] (2.43ns)   --->   "%empty_31 = writeresp i1 @_ssdm_op_WriteResp.m_axi.p1i32, i32 %gmem2_addr" [../src/kernel.cpp:37]   --->   Operation 371 'writeresp' 'empty_31' <Predicate = true> <Delay = 2.43> <CoreInst = "m_axi">   --->   Core 119 'm_axi' <Latency = 3> <II = 1> <Delay = 1.00> <Adapter> <Opcode : 'read' 'write' 'readreq' 'writereq' 'writeresp'>

State 149 <SV = 73> <Delay = 2.43>
ST_149 : Operation 372 [1/68] (2.43ns)   --->   "%empty_31 = writeresp i1 @_ssdm_op_WriteResp.m_axi.p1i32, i32 %gmem2_addr" [../src/kernel.cpp:37]   --->   Operation 372 'writeresp' 'empty_31' <Predicate = true> <Delay = 2.43> <CoreInst = "m_axi">   --->   Core 119 'm_axi' <Latency = 3> <II = 1> <Delay = 1.00> <Adapter> <Opcode : 'read' 'write' 'readreq' 'writereq' 'writeresp'>
ST_149 : Operation 373 [1/1] (0.00ns)   --->   "%ret_ln37 = ret" [../src/kernel.cpp:37]   --->   Operation 373 'ret' 'ret_ln37' <Predicate = true> <Delay = 0.00>


============================================================
+ Verbose Summary: Timing violations
============================================================
Target clock period: 3.330ns, clock uncertainty: 0.899ns.

 <State 1>: 1.880ns
The critical path consists of the following:
	wire read operation ('M_read') on port 'M' [14]  (1.000 ns)
	'icmp' operation 1 bit ('icmp_ln30', ../src/kernel.cpp:30) [44]  (0.880 ns)

 <State 2>: 2.291ns
The critical path consists of the following:
	'mul' operation 63 bit ('mul_ln30', ../src/kernel.cpp:30) [50]  (2.291 ns)

 <State 3>: 2.291ns
The critical path consists of the following:
	'mul' operation 63 bit ('mul_ln30', ../src/kernel.cpp:30) [50]  (2.291 ns)

 <State 4>: 1.000ns
The critical path consists of the following:
	s_axi read operation ('C_read') on port 'C' [15]  (1.000 ns)

 <State 5>: 2.431ns
The critical path consists of the following:
	bus request operation ('empty_27', ../src/kernel.cpp:30) on port 'gmem2' (../src/kernel.cpp:30) [57]  (2.431 ns)

 <State 6>: 1.267ns
The critical path consists of the following:
	'load' operation 62 bit ('phi_mul1_load', ../src/kernel.cpp:30) on local variable 'phi_mul1' [65]  (0.000 ns)
	'add' operation 64 bit ('empty_29', ../src/kernel.cpp:30) [75]  (1.147 ns)
	blocking operation 0.12 ns on control path)

 <State 7>: 1.267ns
The critical path consists of the following:
	'phi' operation 31 bit ('j', ../src/kernel.cpp:31) with incoming values : ('add_ln31', ../src/kernel.cpp:31) [81]  (0.000 ns)
	'icmp' operation 1 bit ('icmp_ln31', ../src/kernel.cpp:31) [83]  (0.880 ns)
	blocking operation 0.387 ns on control path)

 <State 8>: 2.431ns
The critical path consists of the following:
	bus request operation ('empty_30', ../src/kernel.cpp:33) on port 'gmem0' (../src/kernel.cpp:33) [88]  (2.431 ns)

 <State 9>: 2.431ns
The critical path consists of the following:
	bus request operation ('empty_30', ../src/kernel.cpp:33) on port 'gmem0' (../src/kernel.cpp:33) [88]  (2.431 ns)

 <State 10>: 2.431ns
The critical path consists of the following:
	bus request operation ('empty_30', ../src/kernel.cpp:33) on port 'gmem0' (../src/kernel.cpp:33) [88]  (2.431 ns)

 <State 11>: 2.431ns
The critical path consists of the following:
	bus request operation ('empty_30', ../src/kernel.cpp:33) on port 'gmem0' (../src/kernel.cpp:33) [88]  (2.431 ns)

 <State 12>: 2.431ns
The critical path consists of the following:
	bus request operation ('empty_30', ../src/kernel.cpp:33) on port 'gmem0' (../src/kernel.cpp:33) [88]  (2.431 ns)

 <State 13>: 2.431ns
The critical path consists of the following:
	bus request operation ('empty_30', ../src/kernel.cpp:33) on port 'gmem0' (../src/kernel.cpp:33) [88]  (2.431 ns)

 <State 14>: 2.431ns
The critical path consists of the following:
	bus request operation ('empty_30', ../src/kernel.cpp:33) on port 'gmem0' (../src/kernel.cpp:33) [88]  (2.431 ns)

 <State 15>: 2.431ns
The critical path consists of the following:
	bus request operation ('empty_30', ../src/kernel.cpp:33) on port 'gmem0' (../src/kernel.cpp:33) [88]  (2.431 ns)

 <State 16>: 2.431ns
The critical path consists of the following:
	bus request operation ('empty_30', ../src/kernel.cpp:33) on port 'gmem0' (../src/kernel.cpp:33) [88]  (2.431 ns)

 <State 17>: 2.431ns
The critical path consists of the following:
	bus request operation ('empty_30', ../src/kernel.cpp:33) on port 'gmem0' (../src/kernel.cpp:33) [88]  (2.431 ns)

 <State 18>: 2.431ns
The critical path consists of the following:
	bus request operation ('empty_30', ../src/kernel.cpp:33) on port 'gmem0' (../src/kernel.cpp:33) [88]  (2.431 ns)

 <State 19>: 2.431ns
The critical path consists of the following:
	bus request operation ('empty_30', ../src/kernel.cpp:33) on port 'gmem0' (../src/kernel.cpp:33) [88]  (2.431 ns)

 <State 20>: 2.431ns
The critical path consists of the following:
	bus request operation ('empty_30', ../src/kernel.cpp:33) on port 'gmem0' (../src/kernel.cpp:33) [88]  (2.431 ns)

 <State 21>: 2.431ns
The critical path consists of the following:
	bus request operation ('empty_30', ../src/kernel.cpp:33) on port 'gmem0' (../src/kernel.cpp:33) [88]  (2.431 ns)

 <State 22>: 2.431ns
The critical path consists of the following:
	bus request operation ('empty_30', ../src/kernel.cpp:33) on port 'gmem0' (../src/kernel.cpp:33) [88]  (2.431 ns)

 <State 23>: 2.431ns
The critical path consists of the following:
	bus request operation ('empty_30', ../src/kernel.cpp:33) on port 'gmem0' (../src/kernel.cpp:33) [88]  (2.431 ns)

 <State 24>: 2.431ns
The critical path consists of the following:
	bus request operation ('empty_30', ../src/kernel.cpp:33) on port 'gmem0' (../src/kernel.cpp:33) [88]  (2.431 ns)

 <State 25>: 2.431ns
The critical path consists of the following:
	bus request operation ('empty_30', ../src/kernel.cpp:33) on port 'gmem0' (../src/kernel.cpp:33) [88]  (2.431 ns)

 <State 26>: 2.431ns
The critical path consists of the following:
	bus request operation ('empty_30', ../src/kernel.cpp:33) on port 'gmem0' (../src/kernel.cpp:33) [88]  (2.431 ns)

 <State 27>: 2.431ns
The critical path consists of the following:
	bus request operation ('empty_30', ../src/kernel.cpp:33) on port 'gmem0' (../src/kernel.cpp:33) [88]  (2.431 ns)

 <State 28>: 2.431ns
The critical path consists of the following:
	bus request operation ('empty_30', ../src/kernel.cpp:33) on port 'gmem0' (../src/kernel.cpp:33) [88]  (2.431 ns)

 <State 29>: 2.431ns
The critical path consists of the following:
	bus request operation ('empty_30', ../src/kernel.cpp:33) on port 'gmem0' (../src/kernel.cpp:33) [88]  (2.431 ns)

 <State 30>: 2.431ns
The critical path consists of the following:
	bus request operation ('empty_30', ../src/kernel.cpp:33) on port 'gmem0' (../src/kernel.cpp:33) [88]  (2.431 ns)

 <State 31>: 2.431ns
The critical path consists of the following:
	bus request operation ('empty_30', ../src/kernel.cpp:33) on port 'gmem0' (../src/kernel.cpp:33) [88]  (2.431 ns)

 <State 32>: 2.431ns
The critical path consists of the following:
	bus request operation ('empty_30', ../src/kernel.cpp:33) on port 'gmem0' (../src/kernel.cpp:33) [88]  (2.431 ns)

 <State 33>: 2.431ns
The critical path consists of the following:
	bus request operation ('empty_30', ../src/kernel.cpp:33) on port 'gmem0' (../src/kernel.cpp:33) [88]  (2.431 ns)

 <State 34>: 2.431ns
The critical path consists of the following:
	bus request operation ('empty_30', ../src/kernel.cpp:33) on port 'gmem0' (../src/kernel.cpp:33) [88]  (2.431 ns)

 <State 35>: 2.431ns
The critical path consists of the following:
	bus request operation ('empty_30', ../src/kernel.cpp:33) on port 'gmem0' (../src/kernel.cpp:33) [88]  (2.431 ns)

 <State 36>: 2.431ns
The critical path consists of the following:
	bus request operation ('empty_30', ../src/kernel.cpp:33) on port 'gmem0' (../src/kernel.cpp:33) [88]  (2.431 ns)

 <State 37>: 2.431ns
The critical path consists of the following:
	bus request operation ('empty_30', ../src/kernel.cpp:33) on port 'gmem0' (../src/kernel.cpp:33) [88]  (2.431 ns)

 <State 38>: 2.431ns
The critical path consists of the following:
	bus request operation ('empty_30', ../src/kernel.cpp:33) on port 'gmem0' (../src/kernel.cpp:33) [88]  (2.431 ns)

 <State 39>: 2.431ns
The critical path consists of the following:
	bus request operation ('empty_30', ../src/kernel.cpp:33) on port 'gmem0' (../src/kernel.cpp:33) [88]  (2.431 ns)

 <State 40>: 2.431ns
The critical path consists of the following:
	bus request operation ('empty_30', ../src/kernel.cpp:33) on port 'gmem0' (../src/kernel.cpp:33) [88]  (2.431 ns)

 <State 41>: 2.431ns
The critical path consists of the following:
	bus request operation ('empty_30', ../src/kernel.cpp:33) on port 'gmem0' (../src/kernel.cpp:33) [88]  (2.431 ns)

 <State 42>: 2.431ns
The critical path consists of the following:
	bus request operation ('empty_30', ../src/kernel.cpp:33) on port 'gmem0' (../src/kernel.cpp:33) [88]  (2.431 ns)

 <State 43>: 2.431ns
The critical path consists of the following:
	bus request operation ('empty_30', ../src/kernel.cpp:33) on port 'gmem0' (../src/kernel.cpp:33) [88]  (2.431 ns)

 <State 44>: 2.431ns
The critical path consists of the following:
	bus request operation ('empty_30', ../src/kernel.cpp:33) on port 'gmem0' (../src/kernel.cpp:33) [88]  (2.431 ns)

 <State 45>: 2.431ns
The critical path consists of the following:
	bus request operation ('empty_30', ../src/kernel.cpp:33) on port 'gmem0' (../src/kernel.cpp:33) [88]  (2.431 ns)

 <State 46>: 2.431ns
The critical path consists of the following:
	bus request operation ('empty_30', ../src/kernel.cpp:33) on port 'gmem0' (../src/kernel.cpp:33) [88]  (2.431 ns)

 <State 47>: 2.431ns
The critical path consists of the following:
	bus request operation ('empty_30', ../src/kernel.cpp:33) on port 'gmem0' (../src/kernel.cpp:33) [88]  (2.431 ns)

 <State 48>: 2.431ns
The critical path consists of the following:
	bus request operation ('empty_30', ../src/kernel.cpp:33) on port 'gmem0' (../src/kernel.cpp:33) [88]  (2.431 ns)

 <State 49>: 2.431ns
The critical path consists of the following:
	bus request operation ('empty_30', ../src/kernel.cpp:33) on port 'gmem0' (../src/kernel.cpp:33) [88]  (2.431 ns)

 <State 50>: 2.431ns
The critical path consists of the following:
	bus request operation ('empty_30', ../src/kernel.cpp:33) on port 'gmem0' (../src/kernel.cpp:33) [88]  (2.431 ns)

 <State 51>: 2.431ns
The critical path consists of the following:
	bus request operation ('empty_30', ../src/kernel.cpp:33) on port 'gmem0' (../src/kernel.cpp:33) [88]  (2.431 ns)

 <State 52>: 2.431ns
The critical path consists of the following:
	bus request operation ('empty_30', ../src/kernel.cpp:33) on port 'gmem0' (../src/kernel.cpp:33) [88]  (2.431 ns)

 <State 53>: 2.431ns
The critical path consists of the following:
	bus request operation ('empty_30', ../src/kernel.cpp:33) on port 'gmem0' (../src/kernel.cpp:33) [88]  (2.431 ns)

 <State 54>: 2.431ns
The critical path consists of the following:
	bus request operation ('empty_30', ../src/kernel.cpp:33) on port 'gmem0' (../src/kernel.cpp:33) [88]  (2.431 ns)

 <State 55>: 2.431ns
The critical path consists of the following:
	bus request operation ('empty_30', ../src/kernel.cpp:33) on port 'gmem0' (../src/kernel.cpp:33) [88]  (2.431 ns)

 <State 56>: 2.431ns
The critical path consists of the following:
	bus request operation ('empty_30', ../src/kernel.cpp:33) on port 'gmem0' (../src/kernel.cpp:33) [88]  (2.431 ns)

 <State 57>: 2.431ns
The critical path consists of the following:
	bus request operation ('empty_30', ../src/kernel.cpp:33) on port 'gmem0' (../src/kernel.cpp:33) [88]  (2.431 ns)

 <State 58>: 2.431ns
The critical path consists of the following:
	bus request operation ('empty_30', ../src/kernel.cpp:33) on port 'gmem0' (../src/kernel.cpp:33) [88]  (2.431 ns)

 <State 59>: 2.431ns
The critical path consists of the following:
	bus request operation ('empty_30', ../src/kernel.cpp:33) on port 'gmem0' (../src/kernel.cpp:33) [88]  (2.431 ns)

 <State 60>: 2.431ns
The critical path consists of the following:
	bus request operation ('empty_30', ../src/kernel.cpp:33) on port 'gmem0' (../src/kernel.cpp:33) [88]  (2.431 ns)

 <State 61>: 2.431ns
The critical path consists of the following:
	bus request operation ('empty_30', ../src/kernel.cpp:33) on port 'gmem0' (../src/kernel.cpp:33) [88]  (2.431 ns)

 <State 62>: 2.431ns
The critical path consists of the following:
	bus request operation ('empty_30', ../src/kernel.cpp:33) on port 'gmem0' (../src/kernel.cpp:33) [88]  (2.431 ns)

 <State 63>: 2.431ns
The critical path consists of the following:
	bus request operation ('empty_30', ../src/kernel.cpp:33) on port 'gmem0' (../src/kernel.cpp:33) [88]  (2.431 ns)

 <State 64>: 2.431ns
The critical path consists of the following:
	bus request operation ('empty_30', ../src/kernel.cpp:33) on port 'gmem0' (../src/kernel.cpp:33) [88]  (2.431 ns)

 <State 65>: 2.431ns
The critical path consists of the following:
	bus request operation ('empty_30', ../src/kernel.cpp:33) on port 'gmem0' (../src/kernel.cpp:33) [88]  (2.431 ns)

 <State 66>: 2.431ns
The critical path consists of the following:
	bus request operation ('empty_30', ../src/kernel.cpp:33) on port 'gmem0' (../src/kernel.cpp:33) [88]  (2.431 ns)

 <State 67>: 2.431ns
The critical path consists of the following:
	bus request operation ('empty_30', ../src/kernel.cpp:33) on port 'gmem0' (../src/kernel.cpp:33) [88]  (2.431 ns)

 <State 68>: 2.431ns
The critical path consists of the following:
	bus request operation ('empty_30', ../src/kernel.cpp:33) on port 'gmem0' (../src/kernel.cpp:33) [88]  (2.431 ns)

 <State 69>: 2.431ns
The critical path consists of the following:
	bus request operation ('empty_30', ../src/kernel.cpp:33) on port 'gmem0' (../src/kernel.cpp:33) [88]  (2.431 ns)

 <State 70>: 2.431ns
The critical path consists of the following:
	bus request operation ('empty_30', ../src/kernel.cpp:33) on port 'gmem0' (../src/kernel.cpp:33) [88]  (2.431 ns)

 <State 71>: 2.431ns
The critical path consists of the following:
	bus request operation ('empty_30', ../src/kernel.cpp:33) on port 'gmem0' (../src/kernel.cpp:33) [88]  (2.431 ns)

 <State 72>: 2.431ns
The critical path consists of the following:
	bus request operation ('empty_30', ../src/kernel.cpp:33) on port 'gmem0' (../src/kernel.cpp:33) [88]  (2.431 ns)

 <State 73>: 2.431ns
The critical path consists of the following:
	bus request operation ('empty_30', ../src/kernel.cpp:33) on port 'gmem0' (../src/kernel.cpp:33) [88]  (2.431 ns)

 <State 74>: 2.431ns
The critical path consists of the following:
	bus request operation ('empty_30', ../src/kernel.cpp:33) on port 'gmem0' (../src/kernel.cpp:33) [88]  (2.431 ns)

 <State 75>: 2.431ns
The critical path consists of the following:
	bus request operation ('empty_30', ../src/kernel.cpp:33) on port 'gmem0' (../src/kernel.cpp:33) [88]  (2.431 ns)

 <State 76>: 2.431ns
The critical path consists of the following:
	bus request operation ('empty_30', ../src/kernel.cpp:33) on port 'gmem0' (../src/kernel.cpp:33) [88]  (2.431 ns)

 <State 77>: 2.431ns
The critical path consists of the following:
	bus request operation ('empty_30', ../src/kernel.cpp:33) on port 'gmem0' (../src/kernel.cpp:33) [88]  (2.431 ns)

 <State 78>: 2.431ns
The critical path consists of the following:
	bus request operation ('empty_30', ../src/kernel.cpp:33) on port 'gmem0' (../src/kernel.cpp:33) [88]  (2.431 ns)

 <State 79>: 1.267ns
The critical path consists of the following:
	'call' operation 0 bit ('call_ln30', ../src/kernel.cpp:30) to 'gemm_Pipeline_VITIS_LOOP_33_3' [89]  (1.267 ns)

 <State 80>: 0.000ns
The critical path consists of the following:

 <State 81>: 2.431ns
The critical path consists of the following:
	'load' operation 32 bit ('acc_loc_load') on local variable 'acc_loc' [90]  (0.000 ns)
	bus write operation ('write_ln35', ../src/kernel.cpp:35) on port 'gmem2' (../src/kernel.cpp:35) [92]  (2.431 ns)

 <State 82>: 2.431ns
The critical path consists of the following:
	bus response operation ('empty_31', ../src/kernel.cpp:37) on port 'gmem2' (../src/kernel.cpp:37) [99]  (2.431 ns)

 <State 83>: 2.431ns
The critical path consists of the following:
	bus response operation ('empty_31', ../src/kernel.cpp:37) on port 'gmem2' (../src/kernel.cpp:37) [99]  (2.431 ns)

 <State 84>: 2.431ns
The critical path consists of the following:
	bus response operation ('empty_31', ../src/kernel.cpp:37) on port 'gmem2' (../src/kernel.cpp:37) [99]  (2.431 ns)

 <State 85>: 2.431ns
The critical path consists of the following:
	bus response operation ('empty_31', ../src/kernel.cpp:37) on port 'gmem2' (../src/kernel.cpp:37) [99]  (2.431 ns)

 <State 86>: 2.431ns
The critical path consists of the following:
	bus response operation ('empty_31', ../src/kernel.cpp:37) on port 'gmem2' (../src/kernel.cpp:37) [99]  (2.431 ns)

 <State 87>: 2.431ns
The critical path consists of the following:
	bus response operation ('empty_31', ../src/kernel.cpp:37) on port 'gmem2' (../src/kernel.cpp:37) [99]  (2.431 ns)

 <State 88>: 2.431ns
The critical path consists of the following:
	bus response operation ('empty_31', ../src/kernel.cpp:37) on port 'gmem2' (../src/kernel.cpp:37) [99]  (2.431 ns)

 <State 89>: 2.431ns
The critical path consists of the following:
	bus response operation ('empty_31', ../src/kernel.cpp:37) on port 'gmem2' (../src/kernel.cpp:37) [99]  (2.431 ns)

 <State 90>: 2.431ns
The critical path consists of the following:
	bus response operation ('empty_31', ../src/kernel.cpp:37) on port 'gmem2' (../src/kernel.cpp:37) [99]  (2.431 ns)

 <State 91>: 2.431ns
The critical path consists of the following:
	bus response operation ('empty_31', ../src/kernel.cpp:37) on port 'gmem2' (../src/kernel.cpp:37) [99]  (2.431 ns)

 <State 92>: 2.431ns
The critical path consists of the following:
	bus response operation ('empty_31', ../src/kernel.cpp:37) on port 'gmem2' (../src/kernel.cpp:37) [99]  (2.431 ns)

 <State 93>: 2.431ns
The critical path consists of the following:
	bus response operation ('empty_31', ../src/kernel.cpp:37) on port 'gmem2' (../src/kernel.cpp:37) [99]  (2.431 ns)

 <State 94>: 2.431ns
The critical path consists of the following:
	bus response operation ('empty_31', ../src/kernel.cpp:37) on port 'gmem2' (../src/kernel.cpp:37) [99]  (2.431 ns)

 <State 95>: 2.431ns
The critical path consists of the following:
	bus response operation ('empty_31', ../src/kernel.cpp:37) on port 'gmem2' (../src/kernel.cpp:37) [99]  (2.431 ns)

 <State 96>: 2.431ns
The critical path consists of the following:
	bus response operation ('empty_31', ../src/kernel.cpp:37) on port 'gmem2' (../src/kernel.cpp:37) [99]  (2.431 ns)

 <State 97>: 2.431ns
The critical path consists of the following:
	bus response operation ('empty_31', ../src/kernel.cpp:37) on port 'gmem2' (../src/kernel.cpp:37) [99]  (2.431 ns)

 <State 98>: 2.431ns
The critical path consists of the following:
	bus response operation ('empty_31', ../src/kernel.cpp:37) on port 'gmem2' (../src/kernel.cpp:37) [99]  (2.431 ns)

 <State 99>: 2.431ns
The critical path consists of the following:
	bus response operation ('empty_31', ../src/kernel.cpp:37) on port 'gmem2' (../src/kernel.cpp:37) [99]  (2.431 ns)

 <State 100>: 2.431ns
The critical path consists of the following:
	bus response operation ('empty_31', ../src/kernel.cpp:37) on port 'gmem2' (../src/kernel.cpp:37) [99]  (2.431 ns)

 <State 101>: 2.431ns
The critical path consists of the following:
	bus response operation ('empty_31', ../src/kernel.cpp:37) on port 'gmem2' (../src/kernel.cpp:37) [99]  (2.431 ns)

 <State 102>: 2.431ns
The critical path consists of the following:
	bus response operation ('empty_31', ../src/kernel.cpp:37) on port 'gmem2' (../src/kernel.cpp:37) [99]  (2.431 ns)

 <State 103>: 2.431ns
The critical path consists of the following:
	bus response operation ('empty_31', ../src/kernel.cpp:37) on port 'gmem2' (../src/kernel.cpp:37) [99]  (2.431 ns)

 <State 104>: 2.431ns
The critical path consists of the following:
	bus response operation ('empty_31', ../src/kernel.cpp:37) on port 'gmem2' (../src/kernel.cpp:37) [99]  (2.431 ns)

 <State 105>: 2.431ns
The critical path consists of the following:
	bus response operation ('empty_31', ../src/kernel.cpp:37) on port 'gmem2' (../src/kernel.cpp:37) [99]  (2.431 ns)

 <State 106>: 2.431ns
The critical path consists of the following:
	bus response operation ('empty_31', ../src/kernel.cpp:37) on port 'gmem2' (../src/kernel.cpp:37) [99]  (2.431 ns)

 <State 107>: 2.431ns
The critical path consists of the following:
	bus response operation ('empty_31', ../src/kernel.cpp:37) on port 'gmem2' (../src/kernel.cpp:37) [99]  (2.431 ns)

 <State 108>: 2.431ns
The critical path consists of the following:
	bus response operation ('empty_31', ../src/kernel.cpp:37) on port 'gmem2' (../src/kernel.cpp:37) [99]  (2.431 ns)

 <State 109>: 2.431ns
The critical path consists of the following:
	bus response operation ('empty_31', ../src/kernel.cpp:37) on port 'gmem2' (../src/kernel.cpp:37) [99]  (2.431 ns)

 <State 110>: 2.431ns
The critical path consists of the following:
	bus response operation ('empty_31', ../src/kernel.cpp:37) on port 'gmem2' (../src/kernel.cpp:37) [99]  (2.431 ns)

 <State 111>: 2.431ns
The critical path consists of the following:
	bus response operation ('empty_31', ../src/kernel.cpp:37) on port 'gmem2' (../src/kernel.cpp:37) [99]  (2.431 ns)

 <State 112>: 2.431ns
The critical path consists of the following:
	bus response operation ('empty_31', ../src/kernel.cpp:37) on port 'gmem2' (../src/kernel.cpp:37) [99]  (2.431 ns)

 <State 113>: 2.431ns
The critical path consists of the following:
	bus response operation ('empty_31', ../src/kernel.cpp:37) on port 'gmem2' (../src/kernel.cpp:37) [99]  (2.431 ns)

 <State 114>: 2.431ns
The critical path consists of the following:
	bus response operation ('empty_31', ../src/kernel.cpp:37) on port 'gmem2' (../src/kernel.cpp:37) [99]  (2.431 ns)

 <State 115>: 2.431ns
The critical path consists of the following:
	bus response operation ('empty_31', ../src/kernel.cpp:37) on port 'gmem2' (../src/kernel.cpp:37) [99]  (2.431 ns)

 <State 116>: 2.431ns
The critical path consists of the following:
	bus response operation ('empty_31', ../src/kernel.cpp:37) on port 'gmem2' (../src/kernel.cpp:37) [99]  (2.431 ns)

 <State 117>: 2.431ns
The critical path consists of the following:
	bus response operation ('empty_31', ../src/kernel.cpp:37) on port 'gmem2' (../src/kernel.cpp:37) [99]  (2.431 ns)

 <State 118>: 2.431ns
The critical path consists of the following:
	bus response operation ('empty_31', ../src/kernel.cpp:37) on port 'gmem2' (../src/kernel.cpp:37) [99]  (2.431 ns)

 <State 119>: 2.431ns
The critical path consists of the following:
	bus response operation ('empty_31', ../src/kernel.cpp:37) on port 'gmem2' (../src/kernel.cpp:37) [99]  (2.431 ns)

 <State 120>: 2.431ns
The critical path consists of the following:
	bus response operation ('empty_31', ../src/kernel.cpp:37) on port 'gmem2' (../src/kernel.cpp:37) [99]  (2.431 ns)

 <State 121>: 2.431ns
The critical path consists of the following:
	bus response operation ('empty_31', ../src/kernel.cpp:37) on port 'gmem2' (../src/kernel.cpp:37) [99]  (2.431 ns)

 <State 122>: 2.431ns
The critical path consists of the following:
	bus response operation ('empty_31', ../src/kernel.cpp:37) on port 'gmem2' (../src/kernel.cpp:37) [99]  (2.431 ns)

 <State 123>: 2.431ns
The critical path consists of the following:
	bus response operation ('empty_31', ../src/kernel.cpp:37) on port 'gmem2' (../src/kernel.cpp:37) [99]  (2.431 ns)

 <State 124>: 2.431ns
The critical path consists of the following:
	bus response operation ('empty_31', ../src/kernel.cpp:37) on port 'gmem2' (../src/kernel.cpp:37) [99]  (2.431 ns)

 <State 125>: 2.431ns
The critical path consists of the following:
	bus response operation ('empty_31', ../src/kernel.cpp:37) on port 'gmem2' (../src/kernel.cpp:37) [99]  (2.431 ns)

 <State 126>: 2.431ns
The critical path consists of the following:
	bus response operation ('empty_31', ../src/kernel.cpp:37) on port 'gmem2' (../src/kernel.cpp:37) [99]  (2.431 ns)

 <State 127>: 2.431ns
The critical path consists of the following:
	bus response operation ('empty_31', ../src/kernel.cpp:37) on port 'gmem2' (../src/kernel.cpp:37) [99]  (2.431 ns)

 <State 128>: 2.431ns
The critical path consists of the following:
	bus response operation ('empty_31', ../src/kernel.cpp:37) on port 'gmem2' (../src/kernel.cpp:37) [99]  (2.431 ns)

 <State 129>: 2.431ns
The critical path consists of the following:
	bus response operation ('empty_31', ../src/kernel.cpp:37) on port 'gmem2' (../src/kernel.cpp:37) [99]  (2.431 ns)

 <State 130>: 2.431ns
The critical path consists of the following:
	bus response operation ('empty_31', ../src/kernel.cpp:37) on port 'gmem2' (../src/kernel.cpp:37) [99]  (2.431 ns)

 <State 131>: 2.431ns
The critical path consists of the following:
	bus response operation ('empty_31', ../src/kernel.cpp:37) on port 'gmem2' (../src/kernel.cpp:37) [99]  (2.431 ns)

 <State 132>: 2.431ns
The critical path consists of the following:
	bus response operation ('empty_31', ../src/kernel.cpp:37) on port 'gmem2' (../src/kernel.cpp:37) [99]  (2.431 ns)

 <State 133>: 2.431ns
The critical path consists of the following:
	bus response operation ('empty_31', ../src/kernel.cpp:37) on port 'gmem2' (../src/kernel.cpp:37) [99]  (2.431 ns)

 <State 134>: 2.431ns
The critical path consists of the following:
	bus response operation ('empty_31', ../src/kernel.cpp:37) on port 'gmem2' (../src/kernel.cpp:37) [99]  (2.431 ns)

 <State 135>: 2.431ns
The critical path consists of the following:
	bus response operation ('empty_31', ../src/kernel.cpp:37) on port 'gmem2' (../src/kernel.cpp:37) [99]  (2.431 ns)

 <State 136>: 2.431ns
The critical path consists of the following:
	bus response operation ('empty_31', ../src/kernel.cpp:37) on port 'gmem2' (../src/kernel.cpp:37) [99]  (2.431 ns)

 <State 137>: 2.431ns
The critical path consists of the following:
	bus response operation ('empty_31', ../src/kernel.cpp:37) on port 'gmem2' (../src/kernel.cpp:37) [99]  (2.431 ns)

 <State 138>: 2.431ns
The critical path consists of the following:
	bus response operation ('empty_31', ../src/kernel.cpp:37) on port 'gmem2' (../src/kernel.cpp:37) [99]  (2.431 ns)

 <State 139>: 2.431ns
The critical path consists of the following:
	bus response operation ('empty_31', ../src/kernel.cpp:37) on port 'gmem2' (../src/kernel.cpp:37) [99]  (2.431 ns)

 <State 140>: 2.431ns
The critical path consists of the following:
	bus response operation ('empty_31', ../src/kernel.cpp:37) on port 'gmem2' (../src/kernel.cpp:37) [99]  (2.431 ns)

 <State 141>: 2.431ns
The critical path consists of the following:
	bus response operation ('empty_31', ../src/kernel.cpp:37) on port 'gmem2' (../src/kernel.cpp:37) [99]  (2.431 ns)

 <State 142>: 2.431ns
The critical path consists of the following:
	bus response operation ('empty_31', ../src/kernel.cpp:37) on port 'gmem2' (../src/kernel.cpp:37) [99]  (2.431 ns)

 <State 143>: 2.431ns
The critical path consists of the following:
	bus response operation ('empty_31', ../src/kernel.cpp:37) on port 'gmem2' (../src/kernel.cpp:37) [99]  (2.431 ns)

 <State 144>: 2.431ns
The critical path consists of the following:
	bus response operation ('empty_31', ../src/kernel.cpp:37) on port 'gmem2' (../src/kernel.cpp:37) [99]  (2.431 ns)

 <State 145>: 2.431ns
The critical path consists of the following:
	bus response operation ('empty_31', ../src/kernel.cpp:37) on port 'gmem2' (../src/kernel.cpp:37) [99]  (2.431 ns)

 <State 146>: 2.431ns
The critical path consists of the following:
	bus response operation ('empty_31', ../src/kernel.cpp:37) on port 'gmem2' (../src/kernel.cpp:37) [99]  (2.431 ns)

 <State 147>: 2.431ns
The critical path consists of the following:
	bus response operation ('empty_31', ../src/kernel.cpp:37) on port 'gmem2' (../src/kernel.cpp:37) [99]  (2.431 ns)

 <State 148>: 2.431ns
The critical path consists of the following:
	bus response operation ('empty_31', ../src/kernel.cpp:37) on port 'gmem2' (../src/kernel.cpp:37) [99]  (2.431 ns)

 <State 149>: 2.431ns
The critical path consists of the following:
	bus response operation ('empty_31', ../src/kernel.cpp:37) on port 'gmem2' (../src/kernel.cpp:37) [99]  (2.431 ns)


============================================================
+ Verbose Summary: Binding
============================================================
N/A
* FSMD analyzer results:
  - Output states:
 - Input state : 
  - Chain level:
	State 1
	State 2
	State 3
	State 4
	State 5
	State 6
	State 7
	State 8
	State 9
	State 10
	State 11
	State 12
	State 13
	State 14
	State 15
	State 16
	State 17
	State 18
	State 19
	State 20
	State 21
	State 22
	State 23
	State 24
	State 25
	State 26
	State 27
	State 28
	State 29
	State 30
	State 31
	State 32
	State 33
	State 34
	State 35
	State 36
	State 37
	State 38
	State 39
	State 40
	State 41
	State 42
	State 43
	State 44
	State 45
	State 46
	State 47
	State 48
	State 49
	State 50
	State 51
	State 52
	State 53
	State 54
	State 55
	State 56
	State 57
	State 58
	State 59
	State 60
	State 61
	State 62
	State 63
	State 64
	State 65
	State 66
	State 67
	State 68
	State 69
	State 70
	State 71
	State 72
	State 73
	State 74
	State 75
	State 76
	State 77
	State 78
	State 79
	State 80
	State 81
	State 82
	State 83
	State 84
	State 85
	State 86
	State 87
	State 88
	State 89
	State 90
	State 91
	State 92
	State 93
	State 94
	State 95
	State 96
	State 97
	State 98
	State 99
	State 100
	State 101
	State 102
	State 103
	State 104
	State 105
	State 106
	State 107
	State 108
	State 109
	State 110
	State 111
	State 112
	State 113
	State 114
	State 115
	State 116
	State 117
	State 118
	State 119
	State 120
	State 121
	State 122
	State 123
	State 124
	State 125
	State 126
	State 127
	State 128
	State 129
	State 130
	State 131
	State 132
	State 133
	State 134
	State 135
	State 136
	State 137
	State 138
	State 139
	State 140
	State 141
	State 142
	State 143
	State 144
	State 145
	State 146
	State 147
	State 148
	State 149


============================================================
+ Verbose Summary: Datapath Resource usage 
============================================================
N/A
